Workbook

Sheet Planimetría & Nota de Ped.
B1: Fecha: | F1: Cotado Por:
B2: Listado Cartones Loekemeyer | I2: Stocks | L2: Pedido
B3: Tipo | C3: Ubic | D3: COD. | E3: Lin. | F3: Cartón | G3: ART. | H3: Vta. 2017 | I3: Stock Max | J3: Stock Min | K3: Stock Real | L3: Ped. | M3: Ped Correg
B4: Bolsa | C4: A2 | D4: 031D | E4: Lk | F4: Bolsa | G4: Filtro De Cafe | H4: 12813.714 | I4: =+J4*2 -> 25627.429 | J4: =+H4 -> 12813.714
C5: A2 | D5: 034D | E5: Lk | F5: Bolsa | G5: Filtro De Cafe Gastronomico | H5: 970.28571 | I5: =+J5*2 -> 1940.5714 | J5: =+H5 -> 970.28571
C6: A2 | D6: 516S | E6: Lk | F6: Bolsa | G6: Destapacorona Suelto | H6: 305 | I6: =+J6*2 -> 610 | J6: =+H6 -> 305
C7: A2 | D7: 35 | E7: P.P | F7: Bolsa | G7: Filtro De Cafe | H7: 1356 | I7: =+J7*2 -> 2712 | J7: =+H7 -> 1356
B8: Linea Lkmeyer / Aro | C8: B1 | D8: 324D | E8: Lk | F8: Pliegos Utensilios | G8: Pinche De Choclo X4 | H8: 42
C9: B1 | D9: 322D | E9: Lk | F9: Pliegos Utensilios | G9: Tenedor De Copetin X6 Unid | H9: 130.28571
C10: B1 | E10: Lk | F10: Pliegos Utensilios | H10: =SUM(H8:H9) -> 172.28571 | I10: =+J10*2 -> 344.57143 | J10: =+H10 -> 172.28571
C11: B1 | D11: 552D | E11: Lk | F11: Pliegos x 16 | G11: Bombilla Sup Niq Larga Recta | H11: 258
C12: B1 | D12: 553D | E12: Lk | F12: Pliegos x 16 | G12: Bombilla Super Niq Larga Curva | H12: 244
C13: B1 | D13: 554D | E13: Lk | F13: Pliegos x 16 | G13: Cucharita Matera | H13: 243.42857
C14: B1 | D14: 555D | E14: Lk | F14: Pliegos x 16 | G14: Cepillo Limpia Bombilla | H14: 1163.4286
C15: B1 | D15: 557D | E15: Lk | F15: Pliegos x 16 | G15: Bombilla Resorte Chata | H15: 230.85714
C16: B1 | D16: 558D | E16: Lk | F16: Pliegos x 16 | G16: Bombilla Resorte Tradicio | H16: 208
C17: B1 | D17: 654D | E17: Lk | F17: Pliegos x 16 | G17: Bombilla Autolimpiante Inox | H17: 788.57143
C18: B1 | D18: 657D | E18: Lk | F18: Pliegos x 16 | G18: Bombilla Autolimpiante Niq | H18: 526.28571
C19: B1 | D19: 658D | E19: Lk | F19: Pliegos x 16 | G19: Bombilla Basica Larga Recta | H19: 126.85714
C20: B1 | D20: 659D | E20: Lk | F20: Pliegos x 16 | G20: Bombilla Basica Larga Curva | H20: 248
C21: B1 | D21: 573D | E21: Lk | F21: Pliegos x 16 | G21: Bombilla Colores Metaliza | H21: 277.71429
C22: B1 | E22: Lk | F22: Pliegos x 16 | H22: =SUM(H11:H21) -> 4315.1429 | I22: =+J22*2 -> 8630.2857 | J22: =+H22 -> 4315.1429
C23: B2 | D23: 506D | E23: Lk | F23: Pliego Uña x 12 | G23: Abrelatas Uña | H23: 22355.286 | I23: =+H23 -> 22355.286 | J23: =+I23/2 -> 11177.643
C24: B3 | D24: 537D | E24: Lk | F24: Carton Propio | G24: Pela Y Pica Ajo De Acero | H24: 385.71429 | I24: =+J24*2 -> 771.42857 | J24: =+H24 -> 385.71429
C25: B3 | D25: 542D | E25: Lk | F25: Carton Propio | G25: Ahueca Papas | H25: 462.85714 | I25: =+J25*2 -> 925.71429 | J25: =+H25 -> 462.85714
C26: B3 | D26: 543D | E26: Lk | F26: Cart Prop. | G26: Ahueca Frutas | H26: 368.57143 | I26: =+J26*2 -> 737.14286 | J26: =+H26 -> 368.57143
C27: B4 | D27: 029D | E27: Lk | F27: Corbata Propia | G27: Colador N°16 | H27: 1107.7143 | I27: =+J27*2 -> 2215.4286 | J27: =+H27 -> 1107.7143
C28: B4 | D28: 315D | E28: Lk | F28: Corb. Prop | G28: Pisa Papas Inox | H28: 1563.4286 | I28: =+J28*2 -> 3126.8571 | J28: =+H28 -> 1563.4286
C29: B4 | D29: 325D | E29: Lk | F29: Corb. Prop | G29: Espat. Repost Plast 1 Pza. | H29: 3252 | I29: =+J29*2 -> 6504 | J29: =+H29 -> 3252
C30: B4 | D30: 333D | E30: Lk | F30: Corbata Propia | G30: Espumadera Ac.Inox. | H30: 594.85714 | I30: =+J30*2 -> 1189.7143 | J30: =+H30 -> 594.85714
C31: B5 | D31: 230D | E31: Lk | F31: Bandita | G31: Palo De Amasar 30 Cm
C32: B5 | D32: 231D | E32: Lk | F32: Bandita | G32: Palo De Amasar 40 Cm
C33: B5 | D33: 233D | E33: Lk | F33: Bandita | G33: Palo De Amasar 50 Cm
C34: B5 | D34: 246D | E34: Lk | F34: Bandita | G34: Prensa Matambre | H34: 103.71429
C35: B5 | D35: 247D | E35: Lk | F35: Bandita | G35: Plato De Picada P.P 21 Cm | H35: 51
C36: B5 | D36: 323D | E36: Lk | F36: Bandita | G36: Rallador Cilindrico Chico | H36: 958.28571
C37: B5 | D37: 328D | E37: Lk | F37: Bandita | G37: Rallador 3 Usos Marco Plast | H37: 1150.2857
C38: B5 | D38: 329D | E38: Lk | F38: Bandita | G38: Rallador Queso Marco Plast | H38: 82.285714
C39: B5 | D39: 695D | E39: Lk | F39: Bandita | G39: Posa Pava Alambre | H39: 0
C40: B5 | D40: 36 | E40: P.P | F40: Bandita | G40: Rallador Cilindrico | H40: 384
C41: B5 | E41: Lk | F41: Bandita | H41: =SUM(H31:H40) -> 2729.5714 | I41: =+J41*2 -> 5459.1429 | J41: =+H41 -> 2729.5714
C42: B5 | D42: 030D | E42: Lk | F42: Corb. Prop | G42: Colador N°20 | H42: 2828.5714 | I42: =+J42*2 -> 5657.1429 | J42: =+H42 -> 2828.5714
C43: C1 | D43: 059D | E43: Lk | F43: Carton Cod. 519D | G43: Cuchillito De Untar Plast | H43: 209.14286 | I43: =+J43*2 -> 418.28571 | J43: =+H43 -> 209.14286
C44: C1 | D44: 055D | E44: Lk | F44: Carton Cod. 570D | G44: Sacafuente Alambre | H44: 102 | I44: =+J44*2 -> 204 | J44: =+H44 -> 102
C45: C1 | D45: 312D | E45: Lk | F45: Carton Cod. 570D | G45: Pala De Torta Acero Inox | H45: 155.14286 | I45: =+J45*2 -> 310.28571 | J45: =+H45 -> 155.14286
C46: C1 | D46: 318D | E46: Lk | F46: Carton Cod. 570D | G46: Pisapapas Fundicion Mgo Mad | H46: 1129.7143 | I46: =+J46*2 -> 2259.4286 | J46: =+H46 -> 1129.7143
C47: C1 | D47: 518D | E47: Lk | F47: Carton Cod. 570D | G47: Sacafuente Gastronomico | H47: 848.57143 | I47: =+J47*2 -> 1697.1429 | J47: =+H47 -> 848.57143
C48: C2 | D48: 506D | E48: Lk | F48: Pliego Uña x 12 | G48: Abrelat. Uña | H48: 22355.286 | I48: =+H48 -> 22355.286 | J48: =+I48/2 -> 11177.643
C49: C3 | D49: 526D | E49: Lk | F49: Carton Propio | G49: Sacacorcho Doble Aleta Luxe | H49: 459.42857 | I49: =+J49*2 -> 918.85714 | J49: =+H49 -> 459.42857
C50: C3 | D50: 525D | E50: Lk | F50: Carton Propio | G50: Sacacorcho Cabo Madera | H50: 456 | I50: =+J50*2 -> 912 | J50: =+H50 -> 456
C51: C3 | D51: 532D | E51: Lk | F51: Carton Propio | G51: Cuchara De Helado | H51: 264 | I51: =+J51*2 -> 528 | J51: =+H51 -> 264
C52: C4 | D52: 025D | E52: Lk | F52: Corb. Prop | G52: Colador N°7 | H52: 2629.7143 | I52: =+J52*2 -> 5259.4286 | J52: =+H52 -> 2629.7143
C53: C4 | D53: 026D | E53: Lk | F53: Corb. Prop | G53: Colador N°8 | H53: 4687.2857 | I53: =+J53*2 -> 9374.5714 | J53: =+H53 -> 4687.2857
C54: C4 | D54: 027D | E54: Lk | F54: Corb. Prop | G54: Colador N°10 | H54: 6627.4286 | I54: =+J54*2 -> 13254.857 | J54: =+H54 -> 6627.4286
C55: C4 | D55: 027M | E55: Aro | F55: Corbata Propia | G55: 820612-Colador N°10 Alambre | H55: 0 | I55: =+J55*2 -> 0 | J55: =+H55 -> 0
C56: C5 | D56: 500D | E56: Lk | F56: Carton Propio | G56: Abrelata Uña Pie Color | H56: 450.85714 | I56: =+J56*2 -> 901.71429 | J56: =+H56 -> 450.85714
C57: D1 | D57: 551D | E57: Lk | F57: Carton Cod. 519D | G57: Cuch/ Untar Mgo Plast. | H57: 148 | I57: =+J57*2 -> 296 | J57: =+H57 -> 148
C58: D1 | D58: 527D | E58: Lk | F58: Carton Cod. 526D | G58: Sacacorcho C/Corta Plomo Crom | H58: 190.28571 | I58: =+J58*2 -> 380.57143 | J58: =+H58 -> 190.28571
C59: D1 | D59: 528D | E59: Lk | F59: Carton Cod. 526D | G59: Sacacorcho C/Corta Plomo Pint | H59: 48 | I59: =+J59*2 -> 96 | J59: =+H59 -> 48
C60: D1 | D60: 564D | E60: Lk | F60: Carton Cod. 562D | G60: Corta Pizza Gastronomico | H60: 305.14286 | I60: =+J60*2 -> 610.28571 | J60: =+H60 -> 305.14286
... C72: D5 | D72: 299D | E72: Lk | F72: Carton Propio | G72: Muñeco Silicona Antiderra | H72: 240 | I72: =+J72*2 -> 480 | J72: =+H72 -> 240
C73: D5 | D73: 37 | E73: Lk | F73: Corbata Generica | G73: Espatula Lisa Nylon | H73: 243.42857
C74: D5 | D74: 38 | E74: Lk | F74: Corbata Generica | G74: Cucharon Nylon | H74: 308.57143
C75: D5 | D75: 40 | E75: Lk | F75: Corbata Generica | G75: Tostador | H75: 100
C76: D5 | D76: 41 | E76: Lk | F76: Corbata Generica | G76: Cuchara Madera X 30 Cm | H76: 370.28571
C77: D5 | D77: 42 | E77: Lk | F77: Corbata Generica | G77: Cuchara Calada Nylon | H77: 60
C78: D5 | D78: 43 | E78: Lk | F78: Corbata Generica | G78: Colador 10 Cm | H78: 418.28571
C79: D5 | D79: 50 | E79: Lk | F79: Corbata Generica | G79: Bombilla Autolimpiante Inox. | H79: 126.85714
C80: D5 | D80: 51 | E80: Lk | F80: Corbata Generica | G80: Limpia Bombilla | H80: 132
C81: D5 | D81: 190D | E81: Lk | F81: Corbata Generica | G81: Colador N°7 Pintado | H81: 150
C82: D5 | D82: 191D | E82: Lk | F82: Corbata Generica | G82: Colador N°8 Pintado | H82: 354
C83: D5 | D83: 192D | E83: Lk | F83: Corbata Generica | G83: Colador N°10 Pintado | H83: 168
C84: D5 | D84: 193D | E84: Lk | F84: Corbata Generica | G84: Colador N°13 Pintado | H84: 38.5
C85: D5 | D85: 194D | E85: Lk | F85: Corbata Generica | G85: Colador N°16 Pintado | H85: 113.14286
C86: D5 | D86: 195D | E86: Lk | F86: Corbata Generica | G86: Colador N°20 Pintado | H86: 72
C87: D5 | D87: 220D | E87: Lk | F87: Corbata Generica | G87: Cuchara Madera 40 Cm | H87: 464.57143
C88: D5 | D88: 221D | E88: Lk | F88: Corbata Generica | G88: Cuchara Madera 45 Cm | H88: 279.42857
C89: D5 | D89: 222D | E89: Lk | F89: Corbata Generica | G89: Bate Bife Madera | H89: 786.85714
C90: D5 | D90: 223D | E90: Lk | F90: Corbata Generica | G90: Cuchara Madera 25 Cm | H90: 257.14286
C91: D5 | D91: 224D | E91: Lk | F91: Corbata Generica | G91: Cuchara Madera 30 Cm | H91: 714.85714
C92: D5 | D92: 224M | E92: Lk | F92: Corbata Generica | G92: 821197-Cuchara Madera 30 Cm | H92: 0
... C119: D5 | D119: 870D | E119: Lk | F119: Corbata Generica | G119: Colador N°20 Mgo Madera | H119: 0
C120: D5 | E120: Lk | F120: Corbata Generica | H120: =SUM(H73:H119) -> 11385.757 | I120: =+J120*2 -> 22771.514 | J120: =+H120 -> 11385.757
C121: E1 | D121: 597D | E121: Lk | F121: Carton Cod. 519D | G121: Cuchillo Untar Bco X 2 | H121: =76+198 -> 274 | I121: =+J121*2 -> 548 | J121: =+H121 -> 274
C122: E1 | D122: 574D | E122: Lk | F122: Carton Cod. 546D | G122: Corta Queso De Alambre | H122: 165.14286 | I122: =+J122*2 -> 330.28571 | J122: =+H122 -> 165.14286
C123: E1 | D123: 280D | E123: Lk | F123: Carton Propio | G123: Manga Repostera + 4 Boqui | H123: 390.85714 | I123: =+J123*2 -> 781.71429 | J123: =+H123 -> 390.85714
C124: E1 | D124: 028D | E124: Lk | F124: Corbata Propia | G124: Colador N°13 | H124: 562.28571 | I124: =+J124*2 -> 1124.5714 | J124: =+H124 -> 562.28571
C125: E1 | D125: 225D | E125: Lk | F125: Corbata Propia | G125: Cuchara Madera 35 Cm | H125: 1524 | I125: =+J125*2 -> 3048 | J125: =+H125 -> 1524
C126: E2 | D126: 505D | E126: Lk | F126: Cart Prop. | G126: Pelador Mgo Plast. | H126: =30089.1428571429+999 -> 31088.143 | I126: =+J126*2 -> 62176.286 | J126: =+H126 -> 31088.143
C127: E3 | D127: 520D | E127: Lk | F127: Cart Prop. | G127: Sacac. Tipo Mozo Crom. | H127: 1808.5714 | I127: =+J127*2 -> 3617.1429 | J127: =+H127 -> 1808.5714
C128: E3 | D128: 521D | E128: Lk | F128: Cart Prop. | G128: Sacac. Comb. Crom. | H128: =2022.85714285714+162 -> 2184.8571 | I128: =+J128*2 -> 4369.7143 | J128: =+H128 -> 2184.8571
C129: E3 | D129: 530D | E129: Lk | F129: Cart Prop. | G129: Sacac Tipo Mozo Color | H129: 2994.8571 | I129: =+J129*2 -> 5989.7143 | J129: =+H129 -> 2994.8571
C130: E3 | D130: 531D | E130: Lk | F130: Carton Propio | G130: Sacacorcho Combinado Color | H130: 912 | I130: =+J130*2 -> 1824 | J130: =+H130 -> 912
C131: E4 | D131: 562D | E131: Lk | F131: Carton Propio | G131: Corta Pizza | H131: 1486.8571 | I131: =+J131*2 -> 2973.7143 | J131: =+H131 -> 1486.8571
C132: E4 | D132: 561D | E132: Lk | F132: Cart Prop. | G132: Pinza Grande | H132: 373.71429 | I132: =+J132*2 -> 747.42857 | J132: =+H132 -> 373.71429
C133: E4 | D133: 563D | E133: Lk | F133: Carton Propio | G133: Pinza De Hamburguesas | H133: 409.71429 | I133: =+J133*2 -> 819.42857 | J133: =+H133 -> 409.71429
C134: E4 | D134: 565D | E134: Lk | F134: Carton Propio | G134: Pinza De Hielo | H134: 524.57143 | I134: =+J134*2 -> 1049.1429 | J134: =+H134 -> 524.57143
C135: E5 | D135: 575D | E135: Lk | F135: Cart Prop. | G135: Tapon De Vino/ X1 Neg. | H135: 1217.1429 | I135: =+J135*2 -> 2434.2857 | J135: =+H135 -> 1217.1429
C136: E5 | D136: 577D | E136: Lk | F136: Cart Prop. | G136: Tapon De Vino X 1 Prem. | H136: 293.14286 | I136: =+J136*2 -> 586.28571 | J136: =+H136 -> 293.14286
C137: E5 | D137: 579D | E137: Lk | F137: Cart Prop. | G137: Tapon De Vino X 1 Col | H137: 1393.7143 | I137: =+J137*2 -> 2787.4286 | J137: =+H137 -> 1393.7143
...

Sheet Planimetría & Nota de Pedido
A1: Listado Cartones Loekemeyer | K1: Stocks
A2: Tipo | B2: Ubic | C2: COD. | D2: Lin. | E2: Tipo Carton | F2: ART. | G2: Ubic | H2: COD. | I2: Vta. 2017 | K2: Stock Max | L2: Stock Min | M2: Stock Actual | N2: Pedido
A3: Bolsa | B3: A2 | C3: 031D | D3: Lk | E3: Bolsa | F3: FILTRO DE CAFE | G3: A2 | H3: 031D | I3: 12813.714 | K3: =+L3*2 -> 25627.429 | L3: =+I3 -> 12813.714 | M3: 18500 | N3: =+K3+K4+K5+K6-M3 -> 12390
B4: A2 | C4: 034D | D4: Lk | E4: Bolsa | F4: FILTRO DE CAFE GASTRONOMICO | G4: A2 | H4: 034D | I4: 970.28571 | K4: =+L4*2 -> 1940.5714 | L4: =+I4 -> 970.28571
B5: A2 | C5: 516S | D5: Lk | E5: Bolsa | F5: DESTAPACORONA SUELTO | G5: A2 | H5: 516S | I5: 305 | K5: =+L5*2 -> 610 | L5: =+I5 -> 305
B6: A2 | C6: 35 | D6: P.P | E6: Bolsa | F6: FILTRO DE CAFE | G6: A2 | H6: 35 | I6: 1356 | K6: =+L6*2 -> 2712 | L6: =+I6 -> 1356
A7: Linea Lkmeyer / Aro | B7: B1 | C7: 324D | D7: Lk | E7: Pliegos Utensilios | F7: PINCHE DE CHOCLO X4 | G7: B1 | H7: 324D | I7: 42
B8: B1 | C8: 322D | D8: Lk | E8: Pliegos Utensilios | F8: TENEDOR DE COPETIN x6 UNID | G8: B1 | H8: 322D | I8: 130.28571
B9: B1 | D9: Lk | E9: Pliegos Utensilios | G9: B1 | I9: =SUM(I7:I8) -> 172.28571 | K9: =+L9*2 -> 344.57143 | L9: =+I9 -> 172.28571 | M9: 2000 | N9: =+K9-M9 -> -1655.4286
B10: B1 | C10: 552D | D10: Lk | E10: Pliegos x 16 | F10: BOMBILLA SUP NIQ LARGA RECTA | G10: B1 | H10: 552D | I10: 258
B11: B1 | C11: 553D | D11: Lk | E11: Pliegos x 16 | F11: BOMBILLA SUPER NIQ LARGA CURVA | G11: B1 | H11: 553D | I11: 244
B12: B1 | C12: 554D | D12: Lk | E12: Pliegos x 16 | F12: CUCHARITA MATERA | G12: B1 | H12: 554D | I12: 243.42857
B13: B1 | C13: 555D | D13: Lk | E13: Pliegos x 16 | F13: CEPILLO LIMPIA BOMBILLA | G13: B1 | H13: 555D | I13: 1163.4286
B14: B1 | C14: 557D | D14: Lk | E14: Pliegos x 16 | F14: BOMBILLA RESORTE CHATA | G14: B1 | H14: 557D | I14: 230.85714
B15: B1 | C15: 558D | D15: Lk | E15: Pliegos x 16 | F15: BOMBILLA RESORTE tradicio | G15: B1 | H15: 558D | I15: 208
B16: B1 | C16: 654D | D16: Lk | E16: Pliegos x 16 | F16: BOMBILLA AUTOLIMPIANTE INOX | G16: B1 | H16: 654D | I16: 788.57143
B17: B1 | C17: 657D | D17: Lk | E17: Pliegos x 16 | F17: BOMBILLA AUTOLIMPIANTE NIQ | G17: B1 | H17: 657D | I17: 526.28571
B18: B1 | C18: 658D | D18: Lk | E18: Pliegos x 16 | F18: BOMBILLA BASICA LARGA RECTA | G18: B1 | H18: 658D | I18: 126.85714
B19: B1 | C19: 659D | D19: Lk | E19: Pliegos x 16 | F19: BOMBILLA BASICA LARGA CURVA | G19: B1 | H19: 659D | I19: 248
B20: B1 | C20: 573D | D20: Lk | E20: Pliegos x 16 | F20: BOMBILLA COLORES METALIZA | G20: B1 | H20: 573D | I20: 277.71429
B21: B1 | D21: Lk | E21: Pliegos x 16 | G21: B1 | I21: =SUM(I10:I20) -> 4315.1429 | K21: =+L21*2 -> 8630.2857 | L21: =+I21 -> 4315.1429 | M21: 12800 | N21: =+K21-M21 -> -4169.7143
B22: B3 | C22: 537D | D22: Lk | E22: Carton Propio | F22: PELA Y PICA AJO DE ACERO | G22: B3 | H22: 537D | I22: 385.71429 | K22: =+L22*2 -> 771.42857 | L22: =+I22 -> 385.71429 | M22: 1100 | N22: =+K22-M22 -> -328.57143
B23: B3 | C23: 542D | D23: Lk | E23: Carton Propio | F23: AHUECA PAPAS | G23: B3 | H23: 542D | I23: 462.85714 | K23: =+L23*2 -> 925.71429 | L23: =+I23 -> 462.85714 | M23: 510 | N23: =+K23-M23 -> 415.71429
B24: B3 | C24: 543D | D24: Lk | E24: Carton Propio | F24: AHUECA FRUTAS | G24: B3 | H24: 543D | I24: 368.57143 | K24: =+L24*2 -> 737.14286 | L24: =+I24 -> 368.57143 | M24: 550 | N24: =+K24-M24 -> 187.14286
B25: B3 | C25: 580D | D25: Lk | E25: Carton Propio | F25: MINI BATIDOR X 1 | G25: B3 | H25: 580D | I25: 185.71429 | K25: =+L25*2 -> 371.42857 | L25: =+I25 -> 185.71429 | M25: 735 | N25: =+K25-M25 -> -363.57143
B26: B4 | C26: 029D | D26: Lk | E26: Corbata Propia | F26: COLADOR N°16 | G26: B4 | H26: 029D | I26: 1107.7143 | K26: =+L26*2 -> 2215.4286 | L26: =+I26 -> 1107.7143 | M26: 500 | N26: =+K26-M26 -> 1715.4286
B27: B4 | C27: 315D | D27: Lk | E27: Corbata Propia | F27: PISA PAPAS ACERO INOX | G27: B4 | H27: 315D | I27: 1563.4286 | K27: =+L27*2 -> 3126.8571 | L27: =+I27 -> 1563.4286 | M27: 100 | N27: =+K27-M27 -> 3026.8571
B28: B4 | C28: 325D | D28: Lk | E28: Corbata Propia | F28: ESPATULA REPOSTERA PLAST 1 PZA | G28: B4 | H28: 325D | I28: 3252 | K28: =+L28*2 -> 6504 | L28: =+I28 -> 3252 | M28: 1569 | N28: =+K28-M28 -> 4935
B29: B4 | C29: 333D | D29: Lk | E29: Corbata Propia | F29: espumadera ac.inox. | G29: B4 | H29: 333D | I29: 594.85714 | K29: =+L29*2 -> 1189.7143 | L29: =+I29 -> 594.85714 | M29: 400 | N29: =+K29-M29 -> 789.71429
B30: B5 | C30: 230D | D30: Lk | E30: Bandita | F30: PALO DE AMASAR 30 CM | G30: B5 | H30: 230D | I30: 147
B31: B5 | C31: 231D | D31: Lk | E31: Bandita | F31: PALO DE AMASAR 40 CM | G31: B5 | H31: 231D | I31: 478.28571
B32: B5 | C32: 233D | D32: Lk | E32: Bandita | F32: PALO DE AMASAR 50 CM | G32: B5 | H32: 233D | I32: 237
B33: B5 | C33: 246D | D33: Lk | E33: Bandita | F33: PRENSA MATAMBRE | G33: B5 | H33: 246D | I33: 103.71429
B34: B5 | C34: 247D | D34: Lk | E34: Bandita | F34: PLATO DE PICADA P.P 21 CM | G34: B5 | H34: 247D | I34: 51
B35: B5 | C35: 323D | D35: Lk | E35: Bandita | F35: RALLADOR CILINDRICO CHICO | G35: B5 | H35: 323D | I35: 958.28571
B36: B5 | C36: 328D | D36: Lk | E36: Bandita | F36: RALLADOR 3 USOS MARCO PLAST | G36: B5 | H36: 328D | I36: 1150.2857
B37: B5 | C37: 329D | D37: Lk | E37: Bandita | F37: RALLADOR QUESO MARCO PLAST | G37: B5 | H37: 329D | I37: 82.285714
B38: B5 | C38: 695D | D38: Lk | E38: Bandita | F38: POSA PAVA ALAMBRE | G38: B5 | H38: 695D | I38: 0
B39: B5 | C39: 36 | D39: P.P | E39: Bandita | F39: RALLADOR CILINDRICO | G39: B5 | H39: 36 | I39: 384
B40: B5 | D40: Lk | E40: Bandita | G40: B5 | I40: =SUM(I30:I39) -> 3591.8571 | K40: =+L40*2 -> 7183.7143 | L40: =+I40 -> 3591.8571 | M40: 48000 | N40: =+K40-M40 -> -40816.286
B41: B5 | C41: 030D | D41: Lk | E41: Corbata Propia | F41: COLADOR N°20 | G41: B5 | H41: 030D | I41: 2828.5714 | K41: =+L41*2 -> 5657.1429 | L41: =+I41 -> 2828.5714 | M41: 4000 | N41: =+K41-M41 -> 1657.1429
B42: B5 | C42: 030M | D42: Aro | E42: Corbata Propia | F42: 820729-COLADOR N°20 ALAMBRE | G42: B5 | H42: 030M | I42: 288 | K42: =+L42*2 -> 576 | L42: =+I42 -> 288 | N42: =+K42-M42 -> 576
B43: C1 | C43: 055D | D43: Lk | E43: Carton Cod. 570D | F43: SACAFUENTE ALAMBRE | G43: C1 | H43: 055D | I43: 102 | K43: =+L43*2 -> 204 | L43: =+I43 -> 102
B44: C1 | C44: 059D | D44: Lk | E44: Carton Cod. 519D | F44: CUCHILLITO DE UNTAR PLAST | G44: C1 | H44: 059D | I44: 209.14286 | K44: =+L44*2 -> 418.28571 | L44: =+I44 -> 209.14286
B45: C1 | C45: 312D | D45: Lk | E45: Carton Cod. 570D | F45: PALA DE TORTA ACERO INOX | G45: C1 | H45: 312D | I45: 155.14286 | K45: =+L45*2 -> 310.28571 | L45: =+I45 -> 155.14286
B46: C1 | C46: 318D | D46: Lk | E46: Carton Cod. 570D | F46: PISAPAPAS FUNDICION MGO MAD | G46: C1 | H46: 318D | I46: 1129.7143 | K46: =+L46*2 -> 2259.4286 | L46: =+I46 -> 1129.7143
B47: C1 | C47: 518D | D47: Lk | E47: Carton Cod. 570D | F47: SACAFUENTE GASTRONOMICO | G47: C1 | H47: 518D | I47: 848.57143 | K47: =+L47*2 -> 1697.1429 | L47: =+I47 -> 848.57143
B48: C2 | C48: 506D | D48: Lk | E48: Pliego Uña x 12 | F48: ABRELATAS UÑA | G48: C2 | H48: 506D | I48: 22355.286 | K48: =+I48 -> 22355.286 | L48: =+K48/2 -> 11177.643 | M48: 8436 | N48: -70.571429
B49: B2 | C49: 506D | D49: Lk | E49: Pliego Uña x 12 | G49: B2 | I49: 22355.286 | L49: =+K49/2 -> 0
B50: C3 | C50: 526D | D50: Lk | E50: Carton Propio | F50: SACACORCHO DOBLE ALETA LUXE | G50: C3 | H50: 526D | I50: 459.42857 | K50: =+L50*2 -> 918.85714 | L50: =+I50 -> 459.42857 | M50: 3950 | N50: =+K50-M50 -> -3031.1429
B51: C3 | C51: 525D | D51: Lk | E51: Carton Propio | F51: SACACORCHO CABO MADERA | G51: C3 | H51: 525D | I51: 456 | K51: =+L51*2 -> 912 | L51: =+I51 -> 456 | M51: 1000 | N51: =+K51-M51 -> -88
B52: C3 | C52: 532D | D52: Lk | E52: Carton Propio | F52: CUCHARA DE HELADO | G52: C3 | H52: 532D | I52: 264 | K52: =+L52*2 -> 528 | L52: =+I52 -> 264 | M52: 1000 | N52: =+K52-M52 -> -472
B53: C4 | C53: 025D | D53: Lk | E53: Corbata Propia | F53: COLADOR N°7 | G53: C4 | H53: 025D | I53: 2629.7143 | K53: =+L53*2 -> 5259.4286 | L53: =+I53 -> 2629.7143 | M53: 5330 | N53: =+K53-M53 -> -70.571429
B54: C4 | C54: 026D | D54: Lk | E54: Corbata Propia | F54: COLADOR N°8 | G54: C4 | H54: 026D | I54: 4687.2857 | K54: =+L54*2 -> 9374.5714 | L54: =+I54 -> 4687.2857 | M54: 13260 | N54: =+K54-M54 -> -3885.4286
B55: C4 | C55: 027D | D55: Lk | E55: Corbata Propia | F55: COLADOR N°10 | G55: C4 | H55: 027D | I55: 6627.4286 | K55: =+L55*2 -> 13254.857 | L55: =+I55 -> 6627.4286 | M55: 13500 | N55: =+K55-M55 -> -245.14286
B56: C4 | C56: 027M | D56: Aro | E56: Corbata Propia | F56: 820612-COLADOR N°10 ALAMBRE | G56: C4 | H56: 027M | I56: 0 | K56: =+L56*2 -> 0 | L56: =+I56 -> 0
B57: C5 | C57: 500D | D57: Lk | E57: Carton Propio | F57: ABRELATA UÑA PIE COLOR | G57: C5 | H57: 500D | I57: 450.85714 | K57: =+L57*2 -> 901.71429 | L57: =+I57 -> 450.85714 | M57: 9600 | N57: =+K57-M57 -> -8698.2857
B58: D1 | C58: 527D | D58: Lk | E58: Carton Cod. 526D | F58: SACACORCHO C/CORTA PLOMO CROM | G58: D1 | H58: 527D | I58: 190.28571 | K58: =+L58*2 -> 380.57143 | L58: =+I58 -> 190.28571
B59: D1 | C59: 528D | D59: Lk | E59: Carton Cod. 526D | F59: SACACORCHO C/CORTA PLOMO PINT | G59: D1 | H59: 528D | I59: 48 | K59: =+L59*2 -> 96 | L59: =+I59 -> 48
B60: D1 | C60: 533D | D60: Lk | E60: Carton Cod. 570D | F60: PELADOR MGO NUEVO | G60: D1 | H60: 533D | I60: 768 | K60: =+L60*2 -> 1536 | L60: =+I60 -> 768
B61: D1 | C61: 551D | D61: Lk | E61: Carton Cod. 519D | F61: CUCH/ UNTAR MGO PLAST. | G61: D1 | H61: 551D | I61: 148 | K61: =+L61*2 -> 296 | L61: =+I61 -> 148
B62: D1 | C62: 564D | D62: Lk | E62: Carton Cod. 562D | F62: CORTA PIZZA GASTRONOMICO | G62: D1 | H62: 564D | I62: 305.14286 | K62: =+L62*2 -> 610.28571 | L62: =+I62 -> 305.14286
B63: D2 | C63: 513D | D63: Lk | E63: Carton Propio | F63: PELADOR MGO METALICO | G63: D2 | H63: 513D | I63: 17541.714 | K63: =+L63*2 -> 35083.429 | L63: =+I63 -> 17541.714 | M63: 5500 | N63: =+K63-M63 -> 29583.429
B64: D3 | C64: 522D | D64: Lk | E64: Carton Propio | F64: SACACORCHO CUSTOM | G64: D3 | H64: 522D | I64: 133.71429 | K64: =+L64*2 -> 267.42857 | L64: =+I64 -> 133.71429 | M64: 1000 | N64: =+K64-M64 -> -732.57143
B65: D3 | C65: 523D | D65: Lk | E65: Carton Propio | F65: SACACORCHO DOBLE ALETA | G65: D3 | H65: 523D | I65: 1556.5714 | K65: =+L65*2 -> 3113.1429 | L65: =+I65 -> 1556.5714 | M65: 600 | N65: =+K65-M65 -> 2513.1429
B66: D3 | C66: 524D | D66: Lk | E66: Carton Propio | F66: SACACORCHO DE ESPUMANTES | G66: D3 | H66: 524D | I66: 92 | K66: =+L66*2 -> 184 | L66: =+I66 -> 92 | M66: 5000 | N66: =+K66-M66 -> -4816
B67: D4 | C67: 595D | D67: Lk | E67: Carton Propio | F67: PINZA DE FIAMBRE MGO PLASTICO | G67: D4 | H67: 595D | I67: 336 | K67: =+L67*2 -> 672 | L67: =+I67 -> 336 | M67: 1600 | N67: =+K67-M67 -> -928
B68: D4 | C68: 596D | D68: Lk | E68: Carton Propio | F68: PINZA DE ENSALADA MGO PLASTICO | G68: D4 | H68: 596D | I68: 222.85714 | K68: =+L68*2 -> 445.71429 | L68: =+I68 -> 222.85714 | M68: 1100 | N68: =+K68-M68 -> -654.28571
B69: D4 | C69: 594D | D69: Lk | E69: Carton Propio | F69: PINZA DE FIDEOS MGO PLASTICO | G69: D4 | H69: 594D | I69: 378.85714 | K69: =+L69*2 -> 757.71429 | L69: =+I69 -> 378.85714 | M69: 100 | N69: =+K69-M69 -> 657.71429
B70: D5 | C70: 570D | D70: Lk | E70: Carton Propio | F70: PALA DE CANELONES | G70: D5 | H70: 570D | I70: 399.42857 | K70: =+L70*2 -> 798.85714 | L70: =+I70 -> 399.42857 | M70: 0 | N70: =+K70-M70 -> 798.85714
B71: D5 | C71: 578D | D71: Lk | E71: Carton Propio | F71: DESCAROZADOR DE ACEITUNAS | G71: D5 | H71: 578D | I71: 399.42857 | K71: =+L71*2 -> 798.85714 | L71: =+I71 -> 399.42857 | M71: 600 | N71: =+K71-M71 -> 198.85714
B72: D5 | C72: 058D | D72: Lk | E72: Carton Propio | F72: CIERRA BOLSA X2 | G72: D5 | H72: 058D | I72: 140.57143 | K72: =+L72*2 -> 281.14286 | L72: =+I72 -> 140.57143 | M72: 0 | N72: =+K72-M72 -> 281.14286
B73: D5 | C73: 299D | D73: Lk | E73: Carton Propio | F73: MUÑECO SILICONA ANTIDERRA | G73: D5 | H73: 299D | I73: 240 | K73: =+L73*2 -> 480 | L73: =+I73 -> 240 | M73: 2250 | N73: =+K73-M73 -> -1770
B74: D5 | C74: 37 | D74: Lk | E74: Corbata Generica | F74: ESPATULA LISA NYLON | G74: D5 | H74: 37 | I74: 243.42857 | N74: =+K74-M74 -> 0
B75: D5 | C75: 38 | D75: Lk | E75: Corbata Generica | F75: CUCHARON NYLON | G75: D5 | H75: 38 | I75: 308.57143 | N75: =+K75-M75 -> 0
B76: D5 | C76: 40 | D76: Lk | E76: Corbata Generica | F76: TOSTADOR | G76: D5 | H76: 40 | I76: 100 | N76: =+K76-M76 -> 0
B77: D5 | C77: 41 | D77: Lk | E77: Corbata Generica | F77: CUCHARA MADERA X 30 CM | G77: D5 | H77: 41 | I77: 370.28571 | N77: =+K77-M77 -> 0
B78: D5 | C78: 42 | D78: Lk | E78: Corbata Generica | F78: CUCHARA CALADA NYLON | G78: D5 | H78: 42 | I78: 60 | N78: =+K78-M78 -> 0
B79: D5 | C79: 43 | D79: Lk | E79: Corbata Generica | F79: COLADOR 10 CM | G79: D5 | H79: 43 | I79: 418.28571 | N79: =+K79-M79 -> 0
B80: D5 | C80: 50 | D80: Lk | E80: Corbata Generica | F80: BOMBILLA AUTOLIMPIANTE INOX. | G80: D5 | H80: 50 | I80: 126.85714 | N80: =+K80-M80 -> 0
B81: D5 | C81: 51 | D81: Lk | E81: Corbata Generica | F81: LIMPIA BOMBILLA | G81: D5 | H81: 51 | I81: 132 | N81: =+K81-M81 -> 0
B82: D5 | C82: 190D | D82: Lk | E82: Corbata Generica | F82: COLADOR N°7 PINTADO | G82: D5 | H82: 190D | I82: 150 | N82: =+K82-M82 -> 0
B83: D5 | C83: 191D | D83: Lk | E83: Corbata Generica | F83: COLADOR N°8 PINTADO | G83: D5 | H83: 191D | I83: 354 | N83: =+K83-M83 -> 0
B84: D5 | C84: 192D | D84: Lk | E84: Corbata Generica | F84: COLADOR N°10 PINTADO | G84: D5 | H84: 192D | I84: 168 | N84: =+K84-M84 -> 0
B85: D5 | C85: 193D | D85: Lk | E85: Corbata Generica | F85: COLADOR N°13 PINTADO | G85: D5 | H85: 193D | I85: 38.5 | N85: =+K85-M85 -> 0
B86: D5 | C86: 194D | D86: Lk | E86: Corbata Generica | F86: COLADOR N°16 PINTADO | G86: D5 | H86: 194D | I86: 113.14286 | N86: =+K86-M86 -> 0
B87: D5 | C87: 195D | D87: Lk | E87: Corbata Generica | F87: COLADOR N°20 PINTADO | G87: D5 | H87: 195D | I87: 72 | N87: =+K87-M87 -> 0
B88: D5 | C88: 220D | D88: Lk | E88: Corbata Generica | F88: CUCHARA MADERA 40 CM | G88: D5 | H88: 220D | I88: 464.57143 | N88: =+K88-M88 -> 0
B89: D5 | C89: 221D | D89: Lk | E89: Corbata Generica | F89: CUCHARA MADERA 45 CM | G89: D5 | H89: 221D | I89: 279.42857 | N89: =+K89-M89 -> 0
B90: D5 | C90: 222D | D90: Lk | E90: Corbata Generica | F90: BATE BIFE MADERA | G90: D5 | H90: 222D | I90: 786.85714 | N90: =+K90-M90 -> 0
B91: D5 | C91: 223D | D91: Lk | E91: Corbata Generica | F91: CUCHARA MADERA 25 CM | G91: D5 | H91: 223D | I91: 257.14286 | N91: =+K91-M91 -> 0
B92: D5 | C92: 224D | D92: Lk | E92: Corbata Generica | F92: CUCHARA MADERA 30 CM | G92: D5 | H92: 224D | I92: 714.85714 | N92: =+K92-M92 -> 0
B93: D5 | C93: 224M | D93: Lk | E93: Corbata Generica | F93: 821197-CUCHARA MADERA 30 cm | G93: D5 | H93: 224M | I93: 0 | N93: =+K93-M93 -> 0
... B120: D5 | C120: 870D | D120: Lk | E120: Corbata Generica | F120: COLADOR N°20 MGO MADERA | G120: D5 | H120: 870D | I120: 0 | N120: =+K120-M120 -> 0
B121: D5 | D121: Lk | E121: Corbata Generica | G121: D5 | I121: =SUM(I74:I120) -> 11385.757 | K121: =+L121*2 -> 22771.514 | L121: =+I121 -> 11385.757 | M121: 14750 | N121: =+K121-M121 -> 8021.5143
B122: E1 | C122: 280D | D122: Lk | E122: Carton Propio | F122: MANGA REPOSTERA + 4 BOQUI | G122: E1 | H122: 280D | I122: 390.85714 | K122: =+L122*2 -> 781.71429 | L122: =+I122 -> 390.85714 | M122: 1000 | N122: =+K122-M122 -> -218.28571
B123: E1 | C123: 574D | D123: Lk | E123: Carton Cod. 546D | F123: CORTA QUESO DE ALAMBRE | G123: E1 | H123: 574D | I123: 165.14286 | K123: =+L123*2 -> 330.28571 | L123: =+I123 -> 165.14286
B124: E1 | C124: 597D | D124: Lk | E124: Carton Cod. 519D | F124: CUCHILLO UNTAR BCO x 2 | G124: E1 | H124: 597D | I124: =76+198 -> 274 | K124: =+L124*2 -> 548 | L124: =+I124 -> 274
B125: E1 | C125: 028D | D125: Lk | E125: Corbata Propia | F125: COLADOR N°13 | G125: E1 | H125: 028D | I125: 562.28571 | K125: =+L125*2 -> 1124.5714 | L125: =+I125 -> 562.28571 | M125: 2250 | N125: =+K125-M125 -> -1125.4286
B126: E1 | C126: 225D | D126: Lk | E126: Corbata Propia | F126: CUCHARA MADERA 35 CM | G126: E1 | H126: 225D | I126: 1524 | K126: =+L126*2 -> 3048 | L126: =+I126 -> 1524 | M126: 0 | N126: =+K126-M126 -> 3048
...

Sheet O.C. Roster
A1: Loekemeyer Hnos. S.R.L | D1: ORDEN DE COMPRA
A2: CUIT: | C2: 30-51584245-0
A3: DIRECCION: | C3: Cervantes 2868
A4: LOCALIDAD: | C4: Villa Devoto, CABA | D4: FECHA PEDIDO: | F4: =+TODAY() -> 46052
A5: TELEFONO: | C5: 11 3118-1027
A7: RAZON SOCIAL: | C7: ROSTER | D7: COD PROV: | E7: 3847
A9: ENTREGA EN: | C9: Cervantes 2868
A11: ESTE PEDIDO ANULA CUALQUIER PEDIDO ANTERIOR
A12: Cód ISIS | B12: N° Ord | C12: Descripción | D12: Pedido Damian Uni | E12: Fecha Entrega | F12: Entrega Uni | G12: Entrega Fecha | H12: Entrega Uni | I12: Entrega Fecha | J12: Entrega Uni | K12: Entrega Fecha
A13: 6005600 | C13: Cepillo Limpia Bombilla LK | D13: 5400
A15: 6010600 | C15: Cepillo Limpia Mamadera LK | D15: 4800
A17: 6015600 | C17: Cepillo Limpia Vajilla LK | D17: 400
A20: Chef S.R.L | D20: ORDEN DE COMPRA
A21: CUIT: | C21: 30-68575625-7
A22: DIRECCION: | C22: Virgilio 2788
A23: LOCALIDAD: | C23: Villa Devoto, CABA | D23: FECHA PEDIDO: | F23: =+TODAY() -> 46052
A24: TELEFONO: | C24: 11 3118-1027
A26: RAZON SOCIAL: | C26: ROSTER | D26: COD PROV: | E26: 3724
A28: ENTREGA EN: | C28: Cervantes 2868
A30: ESTE PEDIDO ANULA CUALQUIER PEDIDO ANTERIOR
A31: Cód ISIS | B31: N° Ord | C31: Descripción | D31: Pedido Damian Uni | E31: Fecha Entrega | F31: Entrega Uni | G31: Entrega Fecha | H31: Entrega Uni | I31: Entrega Fecha | J31: Entrega Uni | K31: Entrega Fecha
A32: 5150600 | C32: Cepillo Limpia Bombilla CH | D32: 1600
A34: 5154600 | C34: Cepillo Limpia Mamadera CH | D34: 1200
A36: 5157600 | C36: Cepillo Limpia Vajilla CH | D36: 200

Sheet O.C. Cia Integral Etiquetas
A1: Loekemeyer Hnos. S.R.L | F1: Chef SRL
A2: CUIT: | C2: 30-51584245-0 | F2: CUIT: | H2: 30-68575625-7
A3: DIRECCION: | C3: Cervantes 2868 | F3: DIRECCION: | H3: Virgilio 2788
A4: LOCALIDAD: | C4: Villa Devoto, CABA | F4: LOCALIDAD: | H4: Villa Real, CABA
A6: ORDEN DE COMPRA | F6: FECHA PEDIDO: | I6: =+TODAY() -> 46052
A8: RAZON SOCIAL: | C8: CIA INTEGRAL ETIQUETAS | D8: COD PROV: | F8: ENTREGA EN: | I8: Cervantes 2868
A10: FACTURAR Loekemeyer 70% Chef 30%
A12: ESTE PEDIDO ANULA CUALQUIER PEDIDO ANTERIOR
A13: Cód ISIS | B13: N° Ord | C13: Descripcion Material | D13: Pedido Rollo | E13: Emp | F13: Rollo a FC | G13: Fecha Pos Ent | H13: Fecha Ent | I13: Rollo Ent | J13: Fecha Ent | K13: Rollo Ent | L13: Fecha Ent | M13: Rollo Ent
A14: {=+IFERROR(INDEX('Pedido VACIO'!$C:$C,MATCH(1,('Pedido VACIO'!$I:$I=$B14)*('Pedido VACIO'!$A:$A="Cia Integral Etiquetas"),0)),"")} | B14: 1 | C14: {=+IFERROR(INDEX('Pedido VACIO'!$G:$G,MATCH(1,('Pedido VACIO'!$I:$I=$B14)*('Pedido VACIO'!$A:$A="Cia Integral Etiquetas"),0)),"")} | D14: {=+IFERROR(INDEX('Pedido VACIO'!$H:$H,MATCH(1,('Pedido VACIO'!$I:$I=$B14)*('Pedido VACIO'!$A:$A="Cia Integral Etiquetas"),0)),"")} | E14: =+IF(E13="LK","CH",IF(D14="","",IF(D14>0,"LK","CH"))) | F14: =+IF(OR(E14="LK"),ROUNDUP(D14*(VLOOKUP(B14,'Pedido VACIO'!$I:$AM,31,0)/1000),0)*10,IF(E14="CH",D13-F13,""))
E15: =+IF(E14="LK","CH",IF(D15="","",IF(D15>0,"LK","CH"))) | F15: =+IF(OR(E15="LK"),ROUNDUP(D15*(VLOOKUP(B15,'Pedido VACIO'!$I:$AM,31,0)/1000),0)*10,IF(E15="CH",D14-F14,""))
A16: {=+IFERROR(INDEX('Pedido VACIO'!$C:$C,MATCH(1,('Pedido VACIO'!$I:$I=$B16)*('Pedido VACIO'!$A:$A="Cia Integral Etiquetas"),0)),"")} | B16: =+B14+1 -> 2 | C16: {=+IFERROR(INDEX('Pedido VACIO'!$G:$G,MATCH(1,('Pedido VACIO'!$I:$I=$B16)*('Pedido VACIO'!$A:$A="Cia Integral Etiquetas"),0)),"")} | D16: {=+IFERROR(INDEX('Pedido VACIO'!$H:$H,MATCH(1,('Pedido VACIO'!$I:$I=$B16)*('Pedido VACIO'!$A:$A="Cia Integral Etiquetas"),0)),"")} | E16: =+IF(E15="LK","CH",IF(D16="","",IF(D16>0,"LK","CH"))) | F16: =+IF(OR(E16="LK"),ROUNDUP(D16*(VLOOKUP(B16,'Pedido VACIO'!$I:$AM,31,0)/1000),0)*10,IF(E16="CH",D15-F15,""))
E17: =+IF(E16="LK","CH",IF(D17="","",IF(D17>0,"LK","CH"))) | F17: =+IF(OR(E17="LK"),ROUNDUP(D17*(VLOOKUP(B17,'Pedido VACIO'!$I:$AM,31,0)/1000),0)*10,IF(E17="CH",D16-F16,""))
A18: {=+IFERROR(INDEX('Pedido VACIO'!$C:$C,MATCH(1,('Pedido VACIO'!$I:$I=$B18)*('Pedido VACIO'!$A:$A="Cia Integral Etiquetas"),0)),"")} | B18: =+B16+1 -> 3 | C18: {=+IFERROR(INDEX('Pedido VACIO'!$G:$G,MATCH(1,('Pedido VACIO'!$I:$I=$B18)*('Pedido VACIO'!$A:$A="Cia Integral Etiquetas"),0)),"")} | D18: {=+IFERROR(INDEX('Pedido VACIO'!$H:$H,MATCH(1,('Pedido VACIO'!$I:$I=$B18)*('Pedido VACIO'!$A:$A="Cia Integral Etiquetas"),0)),"")} | E18: =+IF(E17="LK","CH",IF(D18="","",IF(D18>0,"LK","CH"))) | F18: =+IF(OR(E18="LK"),ROUNDUP(D18*(VLOOKUP(B18,'Pedido VACIO'!$I:$AM,31,0)/1000),0)*10,IF(E18="CH",D17-F17,""))
E19: =+IF(E18="LK","CH",IF(D19="","",IF(D19>0,"LK","CH"))) | F19: =+IF(OR(E19="LK"),ROUNDUP(D19*(VLOOKUP(B19,'Pedido VACIO'!$I:$AM,31,0)/1000),0)*10,IF(E19="CH",D18-F18,""))
A20: {=+IFERROR(INDEX('Pedido VACIO'!$C:$C,MATCH(1,('Pedido VACIO'!$I:$I=$B20)*('Pedido VACIO'!$A:$A="Cia Integral Etiquetas"),0)),"")} | B20: =+B18+1 -> 4 | C20: {=+IFERROR(INDEX('Pedido VACIO'!$G:$G,MATCH(1,('Pedido VACIO'!$I:$I=$B20)*('Pedido VACIO'!$A:$A="Cia Integral Etiquetas"),0)),"")} | D20: {=+IFERROR(INDEX('Pedido VACIO'!$H:$H,MATCH(1,('Pedido VACIO'!$I:$I=$B20)*('Pedido VACIO'!$A:$A="Cia Integral Etiquetas"),0)),"")} | E20: =+IF(E19="LK","CH",IF(D20="","",IF(D20>0,"LK","CH"))) | F20: =+IF(OR(E20="LK"),ROUNDUP(D20*(VLOOKUP(B20,'Pedido VACIO'!$I:$AM,31,0)/1000),0)*10,IF(E20="CH",D19-F19,""))
E21: =+IF(E20="LK","CH",IF(D21="","",IF(D21>0,"LK","CH"))) | F21: =+IF(OR(E21="LK"),ROUNDUP(D21*(VLOOKUP(B21,'Pedido VACIO'!$I:$AM,31,0)/1000),0)*10,IF(E21="CH",D20-F20,""))
A22: {=+IFERROR(INDEX('Pedido VACIO'!$C:$C,MATCH(1,('Pedido VACIO'!$I:$I=$B22)*('Pedido VACIO'!$A:$A="Cia Integral Etiquetas"),0)),"")} | B22: =+B20+1 -> 5 | C22: {=+IFERROR(INDEX('Pedido VACIO'!$G:$G,MATCH(1,('Pedido VACIO'!$I:$I=$B22)*('Pedido VACIO'!$A:$A="Cia Integral Etiquetas"),0)),"")} | D22: {=+IFERROR(INDEX('Pedido VACIO'!$H:$H,MATCH(1,('Pedido VACIO'!$I:$I=$B22)*('Pedido VACIO'!$A:$A="Cia Integral Etiquetas"),0)),"")} | E22: =+IF(E21="LK","CH",IF(D22="","",IF(D22>0,"LK","CH"))) | F22: =+IF(OR(E22="LK"),ROUNDUP(D22*(VLOOKUP(B22,'Pedido VACIO'!$I:$AM,31,0)/1000),0)*10,IF(E22="CH",D21-F21,""))
E23: =+IF(E22="LK","CH",IF(D23="","",IF(D23>0,"LK","CH"))) | F23: =+IF(OR(E23="LK"),ROUNDUP(D23*(VLOOKUP(B23,'Pedido VACIO'!$I:$AM,31,0)/1000),0)*10,IF(E23="CH",D22-F22,""))
A24: {=+IFERROR(INDEX('Pedido VACIO'!$C:$C,MATCH(1,('Pedido VACIO'!$I:$I=$B24)*('Pedido VACIO'!$A:$A="Cia Integral Etiquetas"),0)),"")} | B24: =+B22+1 -> 6 | C24: {=+IFERROR(INDEX('Pedido VACIO'!$G:$G,MATCH(1,('Pedido VACIO'!$I:$I=$B24)*('Pedido VACIO'!$A:$A="Cia Integral Etiquetas"),0)),"")} | D24: {=+IFERROR(INDEX('Pedido VACIO'!$H:$H,MATCH(1,('Pedido VACIO'!$I:$I=$B24)*('Pedido VACIO'!$A:$A="Cia Integral Etiquetas"),0)),"")} | E24: =+IF(E23="LK","CH",IF(D24="","",IF(D24>0,"LK","CH"))) | F24: =+IF(OR(E24="LK"),ROUNDUP(D24*(VLOOKUP(B24,'Pedido VACIO'!$I:$AM,31,0)/1000),0)*10,IF(E24="CH",D23-F23,""))
E25: =+IF(E24="LK","CH",IF(D25="","",IF(D25>0,"LK","CH"))) | F25: =+IF(OR(E25="LK"),ROUNDUP(D25*(VLOOKUP(B25,'Pedido VACIO'!$I:$AM,31,0)/1000),0)*10,IF(E25="CH",D24-F24,""))
A26: {=+IFERROR(INDEX('Pedido VACIO'!$C:$C,MATCH(1,('Pedido VACIO'!$I:$I=$B26)*('Pedido VACIO'!$A:$A="Cia Integral Etiquetas"),0)),"")} | B26: =+B24+1 -> 7 | C26: {=+IFERROR(INDEX('Pedido VACIO'!$G:$G,MATCH(1,('Pedido VACIO'!$I:$I=$B26)*('Pedido VACIO'!$A:$A="Cia Integral Etiquetas"),0)),"")} | D26: {=+IFERROR(INDEX('Pedido VACIO'!$H:$H,MATCH(1,('Pedido VACIO'!$I:$I=$B26)*('Pedido VACIO'!$A:$A="Cia Integral Etiquetas"),0)),"")} | E26: =+IF(E25="LK","CH",IF(D26="","",IF(D26>0,"LK","CH"))) | F26: =+IF(OR(E26="LK"),ROUNDUP(D26*(VLOOKUP(B26,'Pedido VACIO'!$I:$AM,31,0)/1000),0)*10,IF(E26="CH",D25-F25,""))
E27: =+IF(E26="LK","CH",IF(D27="","",IF(D27>0,"LK","CH"))) | F27: =+IF(OR(E27="LK"),ROUNDUP(D27*(VLOOKUP(B27,'Pedido VACIO'!$I:$AM,31,0)/1000),0)*10,IF(E27="CH",D26-F26,""))
A28: {=+IFERROR(INDEX('Pedido VACIO'!$C:$C,MATCH(1,('Pedido VACIO'!$I:$I=$B28)*('Pedido VACIO'!$A:$A="Cia Integral Etiquetas"),0)),"")} | B28: =+B26+1 -> 8 | C28: {=+IFERROR(INDEX('Pedido VACIO'!$G:$G,MATCH(1,('Pedido VACIO'!$I:$I=$B28)*('Pedido VACIO'!$A:$A="Cia Integral Etiquetas"),0)),"")} | D28: {=+IFERROR(INDEX('Pedido VACIO'!$H:$H,MATCH(1,('Pedido VACIO'!$I:$I=$B28)*('Pedido VACIO'!$A:$A="Cia Integral Etiquetas"),0)),"")} | E28: =+IF(E27="LK","CH",IF(D28="","",IF(D28>0,"LK","CH"))) | F28: =+IF(OR(E28="LK"),ROUNDUP(D28*(VLOOKUP(B28,'Pedido VACIO'!$I:$AM,31,0)/1000),0)*10,IF(E28="CH",D27-F27,""))
E29: =+IF(E28="LK","CH",IF(D29="","",IF(D29>0,"LK","CH"))) | F29: =+IF(OR(E29="LK"),ROUNDUP(D29*(VLOOKUP(B29,'Pedido VACIO'!$I:$AM,31,0)/1000),0)*10,IF(E29="CH",D28-F28,""))
A30: {=+IFERROR(INDEX('Pedido VACIO'!$C:$C,MATCH(1,('Pedido VACIO'!$I:$I=$B30)*('Pedido VACIO'!$A:$A="Cia Integral Etiquetas"),0)),"")} | B30: =+B28+1 -> 9 | C30: {=+IFERROR(INDEX('Pedido VACIO'!$G:$G,MATCH(1,('Pedido VACIO'!$I:$I=$B30)*('Pedido VACIO'!$A:$A="Cia Integral Etiquetas"),0)),"")} | D30: {=+IFERROR(INDEX('Pedido VACIO'!$H:$H,MATCH(1,('Pedido VACIO'!$I:$I=$B30)*('Pedido VACIO'!$A:$A="Cia Integral Etiquetas"),0)),"")} | E30: =+IF(E29="LK","CH",IF(D30="","",IF(D30>0,"LK","CH"))) | F30: =+IF(OR(E30="LK"),ROUNDUP(D30*(VLOOKUP(B30,'Pedido VACIO'!$I:$AM,31,0)/1000),0)*10,IF(E30="CH",D29-F29,""))
E31: =+IF(E30="LK","CH",IF(D31="","",IF(D31>0,"LK","CH"))) | F31: =+IF(OR(E31="LK"),ROUNDUP(D31*(VLOOKUP(B31,'Pedido VACIO'!$I:$AM,31,0)/1000),0)*10,IF(E31="CH",D30-F30,""))
A32: {=+IFERROR(INDEX('Pedido VACIO'!$C:$C,MATCH(1,('Pedido VACIO'!$I:$I=$B32)*('Pedido VACIO'!$A:$A="Cia Integral Etiquetas"),0)),"")} | B32: =+B30+1 -> 10 | C32: {=+IFERROR(INDEX('Pedido VACIO'!$G:$G,MATCH(1,('Pedido VACIO'!$I:$I=$B32)*('Pedido VACIO'!$A:$A="Cia Integral Etiquetas"),0)),"")} | D32: {=+IFERROR(INDEX('Pedido VACIO'!$H:$H,MATCH(1,('Pedido VACIO'!$I:$I=$B32)*('Pedido VACIO'!$A:$A="Cia Integral Etiquetas"),0)),"")} | E32: =+IF(E31="LK","CH",IF(D32="","",IF(D32>0,"LK","CH"))) | F32: =+IF(OR(E32="LK"),ROUNDUP(D32*(VLOOKUP(B32,'Pedido VACIO'!$I:$AM,31,0)/1000),0)*10,IF(E32="CH",D31-F31,""))
E33: =+IF(E32="LK","CH",IF(D33="","",IF(D33>0,"LK","CH"))) | F33: =+IF(OR(E33="LK"),ROUNDUP(D33*(VLOOKUP(B33,'Pedido VACIO'!$I:$AM,31,0)/1000),0)*10,IF(E33="CH",D32-F32,""))
A34: {=+IFERROR(INDEX('Pedido VACIO'!$C:$C,MATCH(1,('Pedido VACIO'!$I:$I=$B34)*('Pedido VACIO'!$A:$A="Cia Integral Etiquetas"),0)),"")} | B34: =+B32+1 -> 11 | C34: {=+IFERROR(INDEX('Pedido VACIO'!$G:$G,MATCH(1,('Pedido VACIO'!$I:$I=$B34)*('Pedido VACIO'!$A:$A="Cia Integral Etiquetas"),0)),"")} | D34: {=+IFERROR(INDEX('Pedido VACIO'!$H:$H,MATCH(1,('Pedido VACIO'!$I:$I=$B34)*('Pedido VACIO'!$A:$A="Cia Integral Etiquetas"),0)),"")} | E34: =+IF(E33="LK","CH",IF(D34="","",IF(D34>0,"LK","CH"))) | F34: =+IF(OR(E34="LK"),ROUNDUP(D34*(VLOOKUP(B34,'Pedido VACIO'!$I:$AM,31,0)/1000),0)*10,IF(E34="CH",D33-F33,""))
E35: =+IF(E34="LK","CH",IF(D35="","",IF(D35>0,"LK","CH"))) | F35: =+IF(OR(E35="LK"),ROUNDUP(D35*(VLOOKUP(B35,'Pedido VACIO'!$I:$AM,31,0)/1000),0)*10,IF(E35="CH",D34-F34,""))
A36: {=+IFERROR(INDEX('Pedido VACIO'!$C:$C,MATCH(1,('Pedido VACIO'!$I:$I=$B36)*('Pedido VACIO'!$A:$A="Cia Integral Etiquetas"),0)),"")} | B36: =+B34+1 -> 12 | C36: {=+IFERROR(INDEX('Pedido VACIO'!$G:$G,MATCH(1,('Pedido VACIO'!$I:$I=$B36)*('Pedido VACIO'!$A:$A="Cia Integral Etiquetas"),0)),"")} | D36: {=+IFERROR(INDEX('Pedido VACIO'!$H:$H,MATCH(1,('Pedido VACIO'!$I:$I=$B36)*('Pedido VACIO'!$A:$A="Cia Integral Etiquetas"),0)),"")} | E36: =+IF(E35="LK","CH",IF(D36="","",IF(D36>0,"LK","CH"))) | F36: =+IF(OR(E36="LK"),ROUNDUP(D36*(VLOOKUP(B36,'Pedido VACIO'!$I:$AM,31,0)/1000),0)*10,IF(E36="CH",D35-F35,""))
E37: =+IF(E36="LK","CH",IF(D37="","",IF(D37>0,"LK","CH"))) | F37: =+IF(OR(E37="LK"),ROUNDUP(D37*(VLOOKUP(B37,'Pedido VACIO'!$I:$AM,31,0)/1000),0)*10,IF(E37="CH",D36-F36,""))
A38: {=+IFERROR(INDEX('Pedido VACIO'!$C:$C,MATCH(1,('Pedido VACIO'!$I:$I=$B38)*('Pedido VACIO'!$A:$A="Cia Integral Etiquetas"),0)),"")} | B38: =+B36+1 -> 13 | C38: {=+IFERROR(INDEX('Pedido VACIO'!$G:$G,MATCH(1,('Pedido VACIO'!$I:$I=$B38)*('Pedido VACIO'!$A:$A="Cia Integral Etiquetas"),0)),"")} | D38: {=+IFERROR(INDEX('Pedido VACIO'!$H:$H,MATCH(1,('Pedido VACIO'!$I:$I=$B38)*('Pedido VACIO'!$A:$A="Cia Integral Etiquetas"),0)),"")} | E38: =+IF(E37="LK","CH",IF(D38="","",IF(D38>0,"LK","CH"))) | F38: =+IF(OR(E38="LK"),ROUNDUP(D38*(VLOOKUP(B38,'Pedido VACIO'!$I:$AM,31,0)/1000),0)*10,IF(E38="CH",D37-F37,""))
E39: =+IF(E38="LK","CH",IF(D39="","",IF(D39>0,"LK","CH"))) | F39: =+IF(OR(E39="LK"),ROUNDUP(D39*(VLOOKUP(B39,'Pedido VACIO'!$I:$AM,31,0)/1000),0)*10,IF(E39="CH",D38-F38,""))
A40: {=+IFERROR(INDEX('Pedido VACIO'!$C:$C,MATCH(1,('Pedido VACIO'!$I:$I=$B40)*('Pedido VACIO'!$A:$A="Cia Integral Etiquetas"),0)),"")} | B40: =+B38+1 -> 14 | C40: {=+IFERROR(INDEX('Pedido VACIO'!$G:$G,MATCH(1,('Pedido VACIO'!$I:$I=$B40)*('Pedido VACIO'!$A:$A="Cia Integral Etiquetas"),0)),"")} | D40: {=+IFERROR(INDEX('Pedido VACIO'!$H:$H,MATCH(1,('Pedido VACIO'!$I:$I=$B40)*('Pedido VACIO'!$A:$A="Cia Integral Etiquetas"),0)),"")} | E40: =+IF(E39="LK","CH",IF(D40="","",IF(D40>0,"LK","CH"))) | F40: =+IF(OR(E40="LK"),ROUNDUP(D40*(VLOOKUP(B40,'Pedido VACIO'!$I:$AM,31,0)/1000),0)*10,IF(E40="CH",D39-F39,""))
E41: =+IF(E40="LK","CH",IF(D41="","",IF(D41>0,"LK","CH"))) | F41: =+IF(OR(E41="LK"),ROUNDUP(D41*(VLOOKUP(B41,'Pedido VACIO'!$I:$AM,31,0)/1000),0)*10,IF(E41="CH",D40-F40,""))
A42: {=+IFERROR(INDEX('Pedido VACIO'!$C:$C,MATCH(1,('Pedido VACIO'!$I:$I=$B42)*('Pedido VACIO'!$A:$A="Cia Integral Etiquetas"),0)),"")} | B42: =+B40+1 -> 15 | C42: {=+IFERROR(INDEX('Pedido VACIO'!$G:$G,MATCH(1,('Pedido VACIO'!$I:$I=$B42)*('Pedido VACIO'!$A:$A="Cia Integral Etiquetas"),0)),"")} | D42: {=+IFERROR(INDEX('Pedido VACIO'!$H:$H,MATCH(1,('Pedido VACIO'!$I:$I=$B42)*('Pedido VACIO'!$A:$A="Cia Integral Etiquetas"),0)),"")} | E42: =+IF(E41="LK","CH",IF(D42="","",IF(D42>0,"LK","CH"))) | F42: =+IF(OR(E42="LK"),ROUNDUP(D42*(VLOOKUP(B42,'Pedido VACIO'!$I:$AM,31,0)/1000),0)*10,IF(E42="CH",D41-F41,""))
E43: =+IF(E42="LK","CH",IF(D43="","",IF(D43>0,"LK","CH"))) | F43: =+IF(OR(E43="LK"),ROUNDUP(D43*(VLOOKUP(B43,'Pedido VACIO'!$I:$AM,31,0)/1000),0)*10,IF(E43="CH",D42-F42,""))
A44: {=+IFERROR(INDEX('Pedido VACIO'!$C:$C,MATCH(1,('Pedido VACIO'!$I:$I=$B44)*('Pedido VACIO'!$A:$A="Cia Integral Etiquetas"),0)),"")} | B44: =+B42+1 -> 16 | C44: {=+IFERROR(INDEX('Pedido VACIO'!$G:$G,MATCH(1,('Pedido VACIO'!$I:$I=$B44)*('Pedido VACIO'!$A:$A="Cia Integral Etiquetas"),0)),"")} | D44: {=+IFERROR(INDEX('Pedido VACIO'!$H:$H,MATCH(1,('Pedido VACIO'!$I:$I=$B44)*('Pedido VACIO'!$A:$A="Cia Integral Etiquetas"),0)),"")} | E44: =+IF(E43="LK","CH",IF(D44="","",IF(D44>0,"LK","CH"))) | F44: =+IF(OR(E44="LK"),ROUNDUP(D44*(VLOOKUP(B44,'Pedido VACIO'!$I:$AM,31,0)/1000),0)*10,IF(E44="CH",D43-F43,""))
E45: =+IF(E44="LK","CH",IF(D45="","",IF(D45>0,"LK","CH"))) | F45: =+IF(OR(E45="LK"),ROUNDUP(D45*(VLOOKUP(B45,'Pedido VACIO'!$I:$AM,31,0)/1000),0)*10,IF(E45="CH",D44-F44,""))
A46: {=+IFERROR(INDEX('Pedido VACIO'!$C:$C,MATCH(1,('Pedido VACIO'!$I:$I=$B46)*('Pedido VACIO'!$A:$A="Cia Integral Etiquetas"),0)),"")} | B46: =+B44+1 -> 17 | C46: {=+IFERROR(INDEX('Pedido VACIO'!$G:$G,MATCH(1,('Pedido VACIO'!$I:$I=$B46)*('Pedido VACIO'!$A:$A="Cia Integral Etiquetas"),0)),"")} | D46: {=+IFERROR(INDEX('Pedido VACIO'!$H:$H,MATCH(1,('Pedido VACIO'!$I:$I=$B46)*('Pedido VACIO'!$A:$A="Cia Integral Etiquetas"),0)),"")} | E46: =+IF(E45="LK","CH",IF(D46="","",IF(D46>0,"LK","CH"))) | F46: =+IF(OR(E46="LK"),ROUNDUP(D46*(VLOOKUP(B46,'Pedido VACIO'!$I:$AM,31,0)/1000),0)*10,IF(E46="CH",D45-F45,""))
E47: =+IF(E46="LK","CH",IF(D47="","",IF(D47>0,"LK","CH"))) | F47: =+IF(OR(E47="LK"),ROUNDUP(D47*(VLOOKUP(B47,'Pedido VACIO'!$I:$AM,31,0)/1000),0)*10,IF(E47="CH",D46-F46,""))
A48: {=+IFERROR(INDEX('Pedido VACIO'!$C:$C,MATCH(1,('Pedido VACIO'!$I:$I=$B48)*('Pedido VACIO'!$A:$A="Cia Integral Etiquetas"),0)),"")} | B48: =+B46+1 -> 18 | C48: {=+IFERROR(INDEX('Pedido VACIO'!$G:$G,MATCH(1,('Pedido VACIO'!$I:$I=$B48)*('Pedido VACIO'!$A:$A="Cia Integral Etiquetas"),0)),"")} | D48: {=+IFERROR(INDEX('Pedido VACIO'!$H:$H,MATCH(1,('Pedido VACIO'!$I:$I=$B48)*('Pedido VACIO'!$A:$A="Cia Integral Etiquetas"),0)),"")} | E48: =+IF(E47="LK","CH",IF(D48="","",IF(D48>0,"LK","CH"))) | F48: =+IF(OR(E48="LK"),ROUNDUP(D48*(VLOOKUP(B48,'Pedido VACIO'!$I:$AM,31,0)/1000),0)*10,IF(E48="CH",D47-F47,""))
E49: =+IF(E48="LK","CH",IF(D49="","",IF(D49>0,"LK","CH"))) | F49: =+IF(OR(E49="LK"),ROUNDUP(D49*(VLOOKUP(B49,'Pedido VACIO'!$I:$AM,31,0)/1000),0)*10,IF(E49="CH",D48-F48,""))
A50: {=+IFERROR(INDEX('Pedido VACIO'!$C:$C,MATCH(1,('Pedido VACIO'!$I:$I=$B50)*('Pedido VACIO'!$A:$A="Cia Integral Etiquetas"),0)),"")} | B50: =+B48+1 -> 19 | C50: {=+IFERROR(INDEX('Pedido VACIO'!$G:$G,MATCH(1,('Pedido VACIO'!$I:$I=$B50)*('Pedido VACIO'!$A:$A="Cia Integral Etiquetas"),0)),"")} | D50: {=+IFERROR(INDEX('Pedido VACIO'!$H:$H,MATCH(1,('Pedido VACIO'!$I:$I=$B50)*('Pedido VACIO'!$A:$A="Cia Integral Etiquetas"),0)),"")} | E50: =+IF(E49="LK","CH",IF(D50="","",IF(D50>0,"LK","CH"))) | F50: =+IF(OR(E50="LK"),ROUNDUP(D50*(VLOOKUP(B50,'Pedido VACIO'!$I:$AM,31,0)/1000),0)*10,IF(E50="CH",D49-F49,""))
E51: =+IF(E50="LK","CH",IF(D51="","",IF(D51>0,"LK","CH"))) | F51: =+IF(OR(E51="LK"),ROUNDUP(D51*(VLOOKUP(B51,'Pedido VACIO'!$I:$AM,31,0)/1000),0)*10,IF(E51="CH",D50-F50,""))
A52: {=+IFERROR(INDEX('Pedido VACIO'!$C:$C,MATCH(1,('Pedido VACIO'!$I:$I=$B52)*('Pedido VACIO'!$A:$A="Cia Integral Etiquetas"),0)),"")} | B52: =+B50+1 -> 20 | C52: {=+IFERROR(INDEX('Pedido VACIO'!$G:$G,MATCH(1,('Pedido VACIO'!$I:$I=$B52)*('Pedido VACIO'!$A:$A="Cia Integral Etiquetas"),0)),"")} | D52: {=+IFERROR(INDEX('Pedido VACIO'!$H:$H,MATCH(1,('Pedido VACIO'!$I:$I=$B52)*('Pedido VACIO'!$A:$A="Cia Integral Etiquetas"),0)),"")} | E52: =+IF(E51="LK","CH",IF(D52="","",IF(D52>0,"LK","CH"))) | F52: =+IF(OR(E52="LK"),ROUNDUP(D52*(VLOOKUP(B52,'Pedido VACIO'!$I:$AM,31,0)/1000),0)*10,IF(E52="CH",D51-F51,""))
E53: =+IF(E52="LK","CH",IF(D53="","",IF(D53>0,"LK","CH"))) | F53: =+IF(OR(E53="LK"),ROUNDUP(D53*(VLOOKUP(B53,'Pedido VACIO'!$I:$AM,31,0)/1000),0)*10,IF(E53="CH",D52-F52,""))
A54: {=+IFERROR(INDEX('Pedido VACIO'!$C:$C,MATCH(1,('Pedido VACIO'!$I:$I=$B54)*('Pedido VACIO'!$A:$A="Cia Integral Etiquetas"),0)),"")} | B54: =+B52+1 -> 21 | C54: {=+IFERROR(INDEX('Pedido VACIO'!$G:$G,MATCH(1,('Pedido VACIO'!$I:$I=$B54)*('Pedido VACIO'!$A:$A="Cia Integral Etiquetas"),0)),"")} | D54: {=+IFERROR(INDEX('Pedido VACIO'!$H:$H,MATCH(1,('Pedido VACIO'!$I:$I=$B54)*('Pedido VACIO'!$A:$A="Cia Integral Etiquetas"),0)),"")} | E54: =+IF(E53="LK","CH",IF(D54="","",IF(D54>0,"LK","CH"))) | F54: =+IF(OR(E54="LK"),ROUNDUP(D54*(VLOOKUP(B54,'Pedido VACIO'!$I:$AM,31,0)/1000),0)*10,IF(E54="CH",D53-F53,""))
E55: =+IF(E54="LK","CH",IF(D55="","",IF(D55>0,"LK","CH"))) | F55: =+IF(OR(E55="LK"),ROUNDUP(D55*(VLOOKUP(B55,'Pedido VACIO'!$I:$AM,31,0)/1000),0)*10,IF(E55="CH",D54-F54,""))
A56: {=+IFERROR(INDEX('Pedido VACIO'!$C:$C,MATCH(1,('Pedido VACIO'!$I:$I=$B56)*('Pedido VACIO'!$A:$A="Cia Integral Etiquetas"),0)),"")} | B56: =+B54+1 -> 22 | C56: {=+IFERROR(INDEX('Pedido VACIO'!$G:$G,MATCH(1,('Pedido VACIO'!$I:$I=$B56)*('Pedido VACIO'!$A:$A="Cia Integral Etiquetas"),0)),"")} | D56: {=+IFERROR(INDEX('Pedido VACIO'!$H:$H,MATCH(1,('Pedido VACIO'!$I:$I=$B56)*('Pedido VACIO'!$A:$A="Cia Integral Etiquetas"),0)),"")} | E56: =+IF(E55="LK","CH",IF(D56="","",IF(D56>0,"LK","CH"))) | F56: =+IF(OR(E56="LK"),ROUNDUP(D56*(VLOOKUP(B56,'Pedido VACIO'!$I:$AM,31,0)/1000),0)*10,IF(E56="CH",D55-F55,""))
E57: =+IF(E56="LK","CH",IF(D57="","",IF(D57>0,"LK","CH"))) | F57: =+IF(OR(E57="LK"),ROUNDUP(D57*(VLOOKUP(B57,'Pedido VACIO'!$I:$AM,31,0)/1000),0)*10,IF(E57="CH",D56-F56,""))
A58: {=+IFERROR(INDEX('Pedido VACIO'!$C:$C,MATCH(1,('Pedido VACIO'!$I:$I=$B58)*('Pedido VACIO'!$A:$A="Cia Integral Etiquetas"),0)),"")} | B58: =+B56+1 -> 23 | C58: {=+IFERROR(INDEX('Pedido VACIO'!$G:$G,MATCH(1,('Pedido VACIO'!$I:$I=$B58)*('Pedido VACIO'!$A:$A="Cia Integral Etiquetas"),0)),"")} | D58: {=+IFERROR(INDEX('Pedido VACIO'!$H:$H,MATCH(1,('Pedido VACIO'!$I:$I=$B58)*('Pedido VACIO'!$A:$A="Cia Integral Etiquetas"),0)),"")} | E58: =+IF(E57="LK","CH",IF(D58="","",IF(D58>0,"LK","CH"))) | F58: =+IF(OR(E58="LK"),ROUNDUP(D58*(VLOOKUP(B58,'Pedido VACIO'!$I:$AM,31,0)/1000),0)*10,IF(E58="CH",D57-F57,""))
E59: =+IF(E58="LK","CH",IF(D59="","",IF(D59>0,"LK","CH"))) | F59: =+IF(OR(E59="LK"),ROUNDUP(D59*(VLOOKUP(B59,'Pedido VACIO'!$I:$AM,31,0)/1000),0)*10,IF(E59="CH",D58-F58,""))
A60: {=+IFERROR(INDEX('Pedido VACIO'!$C:$C,MATCH(1,('Pedido VACIO'!$I:$I=$B60)*('Pedido VACIO'!$A:$A="Cia Integral Etiquetas"),0)),"")} | B60: =+B58+1 -> 24 | C60: {=+IFERROR(INDEX('Pedido VACIO'!$G:$G,MATCH(1,('Pedido VACIO'!$I:$I=$B60)*('Pedido VACIO'!$A:$A="Cia Integral Etiquetas"),0)),"")} | D60: {=+IFERROR(INDEX('Pedido VACIO'!$H:$H,MATCH(1,('Pedido VACIO'!$I:$I=$B60)*('Pedido VACIO'!$A:$A="Cia Integral Etiquetas"),0)),"")} | E60: =+IF(E59="LK","CH",IF(D60="","",IF(D60>0,"LK","CH"))) | F60: =+IF(OR(E60="LK"),ROUNDUP(D60*(VLOOKUP(B60,'Pedido VACIO'!$I:$AM,31,0)/1000),0)*10,IF(E60="CH",D59-F59,""))
E61: =+IF(E60="LK","CH",IF(D61="","",IF(D61>0,"LK","CH"))) | F61: =+IF(OR(E61="LK"),ROUNDUP(D61*(VLOOKUP(B61,'Pedido VACIO'!$I:$AM,31,0)/1000),0)*10,IF(E61="CH",D60-F60,""))
A62: {=+IFERROR(INDEX('Pedido VACIO'!$C:$C,MATCH(1,('Pedido VACIO'!$I:$I=$B62)*('Pedido VACIO'!$A:$A="Cia Integral Etiquetas"),0)),"")} | B62: =+B60+1 -> 25 | C62: {=+IFERROR(INDEX('Pedido VACIO'!$G:$G,MATCH(1,('Pedido VACIO'!$I:$I=$B62)*('Pedido VACIO'!$A:$A="Cia Integral Etiquetas"),0)),"")} | D62: {=+IFERROR(INDEX('Pedido VACIO'!$H:$H,MATCH(1,('Pedido VACIO'!$I:$I=$B62)*('Pedido VACIO'!$A:$A="Cia Integral Etiquetas"),0)),"")} | E62: =+IF(E61="LK","CH",IF(D62="","",IF(D62>0,"LK","CH"))) | F62: =+IF(OR(E62="LK"),ROUNDUP(D62*(VLOOKUP(B62,'Pedido VACIO'!$I:$AM,31,0)/1000),0)*10,IF(E62="CH",D61-F61,""))
E63: =+IF(E62="LK","CH",IF(D63="","",IF(D63>0,"LK","CH"))) | F63: =+IF(OR(E63="LK"),ROUNDUP(D63*(VLOOKUP(B63,'Pedido VACIO'!$I:$AM,31,0)/1000),0)*10,IF(E63="CH",D62-F62,""))
A64: {=+IFERROR(INDEX('Pedido VACIO'!$C:$C,MATCH(1,('Pedido VACIO'!$I:$I=$B64)*('Pedido VACIO'!$A:$A="Cia Integral Etiquetas"),0)),"")} | B64: =+B62+1 -> 26 | C64: {=+IFERROR(INDEX('Pedido VACIO'!$G:$G,MATCH(1,('Pedido VACIO'!$I:$I=$B64)*('Pedido VACIO'!$A:$A="Cia Integral Etiquetas"),0)),"")} | D64: {=+IFERROR(INDEX('Pedido VACIO'!$H:$H,MATCH(1,('Pedido VACIO'!$I:$I=$B64)*('Pedido VACIO'!$A:$A="Cia Integral Etiquetas"),0)),"")} | E64: =+IF(E63="LK","CH",IF(D64="","",IF(D64>0,"LK","CH"))) | F64: =+IF(OR(E64="LK"),ROUNDUP(D64*(VLOOKUP(B64,'Pedido VACIO'!$I:$AM,31,0)/1000),0)*10,IF(E64="CH",D63-F63,""))
E65: =+IF(E64="LK","CH",IF(D65="","",IF(D65>0,"LK","CH"))) | F65: =+IF(OR(E65="LK"),ROUNDUP(D65*(VLOOKUP(B65,'Pedido VACIO'!$I:$AM,31,0)/1000),0)*10,IF(E65="CH",D64-F64,""))
A66: {=+IFERROR(INDEX('Pedido VACIO'!$C:$C,MATCH(1,('Pedido VACIO'!$I:$I=$B66)*('Pedido VACIO'!$A:$A="Cia Integral Etiquetas"),0)),"")} | B66: =+B64+1 -> 27 | C66: {=+IFERROR(INDEX('Pedido VACIO'!$G:$G,MATCH(1,('Pedido VACIO'!$I:$I=$B66)*('Pedido VACIO'!$A:$A="Cia Integral Etiquetas"),0)),"")} | D66: {=+IFERROR(INDEX('Pedido VACIO'!$H:$H,MATCH(1,('Pedido VACIO'!$I:$I=$B66)*('Pedido VACIO'!$A:$A="Cia Integral Etiquetas"),0)),"")} | E66: =+IF(E65="LK","CH",IF(D66="","",IF(D66>0,"LK","CH"))) | F66: =+IF(OR(E66="LK"),ROUNDUP(D66*(VLOOKUP(B66,'Pedido VACIO'!$I:$AM,31,0)/1000),0)*10,IF(E66="CH",D65-F65,""))
E67: =+IF(E66="LK","CH",IF(D67="","",IF(D67>0,"LK","CH"))) | F67: =+IF(OR(E67="LK"),ROUNDUP(D67*(VLOOKUP(B67,'Pedido VACIO'!$I:$AM,31,0)/1000),0)*10,IF(E67="CH",D66-F66,""))
A68: {=+IFERROR(INDEX('Pedido VACIO'!$C:$C,MATCH(1,('Pedido VACIO'!$I:$I=$B68)*('Pedido VACIO'!$A:$A="Cia Integral Etiquetas"),0)),"")} | B68: =+B66+1 -> 28 | C68: {=+IFERROR(INDEX('Pedido VACIO'!$G:$G,MATCH(1,('Pedido VACIO'!$I:$I=$B68)*('Pedido VACIO'!$A:$A="Cia Integral Etiquetas"),0)),"")} | D68: {=+IFERROR(INDEX('Pedido VACIO'!$H:$H,MATCH(1,('Pedido VACIO'!$I:$I=$B68)*('Pedido VACIO'!$A:$A="Cia Integral Etiquetas"),0)),"")} | E68: =+IF(E67="LK","CH",IF(D68="","",IF(D68>0,"LK","CH"))) | F68: =+IF(OR(E68="LK"),ROUNDUP(D68*(VLOOKUP(B68,'Pedido VACIO'!$I:$AM,31,0)/1000),0)*10,IF(E68="CH",D67-F67,""))
E69: =+IF(E68="LK","CH",IF(D69="","",IF(D69>0,"LK","CH"))) | F69: =+IF(OR(E69="LK"),ROUNDUP(D69*(VLOOKUP(B69,'Pedido VACIO'!$I:$AM,31,0)/1000),0)*10,IF(E69="CH",D68-F68,""))
A70: {=+IFERROR(INDEX('Pedido VACIO'!$C:$C,MATCH(1,('Pedido VACIO'!$I:$I=$B70)*('Pedido VACIO'!$A:$A="Cia Integral Etiquetas"),0)),"")} | B70: =+B68+1 -> 29 | C70: {=+IFERROR(INDEX('Pedido VACIO'!$G:$G,MATCH(1,('Pedido VACIO'!$I:$I=$B70)*('Pedido VACIO'!$A:$A="Cia Integral Etiquetas"),0)),"")} | D70: {=+IFERROR(INDEX('Pedido VACIO'!$H:$H,MATCH(1,('Pedido VACIO'!$I:$I=$B70)*('Pedido VACIO'!$A:$A="Cia Integral Etiquetas"),0)),"")} | E70: =+IF(E69="LK","CH",IF(D70="","",IF(D70>0,"LK","CH"))) | F70: =+IF(OR(E70="LK"),ROUNDUP(D70*(VLOOKUP(B70,'Pedido VACIO'!$I:$AM,31,0)/1000),0)*10,IF(E70="CH",D69-F69,""))
E71: =+IF(E70="LK","CH",IF(D71="","",IF(D71>0,"LK","CH"))) | F71: =+IF(OR(E71="LK"),ROUNDUP(D71*(VLOOKUP(B71,'Pedido VACIO'!$I:$AM,31,0)/1000),0)*10,IF(E71="CH",D70-F70,""))
A72: {=+IFERROR(INDEX('Pedido VACIO'!$C:$C,MATCH(1,('Pedido VACIO'!$I:$I=$B72)*('Pedido VACIO'!$A:$A="Cia Integral Etiquetas"),0)),"")} | B72: =+B70+1 -> 30 | C72: {=+IFERROR(INDEX('Pedido VACIO'!$G:$G,MATCH(1,('Pedido VACIO'!$I:$I=$B72)*('Pedido VACIO'!$A:$A="Cia Integral Etiquetas"),0)),"")} | D72: {=+IFERROR(INDEX('Pedido VACIO'!$H:$H,MATCH(1,('Pedido VACIO'!$I:$I=$B72)*('Pedido VACIO'!$A:$A="Cia Integral Etiquetas"),0)),"")} | E72: =+IF(E71="LK","CH",IF(D72="","",IF(D72>0,"LK","CH"))) | F72: =+IF(OR(E72="LK"),ROUNDUP(D72*(VLOOKUP(B72,'Pedido VACIO'!$I:$AM,31,0)/1000),0)*10,IF(E72="CH",D71-F71,""))
E73: =+IF(E72="LK","CH",IF(D73="","",IF(D73>0,"LK","CH"))) | F73: =+IF(OR(E73="LK"),ROUNDUP(D73*(VLOOKUP(B73,'Pedido VACIO'!$I:$AM,31,0)/1000),0)*10,IF(E73="CH",D72-F72,""))

Sheet O.C. Sumatik
A1: Loekemeyer Hnos. S.R.L | D1: ORDEN DE COMPRA
A2: CUIT: | C2: 30-51584245-0
A3: DIRECCION: | C3: Cervantes 2868
A4: LOCALIDAD: | C4: Villa Devoto, CABA | D4: FECHA PEDIDO: | F4: =+TODAY() -> 46052
A5: TELEFONO: | C5: 11 3118-1027
A7: RAZON SOCIAL: | C7: SUMATIK | D7: COD PROV: | E7: 2119
A9: ENTREGA EN: | C9: Cervantes 2868
A11: ESTE PEDIDO ANULA CUALQUIER PEDIDO ANTERIOR
A12: Cód ISIS | B12: N° Ord | C12: Descripción | D12: Pedido Damian Rollo | E12: Fecha Entrega | F12: Entrega Rollo | G12: Entrega Fecha | H12: Entrega Rollo | I12: Entrega Fecha | J12: Entrega Rollo | K12: Entrega Fecha
A13: 1256700 | C13: Etiqueta 49 x 25
A15: 1255700 | C15: Etiqueta 38 x 20
A17: 1258700 | C17: Etiqueta 100 x 35
A19: 1257700 | C19: Etiqueta 100 x 65
A21: 1254700 | C21: Ribbon Cera 102 x 450 Negro
A24: Chef S.R.L | D24: ORDEN DE COMPRA
A25: CUIT: | C25: 30-68575625-7
A26: DIRECCION: | C26: Virgilio 2788
A27: LOCALIDAD: | C27: Villa Devoto, CABA | D27: FECHA PEDIDO: | F27: =+TODAY() -> 46052
A28: TELEFONO: | C28: 11 3118-1027
A30: RAZON SOCIAL: | C30: SUMATIK | D30: COD PROV: | E30: 1575
A32: ENTREGA EN: | C32: Cervantes 2868
A34: ESTE PEDIDO ANULA CUALQUIER PEDIDO ANTERIOR
A35: Cód ISIS | B35: N° Ord | C35: Descripción | D35: Pedido Damian Rollo | E35: Fecha Entrega | F35: Entrega Rollo | G35: Entrega Fecha | H35: Entrega Rollo | I35: Entrega Fecha | J35: Entrega Rollo | K35: Entrega Fecha
A36: 2335700 | C36: Etiqueta 49 x 25
A38: 2338700 | C38: Etiqueta 38 x 20
A40: 2336700 | C40: Etiqueta 100 x 35
A42: 2333700 | C42: Etiqueta 100 x 65
A44: 2334700 | C44: Ribbon Cera 102 x 450 Negro

Sheet O.C. Packaging y Servicios
D1: Este pedido anula cualquier pedido anterior
D2: Packaging y Servicios | E2: Fecha: | F2: =+TODAY() -> 46052
A3: Cód ISIS | B3: Cod | D3: Sunchos | E3: Pedido Damian Rollos | F3: Orden Prioridad | H3: Fecha Entrega | J3: Entrega: | K3: Entrega: | L3: Entrega:
A4: 1251700 | B4: Varios | D4: Film Strecht Virgen
A5: 1252700 | B5: Varios | D5: Fleje Prolipropileno 11.5 mm | E5: 10

Sheet O.C. Precinter
A1: Loekemeyer Hnos. S.R.L | D1: ORDEN DE COMPRA
A2: CUIT: | B2: 30-51584245-0
A3: DIRECCION: | B3: Cervantes 2868
A4: LOCALIDAD: | B4: Villa Devoto, CABA | D4: FECHA PEDIDO: | F4: =+TODAY() -> 46052
A5: TELEFONO: | B5: 11 3118-1027
A7: RAZON SOCIAL: | B7: PRECINTER | D7: COD PROV: | E7: 4227
A9: ENTREGA EN: | B9: Cervantes 2868
A11: ESTE PEDIDO ANULA CUALQUIER PEDIDO ANTERIOR
A12: Cód ISIS | B12: N° Ord | C12: Descripción | D12: Pedido Damian Uni | E12: Fecha Entrega | F12: Entrega Uni | G12: Entrega Fecha | H12: Entrega Uni | I12: Entrega Fecha | J12: Entrega Uni | K12: Entrega Fecha
A13: 1249700 | C13: Prescintos Negros N° 8 | D13: =50000*0.7 -> 35000
A15: 1247700 | C15: Prescintos Negros N° 12 | D15: =20000*0.7 -> 14000
A17: 1248700 | C17: Prescintos Negros N° 10 | D17: =150000*0.7 -> 105000
A19: 1246700 | C19: Prescintos Negros N° 14 | D19: =10000*0.7 -> 7000
A21: 1284700 | C21: Prescintos Negros N° 16 | D21: =10000*0.7 -> 7000
A24: Chef S.R.L | D24: ORDEN DE COMPRA
A25: CUIT: | B25: 30-68575625-7
A26: DIRECCION: | B26: Virgilio 2788
A27: LOCALIDAD: | B27: Villa Devoto, CABA | D27: FECHA PEDIDO: | F27: =+TODAY() -> 46052
A28: TELEFONO: | B28: 11 3118-1027
A30: RAZON SOCIAL: | B30: PRECINTER | D30: COD PROV: | E30: 3921
A32: ENTREGA EN: | B32: Cervantes 2868
A34: ESTE PEDIDO ANULA CUALQUIER PEDIDO ANTERIOR
A35: Cód ISIS | B35: N° Ord | C35: Descripción | D35: Pedido Damian Uni | E35: Fecha Entrega | F35: Entrega Uni | G35: Entrega Fecha | H35: Entrega Uni | I35: Entrega Fecha | J35: Entrega Uni | K35: Entrega Fecha
A36: 2350700 | C36: Prescintos Negros N° 8 | D36: =50000*0.3 -> 15000
A38: 2329700 | C38: Prescintos Negros N° 12 | D38: =20000*0.3 -> 6000
A40: 2328700 | C40: Prescintos Negros N° 10 | D40: =150000*0.3 -> 45000
A42: 2330700 | C42: Prescintos Negros N° 14 | D42: =10000*0.3 -> 3000
A44: 2400700 | C44: Prescintos Negros N° 16 | D44: =10000*0.3 -> 3000

Sheet O.C. Envases Vihal
D1: Este pedido anula cualquier pedido anterior
D2: Envases Vihal | E2: Fecha: | F2: =+TODAY() -> 46052
A3: Cód ISIS | B3: Cod | C3: L | D3: Bolsas | E3: Pedido Damian | F3: Orden Prioridad | H3: Fecha Entrega | J3: Entrega: | K3: Entrega: | L3: Entrega:
A4: 1203700 | B4: 31 | C4: LK | D4: Bolsa Filtro Café LK | E4: 30000
A5: 2314700 | B5: 836 | C5: LK | D5: Bolsa Filtro Café CH
A6: 1204700 | B6: 715 | C6: CH | D6: Bolsa Cierra Bolsa

Sheet O.C. Papelera 9 de Julio
D1: Este pedido anula cualquier pedido anterior
D2: Papelera 9 de Julio | E2: Fecha: | F2: =+TODAY() -> 46052
A3: Cód ISIS | B3: Cod | C3: L | D3: Bolsas | E3: Pedido Damian | F3: Orden Prioridad | H3: Fecha Entrega | J3: Entrega: | K3: Entrega: | L3: Entrega:
A4: 1314700 | B4: 34 | C4: LK | D4: Bolsa Filtro Café Gast LK
B5: 867 | C5: CH | D5: Bolsa Filtro Café Gast CH

Sheet O.C. AJ Adhesivos
D1: Este pedido anula cualquier pedido anterior
D2: AJ Adhesivos | E2: Fecha: | F2: =+TODAY() -> 46052
A3: Cód ISIS | B3: Cod | C3: L | D3: Pliegos Adhesivado | E3: Pedido Damian | F3: Orden Prioridad | H3: Fecha Entrega | J3: Entrega: | K3: Entrega: | L3: Entrega:
A4: 1259700 | B4: 500 | C4: LK | D4: Abrelata Uña Pie
A5: 1260700 | B5: 506 | C5: LK | D5: Abrelatas Uña
A6: 1279700 | B6: 510 | C6: LK | D6: Abrelata Uña Crom
A7: 2326700 | B7: 706 | C7: CH | D7: Abrelatas Uña 706 CH
A8: 1262700 | B8: 555 | C8: LK | D8: Cepillo Limpia Bombilla
A9: 1262700 | B9: 557 | C9: LK | D9: Bombilla Resorte Chata
A10: 1262700 | B10: 558 | C10: LK | D10: Bombilla Resorte Tradici
A11: 1262700 | B11: 654 | C11: LK | D11: Bombilla AutoLimp
A12: 2326700 | B12: Varios | C12: CH | D12: Bombilla Chef

Sheet O.C. Grafica Pol
A1: Loekemeyer Hnos. S.R.L | E1: ORDEN DE COMPRA
A2: CUIT: | B2: 30-51584245-0
A3: DIRECCION: | B3: Cervantes 2868
A4: LOCALIDAD: | B4: Villa Devoto, CABA | E4: FECHA PEDIDO: | G4: =+TODAY() -> 46052
A5: TELEFONO: | B5: 11 3118-1027
A7: RAZON SOCIAL: | B7: TALLER GRAFICA POL | E7: COD PROV: | F7: 2147
A9: ENTREGA EN: | B9: Cervantes 2868
A11: ESTE PEDIDO ANULA CUALQUIER PEDIDO ANTERIOR
A12: Cód ISIS | B12: Cod | C12: N° Ord | D12: Descripcion | E12: Pedido Damian Uni | F12: Fecha Entrega | G12: Entrega Uni | H12: Entrega Fecha | I12: Entrega Uni | J12: Entrega Fecha | K12: Entrega Uni | L12: Entrega Fecha
A13: 1208700 | B13: 280 | D13: Manga Repostera + 4 Boquillas
A15: 1206700 | B15: 512 | D15: Abrelatas Mariposa Capuchon Rojo
A17: 1206700 | B17: 501 | D17: Abrelatas A Manija
A19: 1206700 | B19: 502 | D19: Abrelatas Mariposa Cromado
A21: 1217700 | B21: 222 | D21: Bate Bife Madera
A23: 1206700 | B23: 395 | D23: Descorazonador De Manzana
A25: 1206700 | B25: 570 | D25: Pala De Canelones
A27: 1206700 | B27: 559 | D27: Corta Ravioles c/Mango Loeke
A29: 1206700 | B29: 562 | D29: Corta Pizza 6cm Mgo LK
A31: 1206700 | B31: 548 | D31: Pincel Pastelero
A33: 1214700 | B33: 575 | D33: Tapon De Vino/Cerveza x1 Negro
A35: 1217700 | B35: 312 | D35: Pala De Torta Acero Inox
... A99: 1206700 | B99: 544 | D99: Batidor Pera Alambre
A101: 1217700 | B101: Varios | D101: Corbata Generica LK
A103: 1217700 | B103: 248 | D103: Cuchara Nylon Reforzada
A105: 1217700 | B105: 29 | D105: Colador Ø 16cm
A107: 1217700 | B107: 333 | D107: Espumadera Ac.Inox.
A109: 1217700 | B109: 30 | D109: Colador Ø 20cm
A111: 1217700 | B111: 26 | D111: Colador Ø 8cm
A113: 1217700 | B113: 27 | D113: Colador Ø 10cm
A115: 1217700 | B115: 225 | D115: Cuchara Madera 35 Cm
A117: 1217700 | B117: 332 | D117: Espatula Calada Ac. Inox.
A119: 1217700 | B119: 334 | D119: Cuchara Salsera Inox
A121: 1217700 | B121: 335 | D121: Cuchara Calada Ac.Inox.
A123: 1217700 | B123: 336 | D123: Cucharon Ac.Inox.
A125: 1217700 | B125: 337 | D125: Pinche Ac.Inox.
... A179: 1267700 | B179: 517 | D179: Pinza Gastronomica 25cm
A181: 1216700 | B181: Varios | D181: Bandita LK
B183: 515 | D183: Batidor Resorte
A185: Cód ISIS | B185: Cod | C185: N° Ord | D185: Pliegos SIN Adhesivar | E185: Pedido Damian Paquete | F185: Fecha Entrega | G185: Entrega Paquete | H185: Entrega Fecha | I185: Entrega Paquete | J185: Entrega Fecha | K185: Entrega Paquete | L185: Entrega Fecha
A186: 1259700 | B186: 500 | D186: Abrelata Uña Pie
A188: 1260700 | B188: 506 | D188: Abrelatas Uña
A190: 1279700 | B190: 510 | D190: Abrelata Uña Cromado
A192: 1262700 | B192: 555 | D192: Cepillo Limpia Bombilla
A194: 1262700 | B194: 557 | D194: Bombilla Resorte Chata
A196: 1262700 | B196: 558 | D196: Bombilla Resorte Tradici
A198: 1262700 | B198: 654 | D198: Bombilla AutoLimp
A201: Chef S.R.L | E201: ORDEN DE COMPRA
A202: CUIT: | B202: 30-68575625-7
A203: DIRECCION: | B203: Virgilio 2788
A204: LOCALIDAD: | B204: Villa Devoto, CABA | E204: FECHA PEDIDO: | G204: =+TODAY() -> 46052
A205: TELEFONO: | B205: 11 3118-1027
A207: RAZON SOCIAL: | B207: TALLER GRAFICA POL | E207: COD PROV: | F207: 1583
A209: ENTREGA EN: | B209: Cervantes 2868
A211: ESTE PEDIDO ANULA CUALQUIER PEDIDO ANTERIOR
A213: Cód ISIS | B213: Cod | C213: N° Ord | D213: Descripcion | E213: Pedido Damian Uni | F213: Fecha Entrega | G213: Entrega Uni | H213: Entrega Fecha | I213: Entrega Uni | J213: Entrega Fecha | K213: Entrega Uni | L213: Entrega Fecha
A214: 2321700 | B214: Varios | D214: Corbata N°8 CH
A216: 2315700 | B216: 99 | D216: Pelapapas Mgo Plast Ergo Negro
A218: 2320700 | B218: 713 | D218: Pelador Mgo Metalico
A220: 2320700 | B220: 731 | D220: Sacacorcho Combinado Color
A222: 2319700 | B222: 809 | D222: Corta Queso Blandos Mgo Alambre
A224: 2320700 | B224: 730 | D224: Sacacorcho Tipo Mozo Color
A226: 2315700 | B226: 43 | D226: Abrelatas Uña 3 En 1
A228: 2319700 | B228: 701 | D228: Abrelatas A Manija
A230: 2320700 | B230: 735 | D230: Sacacorcho Cabo Ergonomico
A232: 2315700 | B232: 862 | D232: Corta Pizza Familiar
A234: 2315700 | B234: 859 | D234: Corta Ravioles c/Mango Loeke
A236: 2315700 | B236: 720 | D236: Ahueca Papas
A238: 2315700 | B238: 722 | D238: Ahueca Frutas
... A288: 2395700 | B288: 840 | D288: Rallador Cilindrico 21cm
A290: 2327700 | B290: Varios | D290: Bandita CH
A292: Cód ISIS | B292: Cod | C292: N° Ord | D292: Pliegos SIN Adhesivar | E292: Pedido Damian Uni | F292: Fecha Entrega | G292: Entrega Uni | H292: Entrega Fecha | I292: Entrega Uni | J292: Entrega Fecha | K292: Entrega Uni | L292: Entrega Fecha
A293: 2326700 | B293: 706 | D293: Abrelatas Uña 706 CH
A295: 2326700 | B295: Varios | D295: Bombilla Chef
A299: Loekemeyer SRL - LOKE | E299: ORDEN DE COMPRA
A300: CUIT: | B300: 30-51584245-0
A301: DIRECCION: | B301: Cervantes 2868
A302: LOCALIDAD: | B302: Villa Devoto, CABA | E302: FECHA PEDIDO: | G302: =+TODAY() -> 46052
A303: TELEFONO: | B303: 11 3118-1027
A305: RAZON SOCIAL: | B305: TALLER GRAFICA POL | E305: COD PROV: | F305: 2147
A307: ENTREGA EN: | B307: Cervantes 2868
A309: ESTE PEDIDO ANULA CUALQUIER PEDIDO ANTERIOR
A311: Cód ISIS | B311: Cod | C311: N° Ord | D311: Descripcion | E311: Pedido Damian Uni | F311: Fecha Entrega | G311: Entrega Uni | H311: Entrega Fecha | I311: Entrega Uni | J311: Entrega Fecha | K311: Entrega Uni | L311: Entrega Fecha
B312: 101 | D312: Abr Manija Loke
B314: 102 | D314: Abr Mariposa Loke
B316: 103 | D316: Abr Uña Pint Loke
B318: 104 | D318: Sac Ergo Loke
B320: 106 | D320: Sac Doble Impluso Loke
B322: 108 | D322: Pel Mgo Met Loke
B324: 110 | D324: Colador N° 8 Loke
B326: 111 | D326: Colador N°10 Loke
B328: 112 | D328: Ø 16 Env. Loke
B330: 113 | D330: Colador N°20 Loke
B332: 114 | D332: Afila Cuch Loke
B334: 115 | D334: Batidor Pera Loke
... B342: 123 | D342: Pelador Plastico Loke
B344: 123E | D344: Pelador Plastico
B346: 186 | D346: Pelador Ergo Loke
B348: 193 | D348: Tostador Enlozado Loke

Sheet Pedido VACIO
D1: CONTEO CARTONES Y PLIEGOS
G4: Este pedido anula cualquier pedido anterior
C5: Grafica Pol | G5: Fecha Pedido:
C7: Loekemeyer Hnos. S.R.L
C8: Tipo C - Pliego 1 Abrelatas - Troquel Abrelatas (Mariposa 12)
C9: Cód ISIS | D9: Cod | E9: Sector | F9: L | G9: Descripcion | H9: Pedido Damian Uni | I9: Orden Priori | L9: % Ocup Conteo | M9: % Ocup Virgilio | O9: Pedido Uni | P9: Max Cons 3 Mes Uni | Q9: Stock Uni | R9: Pedido Pend Uni | T9: Stock CD Uni | U9: Stock Total Uni | W9: Max CD Uni | X9: Max Total Uni | Z9: Conteo Paquete | AA9: Uni Suelta | AB9: Uni x Paq | AD9: Prov | AE9: Cons x Mes | AF9: Pedi Min Uni | AG9: Cant x Pliego | AH9: Precio Uni | AI9: Tipo de Cartón | AJ9: Agrup | AK9: Max x Mes
A10: Grafica Pol | C10: 1206700 | D10: 502 | E10: =+VLOOKUP(D10,'Conteo VACIO'!$A$8:$D$226,4,0) -> D3 | F10: LK | G10: Abrelata Mariposa Cromado | L10: =+IFERROR(Q10/P10,0) -> 0.5726363 | M10: =+IFERROR(U10/X10,0) -> 0.5726363 | O10: =IF(P10-Q10-R10<0,0,P10-Q10-R10) -> 7431 | P10: =+IFERROR(AE10*AK10,0) -> 17388 | Q10: =+(Z10*AB10)+AA10 -> 9957 | T10: =+IFERROR(SUMIFS('Stock CD'!D:D,D25,'Stock CD'!C:C),0) -> 0 | U10: =+T10+Q10 -> 9957 | W10: =+IFERROR(VLOOKUP(D10,'Stock CD'!B:I,8,0),0) -> 0 | X10: =+W10+P10 -> 17388 | Z10: =+SUMIFS('Conteo VACIO'!F:F,'Conteo VACIO'!$A:$A,$D10) -> 8 | AA10: =+SUMIFS('Conteo VACIO'!G:G,'Conteo VACIO'!$A:$A,$D10) -> 1957 | AB10: 1000 | AD10: Grafica Pol | AE10: =IF(D10="Corb-LK",SUMIFS('Est Madre LK 10-25'!C:C,'Est Madre LK 10-25'!D:D,"si"),IF(D10="Corb-CH",SUMIFS('Est Madre CH 10-25'!C:C,'Est Madre CH 10-25'!D:D,"si"),0)+IFERROR(VLOOKUP(D10,'Est Madre LK 10-25'!$A:$C,3,),IFERROR(VLOOKUP(D10,'Est Madre CH 10-25'!$A:$C,3,),0))) -> 5796 | AF10: 12000 | AG10: 6 | AH10: 68.57028 | AI10: Tipo C | AJ10: AB | AK10: 3
A11: Grafica Pol | C11: 1206700 | D11: 512 | E11: =+VLOOKUP(D11,'Conteo VACIO'!$A$8:$D$226,4,0) -> D1B | F11: LK | G11: Abrelata Mariposa Pintado | L11: =+IFERROR(Q11/P11,0) -> 1.3687601 | M11: =+IFERROR(U11/X11,0) -> 1.3687601 | O11: =IF(P11-Q11-R11<0,0,P11-Q11-R11) -> 0 | P11: =+IFERROR(AE11*AK11,0) -> 4968 | Q11: =+(Z11*AB11)+AA11 -> 6800 | T11: =+IFERROR(SUMIFS('Stock CD'!D:D,D27,'Stock CD'!C:C),0) -> 0 | U11: =+T11+Q11 -> 6800 | W11: =+IFERROR(VLOOKUP(D11,'Stock CD'!B:I,8,0),0) -> 0 | X11: =+W11+P11 -> 4968 | Z11: =+SUMIFS('Conteo VACIO'!F:F,'Conteo VACIO'!$A:$A,$D11) -> 5 | AA11: =+SUMIFS('Conteo VACIO'!G:G,'Conteo VACIO'!$A:$A,$D11) -> 1800 | AB11: 1000 | AD11: Grafica Pol | AE11: =IF(D11="Corb-LK",SUMIFS('Est Madre LK 10-25'!C:C,'Est Madre LK 10-25'!D:D,"si"),IF(D11="Corb-CH",SUMIFS('Est Madre CH 10-25'!C:C,'Est Madre CH 10-25'!D:D,"si"),0)+IFERROR(VLOOKUP(D11,'Est Madre LK 10-25'!$A:$C,3,),IFERROR(VLOOKUP(D11,'Est Madre CH 10-25'!$A:$C,3,),0))) -> 1656 | AF11: 12000 | AG11: 6 | AH11: 68.57028 | AI11: Tipo C | AJ11: AB | AK11: 3
A12: Grafica Pol | C12: 1206700 | D12: 66 | E12: =+VLOOKUP(D12,'Conteo VACIO'!$A$8:$D$226,4,0) -> D1A | F12: LK | G12: Abrelata Super Mariposa | L12: =+IFERROR(Q12/P12,0) -> 1.8079365 | M12: =+IFERROR(U12/X12,0) -> 1.8079365 | O12: =IF(P12-Q12-R12<0,0,P12-Q12-R12) -> 0 | P12: =+IFERROR(AE12*AK12,0) -> 6300 | Q12: =+(Z12*AB12)+AA12 -> 11390 | T12: =+IFERROR(SUMIFS('Stock CD'!D:D,D40,'Stock CD'!C:C),0) -> 0 | U12: =+T12+Q12 -> 11390 | W12: =+IFERROR(VLOOKUP(D12,'Stock CD'!B:I,8,0),0) -> 0 | X12: =+W12+P12 -> 6300 | Z12: =+SUMIFS('Conteo VACIO'!F:F,'Conteo VACIO'!$A:$A,$D12) -> 10 | AA12: =+SUMIFS('Conteo VACIO'!G:G,'Conteo VACIO'!$A:$A,$D12) -> 1390 | AB12: 1000 | AD12: Grafica Pol | AE12: =IF(D12="Corb-LK",SUMIFS('Est Madre LK 10-25'!C:C,'Est Madre LK 10-25'!D:D,"si"),IF(D12="Corb-CH",SUMIFS('Est Madre CH 10-25'!C:C,'Est Madre CH 10-25'!D:D,"si"),0)+IFERROR(VLOOKUP(D12,'Est Madre LK 10-25'!$A:$C,3,),IFERROR(VLOOKUP(D12,'Est Madre CH 10-25'!$A:$C,3,),0))) -> 2100 | AF12: 12000 | AG12: 6 | AH12: 68.57028 | AI12: Tipo C | AJ12: AB | AK12: 3
A13: Grafica Pol | C13: 1206700 | D13: 501 | E13: =+VLOOKUP(D13,'Conteo VACIO'!$A$8:$D$226,4,0) -> D2 | F13: LK | G13: Abrelata A Manija | L13: =+IFERROR(Q13/P13,0) -> 0.27729552 | M13: =+IFERROR(U13/X13,0) -> 0.27729552 | O13: =IF(P13-Q13-R13<0,0,P13-Q13-R13) -> 14986 | P13: =+IFERROR(AE13*AK13,0) -> 20736 | Q13: =+(Z13*AB13)+AA13 -> 5750 | T13: =+IFERROR(SUMIFS('Stock CD'!D:D,D26,'Stock CD'!C:C),0) -> 0 | U13: =+T13+Q13 -> 5750 | W13: =+IFERROR(VLOOKUP(D13,'Stock CD'!B:I,8,0),0) -> 0 | X13: =+W13+P13 -> 20736 | Z13: =+SUMIFS('Conteo VACIO'!F:F,'Conteo VACIO'!$A:$A,$D13) -> 5 | AA13: =+SUMIFS('Conteo VACIO'!G:G,'Conteo VACIO'!$A:$A,$D13) -> 750 | AB13: 1000 | AD13: Grafica Pol | AE13: =IF(D13="Corb-LK",SUMIFS('Est Madre LK 10-25'!C:C,'Est Madre LK 10-25'!D:D,"si"),IF(D13="Corb-CH",SUMIFS('Est Madre CH 10-25'!C:C,'Est Madre CH 10-25'!D:D,"si"),0)+IFERROR(VLOOKUP(D13,'Est Madre LK 10-25'!$A:$C,3,),IFERROR(VLOOKUP(D13,'Est Madre CH 10-25'!$A:$C,3,),0))) -> 6912 | AF13: 12000 | AG13: 6 | AH13: 68.57028 | AI13: Tipo C | AJ13: AB | AK13: 3
O14: =+SUM(O10:O13) -> 22417
C15: Tipo C - Pliego 2 Pelador - Troquel Pelador
A16: Grafica Pol | C16: 1207700 | D16: 513 | E16: =+VLOOKUP(D16,'Conteo VACIO'!$A$8:$D$226,4,0) -> C1 | F16: LK | G16: Pelador Mgo Metalico | L16: =+IFERROR(Q16/P16,0) -> 0.64088479 | M16: =+IFERROR(U16/X16,0) -> 0.64088479 | O16: =IF(P16-Q16-R16<0,0,P16-Q16-R16) -> 19612 | P16: =+IFERROR(AE16*AK16,0) -> 54612 | Q16: =+(Z16*AB16)+AA16 -> 35000 | T16: =+IFERROR(SUMIFS('Stock CD'!D:D,D273,'Stock CD'!C:C),0) -> 0 | U16: =+T16+Q16 -> 35000 | W16: =+IFERROR(VLOOKUP(D16,'Stock CD'!B:I,8,0),0) -> 0 | X16: =+W16+P16 -> 54612 | Z16: =+SUMIFS('Conteo VACIO'!F:F,'Conteo VACIO'!$A:$A,$D16) -> 35 | AA16: =+SUMIFS('Conteo VACIO'!G:G,'Conteo VACIO'!$A:$A,$D16) -> 0 | AB16: 1000 | AD16: Grafica Pol | AE16: =IF(D16="Corb-LK",SUMIFS('Est Madre LK 10-25'!C:C,'Est Madre LK 10-25'!D:D,"si"),IF(D16="Corb-CH",SUMIFS('Est Madre CH 10-25'!C:C,'Est Madre CH 10-25'!D:D,"si"),0)+IFERROR(VLOOKUP(D16,'Est Madre LK 10-25'!$A:$C,3,),IFERROR(VLOOKUP(D16,'Est Madre CH 10-25'!$A:$C,3,),0))) -> 18204 | AF16: 12000 | AG16: 12 | AH16: 61.33671 | AI16: Tipo C | AJ16: PEL | AK16: 3
A17: Grafica Pol | C17: 1207700 | D17: 505 | E17: =+VLOOKUP(D17,'Conteo VACIO'!$A$8:$D$226,4,0) -> B1 | F17: LK | G17: Pelador Mgo Plastico | L17: =+IFERROR(Q17/P17,0) -> 0.39205556 | M17: =+IFERROR(U17/X17,0) -> 0.39205556 | O17: =IF(P17-Q17-R17<0,0,P17-Q17-R17) -> 54715 | P17: =+IFERROR(AE17*AK17,0) -> 90000 | Q17: =+(Z17*AB17)+AA17 -> 35285 | T17: =+IFERROR(SUMIFS('Stock CD'!D:D,D274,'Stock CD'!C:C),0) -> 0 | U17: =+T17+Q17 -> 35285 | W17: =+IFERROR(VLOOKUP(D17,'Stock CD'!B:I,8,0),0) -> 0 | X17: =+W17+P17 -> 90000 | Z17: =+SUMIFS('Conteo VACIO'!F:F,'Conteo VACIO'!$A:$A,$D17) -> 35 | AA17: =+SUMIFS('Conteo VACIO'!G:G,'Conteo VACIO'!$A:$A,$D17) -> 285 | AB17: 1000 | AD17: Grafica Pol | AE17: =IF(D17="Corb-LK",SUMIFS('Est Madre LK 10-25'!C:C,'Est Madre LK 10-25'!D:D,"si"),IF(D17="Corb-CH",SUMIFS('Est Madre CH 10-25'!C:C,'Est Madre CH 10-25'!D:D,"si"),0)+IFERROR(VLOOKUP(D17,'Est Madre LK 10-25'!$A:$C,3,),IFERROR(VLOOKUP(D17,'Est Madre CH 10-25'!$A:$C,3,),0))) -> 30000 | AF17: 12000 | AG17: 12 | AH17: 61.33671 | AI17: Tipo C | AJ17: PEL | AK17: 3
A18: Grafica Pol | C18: 1207700 | D18: 586 | E18: =+VLOOKUP(D18,'Conteo VACIO'!$A$8:$D$226,4,0) -> B3 | F18: LK | G18: Pelapapas Mgo Plast Ergo | L18: =+IFERROR(Q18/P18,0) -> 1.7605298 | M18: =+IFERROR(U18/X18,0) -> 1.7605298 | O18: =IF(P18-Q18-R18<0,0,P18-Q18-R18) -> 0 | P18: =+IFERROR(AE18*AK18,0) -> 20988 | Q18: =+(Z18*AB18)+AA18 -> 36950 | T18: =+IFERROR(SUMIFS('Stock CD'!D:D,D275,'Stock CD'!C:C),0) -> 0 | U18: =+T18+Q18 -> 36950 | W18: =+IFERROR(VLOOKUP(D18,'Stock CD'!B:I,8,0),0) -> 0 | X18: =+W18+P18 -> 20988 | Z18: =+SUMIFS('Conteo VACIO'!F:F,'Conteo VACIO'!$A:$A,$D18) -> 36 | AA18: =+SUMIFS('Conteo VACIO'!G:G,'Conteo VACIO'!$A:$A,$D18) -> 950 | AB18: 1000 | AD18: Grafica Pol | AE18: =IF(D18="Corb-LK",SUMIFS('Est Madre LK 10-25'!C:C,'Est Madre LK 10-25'!D:D,"si"),IF(D18="Corb-CH",SUMIFS('Est Madre CH 10-25'!C:C,'Est Madre CH 10-25'!D:D,"si"),0)+IFERROR(VLOOKUP(D18,'Est Madre LK 10-25'!$A:$C,3,),IFERROR(VLOOKUP(D18,'Est Madre CH 10-25'!$A:$C,3,),0))) -> 6996 | AF18: 12000 | AG18: 12 | AH18: 61.33671 | AI18: Tipo C | AJ18: PEL | AK18: 3
O19: =+SUM(O16:O18) -> 74327
C20: Tipo C - Pliego 5 Sacacorchos - Troquel Utensilios
A21: Grafica Pol | C21: 1261700 | D21: 525 | E21: =+VLOOKUP(D21,'Conteo VACIO'!$A$8:$D$226,4,0) -> E1B | F21: LK | G21: Sacacorcho Cabo De Madera | L21: =+IFERROR(Q21/P21,0) -> 1.2122845 | M21: =+IFERROR(U21/X21,0) -> 1.2122845 | O21: =IF(P21-Q21-R21<0,0,P21-Q21-R21) -> 0 | P21: =+IFERROR(AE21*AK21,0) -> 5568 | Q21: =+(Z21*AB21)+AA21 -> 6750 | T21: =+IFERROR(SUMIFS('Stock CD'!D:D,D306,'Stock CD'!C:C),0) -> 0 | U21: =+T21+Q21 -> 6750 | W21: =+IFERROR(VLOOKUP(D21,'Stock CD'!B:I,8,0),0) -> 0 | X21: =+W21+P21 -> 5568 | Z21: =+SUMIFS('Conteo VACIO'!F:F,'Conteo VACIO'!$A:$A,$D21) -> 6 | AA21: =+SUMIFS('Conteo VACIO'!G:G,'Conteo VACIO'!$A:$A,$D21) -> 750 | AB21: 1000 | AD21: Grafica Pol | AE21: =IF(D21="Corb-LK",SUMIFS('Est Madre LK 10-25'!C:C,'Est Madre LK 10-25'!D:D,"si"),IF(D21="Corb-CH",SUMIFS('Est Madre CH 10-25'!C:C,'Est Madre CH 10-25'!D:D,"si"),0)+IFERROR(VLOOKUP(D21,'Est Madre LK 10-25'!$A:$C,3,),IFERROR(VLOOKUP(D21,'Est Madre CH 10-25'!$A:$C,3,),0))) -> 1392 | AF21: 12000 | AG21: 12 | AH21: 0 | AI21: Tipo C | AJ21: UT | AK21: 4
A22: Grafica Pol | C22: 1261700 | D22: 531 | E22: =+VLOOKUP(D22,'Conteo VACIO'!$A$8:$D$226,4,0) -> E4B | F22: LK | G22: Sacacorcho Combinado Color | L22: =+IFERROR(Q22/P22,0) -> 0.75520833 | M22: =+IFERROR(U22/X22,0) -> 0.75520833 | O22: =IF(P22-Q22-R22<0,0,P22-Q22-R22) -> 1410 | P22: =+IFERROR(AE22*AK22,0) -> 5760 | Q22: =+(Z22*AB22)+AA22 -> 4350 | T22: =+IFERROR(SUMIFS('Stock CD'!D:D,D307,'Stock CD'!C:C),0) -> 0 | U22: =+T22+Q22 -> 4350 | W22: =+IFERROR(VLOOKUP(D22,'Stock CD'!B:I,8,0),0) -> 0 | X22: =+W22+P22 -> 5760 | Z22: =+SUMIFS('Conteo VACIO'!F:F,'Conteo VACIO'!$A:$A,$D22) -> 4 | AA22: =+SUMIFS('Conteo VACIO'!G:G,'Conteo VACIO'!$A:$A,$D22) -> 350 | AB22: 1000 | AD22: Grafica Pol | AE22: =IF(D22="Corb-LK",SUMIFS('Est Madre LK 10-25'!C:C,'Est Madre LK 10-25'!D:D,"si"),IF(D22="Corb-CH",SUMIFS('Est Madre CH 10-25'!C:C,'Est Madre CH 10-25'!D:D,"si"),0)+IFERROR(VLOOKUP(D22,'Est Madre LK 10-25'!$A:$C,3,),IFERROR(VLOOKUP(D22,'Est Madre CH 10-25'!$A:$C,3,),0))) -> 1440 | AF22: 12000 | AG22: 12 | AH22: 0 | AI22: Tipo C | AJ22: UT | AK22: 4
A23: Grafica Pol | C23: 1261700 | D23: 521 | E23: =+VLOOKUP(D23,'Conteo VACIO'!$A$8:$D$226,4,0) -> E1A | F23: LK | G23: Sacacorcho Combinado Crom | L23: =+IFERROR(Q23/P23,0) -> 0.73198198 | M23: =+IFERROR(U23/X23,0) -> 0.73198198 | O23: =IF(P23-Q23-R23<0,0,P23-Q23-R23) -> 2380 | P23: =+IFERROR(AE23*AK23,0) -> 8880 | Q23: =+(Z23*AB23)+AA23 -> 6500 | T23: =+IFERROR(SUMIFS('Stock CD'!D:D,D308,'Stock CD'!C:C),0) -> 0 | U23: =+T23+Q23 -> 6500 | W23: =+IFERROR(VLOOKUP(D23,'Stock CD'!B:I,8,0),0) -> 0 | X23: =+W23+P23 -> 8880 | Z23: =+SUMIFS('Conteo VACIO'!F:F,'Conteo VACIO'!$A:$A,$D23) -> 6 | AA23: =+SUMIFS('Conteo VACIO'!G:G,'Conteo VACIO'!$A:$A,$D23) -> 500 | AB23: 1000 | AD23: Grafica Pol | AE23: =IF(D23="Corb-LK",SUMIFS('Est Madre LK 10-25'!C:C,'Est Madre LK 10-25'!D:D,"si"),IF(D23="Corb-CH",SUMIFS('Est Madre CH 10-25'!C:C,'Est Madre CH 10-25'!D:D,"si"),0)+IFERROR(VLOOKUP(D23,'Est Madre LK 10-25'!$A:$C,3,),IFERROR(VLOOKUP(D23,'Est Madre CH 10-25'!$A:$C,3,),0))) -> 2220 | AF23: 12000 | AG23: 12 | AH23: 0 | AI23: Tipo C | AJ23: UT | AK23: 4
A24: Grafica Pol | C24: 1261700 | D24: 523 | E24: =+VLOOKUP(D24,'Conteo VACIO'!$A$8:$D$226,4,0) -> E4A | F24: LK | G24: Sacacorcho Doble Aleta | L24: =+IFERROR(Q24/P24,0) -> 0.56463068 | M24: =+IFERROR(U24/X24,0) -> 0.56463068 | O24: =IF(P24-Q24-R24<0,0,P24-Q24-R24) -> 3678 | P24: =+IFERROR(AE24*AK24,0) -> 8448 | Q24: =+(Z24*AB24)+AA24 -> 4770 | T24: =+IFERROR(SUMIFS('Stock CD'!D:D,D309,'Stock CD'!C:C),0) -> 0 | U24: =+T24+Q24 -> 4770 | W24: =+IFERROR(VLOOKUP(D24,'Stock CD'!B:I,8,0),0) -> 0 | X24: =+W24+P24 -> 8448 | Z24: =+SUMIFS('Conteo VACIO'!F:F,'Conteo VACIO'!$A:$A,$D24) -> 4 | AA24: =+SUMIFS('Conteo VACIO'!G:G,'Conteo VACIO'!$A:$A,$D24) -> 770 | AB24: 1000 | AD24: Grafica Pol | AE24: =IF(D24="Corb-LK",SUMIFS('Est Madre LK 10-25'!C:C,'Est Madre LK 10-25'!D:D,"si"),IF(D24="Corb-CH",SUMIFS('Est Madre CH 10-25'!C:C,'Est Madre CH 10-25'!D:D,"si"),0)+IFERROR(VLOOKUP(D24,'Est Madre LK 10-25'!$A:$C,3,),IFERROR(VLOOKUP(D24,'Est Madre CH 10-25'!$A:$C,3,),0))) -> 2112 | AF24: 12000 | AG24: 12 | AH24: 0 | AI24: Tipo C | AJ24: UT | AK24: 4
A25: Grafica Pol | C25: 1261700 | D25: 581 | E25: =+VLOOKUP(D25,'Conteo VACIO'!$A$8:$D$226,4,0) -> E2B | F25: LK | G25: Sacacorcho Mgo Ergonomico | L25: =+IFERROR(Q25/P25,0) -> 2.6692708 | M25: =+IFERROR(U25/X25,0) -> 2.6692708 | O25: =IF(P25-Q25-R25<0,0,P25-Q25-R25) -> 0 | P25: =+IFERROR(AE25*AK25,0) -> 3072 | Q25: =+(Z25*AB25)+AA25 -> 8200 | T25: =+IFERROR(SUMIFS('Stock CD'!D:D,D310,'Stock CD'!C:C),0) -> 0 | U25: =+T25+Q25 -> 8200 | W25: =+IFERROR(VLOOKUP(D25,'Stock CD'!B:I,8,0),0) -> 0 | X25: =+W25+P25 -> 3072 | Z25: =+SUMIFS('Conteo VACIO'!F:F,'Conteo VACIO'!$A:$A,$D25) -> 8 | AA25: =+SUMIFS('Conteo VACIO'!G:G,'Conteo VACIO'!$A:$A,$D25) -> 200 | AB25: 1000 | AD25: Grafica Pol | AE25: =IF(D25="Corb-LK",SUMIFS('Est Madre LK 10-25'!C:C,'Est Madre LK 10-25'!D:D,"si"),IF(D25="Corb-CH",SUMIFS('Est Madre CH 10-25'!C:C,'Est Madre CH 10-25'!D:D,"si"),0)+IFERROR(VLOOKUP(D25,'Est Madre LK 10-25'!$A:$C,3,),IFERROR(VLOOKUP(D25,'Est Madre CH 10-25'!$A:$C,3,),0))) -> 768 | AF25: 12000 | AG25: 12 | AH25: 0 | AI25: Tipo C | AJ25: UT | AK25: 4
A26: Grafica Pol | C26: 1261700 | D26: 530 | E26: =+VLOOKUP(D26,'Conteo VACIO'!$A$8:$D$226,4,0) -> E3 | F26: LK | G26: Sacacorcho Tipo Mozo Color | L26: =+IFERROR(Q26/P26,0) -> 0.34375 | M26: =+IFERROR(U26/X26,0) -> 0.34375 | O26: =IF(P26-Q26-R26<0,0,P26-Q26-R26) -> 9450 | P26: =+IFERROR(AE26*AK26,0) -> 14400 | Q26: =+(Z26*AB26)+AA26 -> 4950 | T26: =+IFERROR(SUMIFS('Stock CD'!D:D,D311,'Stock CD'!C:C),0) -> 0 | U26: =+T26+Q26 -> 4950 | W26: =+IFERROR(VLOOKUP(D26,'Stock CD'!B:I,8,0),0) -> 0 | X26: =+W26+P26 -> 14400 | Z26: =+SUMIFS('Conteo VACIO'!F:F,'Conteo VACIO'!$A:$A,$D26) -> 4 | AA26: =+SUMIFS('Conteo VACIO'!G:G,'Conteo VACIO'!$A:$A,$D26) -> 950 | AB26: 1000 | AD26: Grafica Pol | AE26: =IF(D26="Corb-LK",SUMIFS('Est Madre LK 10-25'!C:C,'Est Madre LK 10-25'!D:D,"si"),IF(D26="Corb-CH",SUMIFS('Est Madre CH 10-25'!C:C,'Est Madre CH 10-25'!D:D,"si"),0)+IFERROR(VLOOKUP(D26,'Est Madre LK 10-25'!$A:$C,3,),IFERROR(VLOOKUP(D26,'Est Madre CH 10-25'!$A:$C,3,),0))) -> 3600 | AF26: 12000 | AG26: 12 | AH26: 0 | AI26: Tipo C | AJ26: UT | AK26: 4
A27: Grafica Pol | C27: 1261700 | D27: 520 | E27: =+VLOOKUP(D27,'Conteo VACIO'!$A$8:$D$226,4,0) -> E2A | F27: LK | G27: Sacacorcho Tipo Mozo Crom | L27: =+IFERROR(Q27/P27,0) -> 0.02588141 | M27: =+IFERROR(U27/X27,0) -> 0.02588141 | O27: =IF(P27-Q27-R27<0,0,P27-Q27-R27) -> 12157 | P27: =+IFERROR(AE27*AK27,0) -> 12480 | Q27: =+(Z27*AB27)+AA27 -> 323 | T27: =+IFERROR(SUMIFS('Stock CD'!D:D,D312,'Stock CD'!C:C),0) -> 0 | U27: =+T27+Q27 -> 323 | W27: =+IFERROR(VLOOKUP(D27,'Stock CD'!B:I,8,0),0) -> 0 | X27: =+W27+P27 -> 12480 | Z27: =+SUMIFS('Conteo VACIO'!F:F,'Conteo VACIO'!$A:$A,$D27) -> 0 | AA27: =+SUMIFS('Conteo VACIO'!G:G,'Conteo VACIO'!$A:$A,$D27) -> 323 | AB27: 1000 | AD27: Grafica Pol | AE27: =IF(D27="Corb-LK",SUMIFS('Est Madre LK 10-25'!C:C,'Est Madre LK 10-25'!D:D,"si"),IF(D27="Corb-CH",SUMIFS('Est Madre CH 10-25'!C:C,'Est Madre CH 10-25'!D:D,"si"),0)+IFERROR(VLOOKUP(D27,'Est Madre LK 10-25'!$A:$C,3,),IFERROR(VLOOKUP(D27,'Est Madre CH 10-25'!$A:$C,3,),0))) -> 3120 | AF27: 12000 | AG27: 12 | AH27: 0 | AI27: Tipo C | AJ27: UT | AK27: 4
O28: =+SUM(O21:O27) -> 29075
C29: Tipo C - Pliego 11 Afila - Troquel Utensilios
A30: Grafica Pol | C30: 1273700 | D30: 504 | E30: =+VLOOKUP(D30,'Conteo VACIO'!$A$8:$D$226,4,0) -> C3 | F30: LK | G30: Afila Cuchillos | L30: =+IFERROR(Q30/P30,0) -> 0.52101201 | M30: =+IFERROR(U30/X30,0) -> 0.52101201 | O30: =IF(P30-Q30-R30<0,0,P30-Q30-R30) -> 13404 | P30: =+IFERROR(AE30*AK30,0) -> 27984 | Q30: =+(Z30*AB30)+AA30 -> 14580 | T30: =+IFERROR(SUMIFS('Stock CD'!D:D,D42,'Stock CD'!C:C),0) -> 0 | U30: =+T30+Q30 -> 14580 | W30: =+IFERROR(VLOOKUP(D30,'Stock CD'!B:I,8,0),0) -> 0 | X30: =+W30+P30 -> 27984 | Z30: =+SUMIFS('Conteo VACIO'!F:F,'Conteo VACIO'!$A:$A,$D30) -> 13 | AA30: =+SUMIFS('Conteo VACIO'!G:G,'Conteo VACIO'!$A:$A,$D30) -> 1580 | AB30: 1000 | AD30: Grafica Pol | AE30: =IF(D30="Corb-LK",SUMIFS('Est Madre LK 10-25'!C:C,'Est Madre LK 10-25'!D:D,"si"),IF(D30="Corb-CH",SUMIFS('Est Madre CH 10-25'!C:C,'Est Madre CH 10-25'!D:D,"si"),0)+IFERROR(VLOOKUP(D30,'Est Madre LK 10-25'!$A:$C,3,),IFERROR(VLOOKUP(D30,'Est Madre CH 10-25'!$A:$C,3,),0))) -> 6996 | AF30: 12000 | AG30: 12 | AH30: 0 | AI30: Tipo C | AJ30: UT | AK30: 4
C32: Tipo C - Pliegos a definir - Troquel Utensilios
A33: Grafica Pol | C33: 1269700 | D33: 511 | E33: =+VLOOKUP(D33,'Conteo VACIO'!$A$8:$D$226,4,0) -> G3D | F33: LK | G33: Abrelata Uña 3 En 1 | L33: =+IFERROR(Q33/P33,0) -> 1.4772727 | M33: =+IFERROR(U33/X33,0) -> 1.4772727 | O33: =IF(P33-Q33-R33<0,0,P33-Q33-R33) -> 0 | P33: =+IFERROR(AE33*AK33,0) -> 1936 | Q33: =+(Z33*AB33)+AA33 -> 2860 | T33: =+IFERROR(SUMIFS('Stock CD'!D:D,D295,'Stock CD'!C:C),0) -> 0 | U33: =+T33+Q33 -> 2860 | W33: =+IFERROR(VLOOKUP(D33,'Stock CD'!B:I,8,0),0) -> 0 | X33: =+W33+P33 -> 1936 | Z33: =+SUMIFS('Conteo VACIO'!F:F,'Conteo VACIO'!$A:$A,$D33) -> 2 | AA33: =+SUMIFS('Conteo VACIO'!G:G,'Conteo VACIO'!$A:$A,$D33) -> 860 | AB33: 1000 | AD33: Grafica Pol | AE33: =IF(D33="Corb-LK",SUMIFS('Est Madre LK 10-25'!C:C,'Est Madre LK 10-25'!D:D,"si"),IF(D33="Corb-CH",SUMIFS('Est Madre CH 10-25'!C:C,'Est Madre CH 10-25'!D:D,"si"),0)+IFERROR(VLOOKUP(D33,'Est Madre LK 10-25'!$A:$C,3,),IFERROR(VLOOKUP(D33,'Est Madre CH 10-25'!$A:$C,3,),0))) -> 484 | AF33: 12000 | AG33: 12 | AH33: 0 | AI33: Tipo C | AJ33: UT | AK33: 4
A34: Grafica Pol | C34: 1206700 | D34: 58 | E34: =+VLOOKUP(D34,'Conteo VACIO'!$A$8:$D$226,4,0) -> G5C | F34: LK | G34: Cierra Bolsa x2 | L34: =+IFERROR(Q34/P34,0) -> 1.4423077 | M34: =+IFERROR(U34/X34,0) -> 1.4423077 | O34: =IF(P34-Q34-R34<0,0,P34-Q34-R34) -> 0 | P34: =+IFERROR(AE34*AK34,0) -> 1248 | Q34: =+(Z34*AB34)+AA34 -> 1800 | T34: =+IFERROR(SUMIFS('Stock CD'!D:D,D297,'Stock CD'!C:C),0) -> 0 | U34: =+T34+Q34 -> 1800 | W34: =+IFERROR(VLOOKUP(D34,'Stock CD'!B:I,8,0),0) -> 0 | X34: =+W34+P34 -> 1248 | Z34: =+SUMIFS('Conteo VACIO'!F:F,'Conteo VACIO'!$A:$A,$D34) -> 1 | AA34: =+SUMIFS('Conteo VACIO'!G:G,'Conteo VACIO'!$A:$A,$D34) -> 800 | AB34: 1000 | AD34: Grafica Pol | AE34: =IF(D34="Corb-LK",SUMIFS('Est Madre LK 10-25'!C:C,'Est Madre LK 10-25'!D:D,"si"),IF(D34="Corb-CH",SUMIFS('Est Madre CH 10-25'!C:C,'Est Madre CH 10-25'!D:D,"si"),0)+IFERROR(VLOOKUP(D34,'Est Madre LK 10-25'!$A:$C,3,),IFERROR(VLOOKUP(D34,'Est Madre CH 10-25'!$A:$C,3,),0))) -> 312 | AF34: 12000 | AG34: 12 | AH34: 68.57028 | AI34: Tipo C | AJ34: UT | AK34: 4
A35: Grafica Pol | C35: 1206700 | D35: 547 | E35: =+VLOOKUP(D35,'Conteo VACIO'!$A$8:$D$226,4,0) -> G7D | F35: LK | G35: Corta Torta | L35: =+IFERROR(Q35/P35,0) -> 0 | M35: =+IFERROR(U35/X35,0) -> 0 | O35: =IF(P35-Q35-R35<0,0,P35-Q35-R35) -> 96 | P35: =+IFERROR(AE35*AK35,0) -> 96 | Q35: =+(Z35*AB35)+AA35 -> 0 | T35: =+IFERROR(SUMIFS('Stock CD'!D:D,D298,'Stock CD'!C:C),0) -> 0 | U35: =+T35+Q35 -> 0 | W35: =+IFERROR(VLOOKUP(D35,'Stock CD'!B:I,8,0),0) -> 0 | X35: =+W35+P35 -> 96 | Z35: =+SUMIFS('Conteo VACIO'!F:F,'Conteo VACIO'!$A:$A,$D35) -> 0 | AA35: =+SUMIFS('Conteo VACIO'!G:G,'Conteo VACIO'!$A:$A,$D35) -> 0 | AB35: 500 | AD35: Grafica Pol | AE35: =IF(D35="Corb-LK",SUMIFS('Est Madre LK 10-25'!C:C,'Est Madre LK 10-25'!D:D,"si"),IF(D35="Corb-CH",SUMIFS('Est Madre CH 10-25'!C:C,'Est Madre CH 10-25'!D:D,"si"),0)+IFERROR(VLOOKUP(D35,'Est Madre LK 10-25'!$A:$C,3,),IFERROR(VLOOKUP(D35,'Est Madre CH 10-25'!$A:$C,3,),0))) -> 24 | AF35: 12000 | AG35: 12 | AH35: 68.57028 | AI35: Tipo C | AJ35: UT | AK35: 4
A36: Grafica Pol | C36: 1263700 | D36: 532 | E36: =+VLOOKUP(D36,'Conteo VACIO'!$A$8:$D$226,4,0) -> G2B | F36: LK | G36: Cuchara De Helado | L36: =+IFERROR(Q36/P36,0) -> 1.4022436 | M36: =+IFERROR(U36/X36,0) -> 1.4022436 | O36: =IF(P36-Q36-R36<0,0,P36-Q36-R36) -> 0 | P36: =+IFERROR(AE36*AK36,0) -> 1248 | Q36: =+(Z36*AB36)+AA36 -> 1750 | T36: =+IFERROR(SUMIFS('Stock CD'!D:D,D300,'Stock CD'!C:C),0) -> 0 | U36: =+T36+Q36 -> 1750 | W36: =+IFERROR(VLOOKUP(D36,'Stock CD'!B:I,8,0),0) -> 0 | X36: =+W36+P36 -> 1248 | Z36: =+SUMIFS('Conteo VACIO'!F:F,'Conteo VACIO'!$A:$A,$D36) -> 1 | AA36: =+SUMIFS('Conteo VACIO'!G:G,'Conteo VACIO'!$A:$A,$D36) -> 750 | AB36: 1000 | AD36: Grafica Pol | AE36: =IF(D36="Corb-LK",SUMIFS('Est Madre LK 10-25'!C:C,'Est Madre LK 10-25'!D:D,"si"),IF(D36="Corb-CH",SUMIFS('Est Madre CH 10-25'!C:C,'Est Madre CH 10-25'!D:D,"si"),0)+IFERROR(VLOOKUP(D36,'Est Madre LK 10-25'!$A:$C,3,),IFERROR(VLOOKUP(D36,'Est Madre CH 10-25'!$A:$C,3,),0))) -> 312 | AF36: 12000 | AG36: 12 | AH36: 0 | AI36: Tipo C | AJ36: UT | AK36: 4
A37: Grafica Pol | C37: 1281700 | D37: 551 | E37: =+VLOOKUP(D37,'Conteo VACIO'!$A$8:$D$226,4,0) -> G8A | F37: LK | G37: Cuchillo Untar Mgo Plast x 2 | L37: =+IFERROR(Q37/P37,0) -> 0.84935897 | M37: =+IFERROR(U37/X37,0) -> 0.84935897 | O37: =IF(P37-Q37-R37<0,0,P37-Q37-R37) -> 282 | P37: =+IFERROR(AE37*AK37,0) -> 1872 | Q37: =+(Z37*AB37)+AA37 -> 1590 | T37: =+IFERROR(SUMIFS('Stock CD'!D:D,D303,'Stock CD'!C:C),0) -> 0 | U37: =+T37+Q37 -> 1590 | W37: =+IFERROR(VLOOKUP(D37,'Stock CD'!B:I,8,0),0) -> 0 | X37: =+W37+P37 -> 1872 | Z37: =+SUMIFS('Conteo VACIO'!F:F,'Conteo VACIO'!$A:$A,$D37) -> 1 | AA37: =+SUMIFS('Conteo VACIO'!G:G,'Conteo VACIO'!$A:$A,$D37) -> 590 | AB37: 1000 | AD37: Grafica Pol | AE37: =IF(D37="Corb-LK",SUMIFS('Est Madre LK 10-25'!C:C,'Est Madre LK 10-25'!D:D,"si"),IF(D37="Corb-CH",SUMIFS('Est Madre CH 10-25'!C:C,'Est Madre CH 10-25'!D:D,"si"),0)+IFERROR(VLOOKUP(D37,'Est Madre LK 10-25'!$A:$C,3,),IFERROR(VLOOKUP(D37,'Est Madre CH 10-25'!$A:$C,3,),0))) -> 468 | AF37: 12000 | AG37: 10 | AH37: 68.57028 | AI37: Tipo C | AJ37: UT | AK37: 4
A38: Grafica Pol | C38: 1281700 | D38: 519 | E38: =+VLOOKUP(D38,'Conteo VACIO'!$A$8:$D$226,4,0) -> G5E | F38: LK | G38: Cuchillo Untar Mgo Madera x 2 | L38: =+IFERROR(Q38/P38,0) -> 0.83333333 | M38: =+IFERROR(U38/X38,0) -> 0.83333333 | O38: =IF(P38-Q38-R38<0,0,P38-Q38-R38) -> 400 | P38: =+IFERROR(AE38*AK38,0) -> 2400 | Q38: =+(Z38*AB38)+AA38 -> 2000 | T38: =+IFERROR(SUMIFS('Stock CD'!D:D,D304,'Stock CD'!C:C),0) -> 0 | U38: =+T38+Q38 -> 2000 | W38: =+IFERROR(VLOOKUP(D38,'Stock CD'!B:I,8,0),0) -> 0 | X38: =+W38+P38 -> 2400 | Z38: =+SUMIFS('Conteo VACIO'!F:F,'Conteo VACIO'!$A:$A,$D38) -> 2 | AA38: =+SUMIFS('Conteo VACIO'!G:G,'Conteo VACIO'!$A:$A,$D38) -> 0 | AB38: 1000 | AD38: Grafica Pol | AE38: =IF(D38="Corb-LK",SUMIFS('Est Madre LK 10-25'!C:C,'Est Madre LK 10-25'!D:D,"si"),IF(D38="Corb-CH",SUMIFS('Est Madre CH 10-25'!C:C,'Est Madre CH 10-25'!D:D,"si"),0)+IFERROR(VLOOKUP(D38,'Est Madre LK 10-25'!$A:$C,3,),IFERROR(VLOOKUP(D38,'Est Madre CH 10-25'!$A:$C,3,),0))) -> 600 | AF38: 12000 | AG38: 10 | AH38: 68.57028 | AI38: Tipo C | AJ38: UT | AK38: 4
A39: Grafica Pol | C39: 1206700 | D39: 395 | E39: =+VLOOKUP(D39,'Conteo VACIO'!$A$8:$D$226,4,0) -> G1C | F39: LK | G39: Descorazonador De Manzana | L39: =+IFERROR(Q39/P39,0) -> 0.59166667 | M39: =+IFERROR(U39/X39,0) -> 0.59166667 | O39: =IF(P39-Q39-R39<0,0,P39-Q39-R39) -> 980 | P39: =+IFERROR(AE39*AK39,0) -> 2400 | Q39: =+(Z39*AB39)+AA39 -> 1420 | T39: =+IFERROR(SUMIFS('Stock CD'!D:D,D302,'Stock CD'!C:C),0) -> 0 | U39: =+T39+Q39 -> 1420 | W39: =+IFERROR(VLOOKUP(D39,'Stock CD'!B:I,8,0),0) -> 0 | X39: =+W39+P39 -> 2400 | Z39: =+SUMIFS('Conteo VACIO'!F:F,'Conteo VACIO'!$A:$A,$D39) -> 1 | AA39: =+SUMIFS('Conteo VACIO'!G:G,'Conteo VACIO'!$A:$A,$D39) -> 420 | AB39: 1000 | AD39: Grafica Pol | AE39: =IF(D39="Corb-LK",SUMIFS('Est Madre LK 10-25'!C:C,'Est Madre LK 10-25'!D:D,"si"),IF(D39="Corb-CH",SUMIFS('Est Madre CH 10-25'!C:C,'Est Madre CH 10-25'!D:D,"si"),0)+IFERROR(VLOOKUP(D39,'Est Madre LK 10-25'!$A:$C,3,),IFERROR(VLOOKUP(D39,'Est Madre CH 10-25'!$A:$C,3,),0))) -> 600 | AF39: 12000 | AG39: 12 | AH39: 68.57028 | AI39: Tipo C | AJ39: UT | AK39: 4
A40: Grafica Pol | C40: 1206700 | D40: 57 | E40: =+VLOOKUP(D40,'Conteo VACIO'!$A$8:$D$226,4,0) -> G7A | F40: LK | G40: Destapa Corona x 1 Cromado | L40: =+IFERROR(Q40/P40,0) -> 0.84005376 | M40: =+IFERROR(U40/X40,0) -> 0.84005376 | O40: =IF(P40-Q40-R40<0,0,P40-Q40-R40) -> 476 | P40: =+IFERROR(AE40*AK40,0) -> 2976 | Q40: =+(Z40*AB40)+AA40 -> 2500 | T40: =+IFERROR(SUMIFS('Stock CD'!D:D,D303,'Stock CD'!C:C),0) -> 0 | U40: =+T40+Q40 -> 2500 | W40: =+IFERROR(VLOOKUP(D40,'Stock CD'!B:I,8,0),0) -> 0 | X40: =+W40+P40 -> 2976 | Z40: =+SUMIFS('Conteo VACIO'!F:F,'Conteo VACIO'!$A:$A,$D40) -> 2 | AA40: =+SUMIFS('Conteo VACIO'!G:G,'Conteo VACIO'!$A:$A,$D40) -> 500 | AB40: 1000 | AD40: Grafica Pol | AE40: =IF(D40="Corb-LK",SUMIFS('Est Madre LK 10-25'!C:C,'Est Madre LK 10-25'!D:D,"si"),IF(D40="Corb-CH",SUMIFS('Est Madre CH 10-25'!C:C,'Est Madre CH 10-25'!D:D,"si"),0)+IFERROR(VLOOKUP(D40,'Est Madre LK 10-25'!$A:$C,3,),IFERROR(VLOOKUP(D40,'Est Madre CH 10-25'!$A:$C,3,),0))) -> 744 | AF40: 12000 | AG40: 12 | AH40: 68.57028 | AI40: Tipo C | AJ40: UT | AK40: 4
A41: Grafica Pol | C41: 2374700 | D41: 550 | E41: =+VLOOKUP(D41,'Conteo VACIO'!$A$8:$D$226,4,0) -> G6B | F41: LK | G41: Filtro Para Bombillas | L41: =+IFERROR(Q41/P41,0) -> 0.22843567 | M41: =+IFERROR(U41/X41,0) -> 0.22843567 | O41: =IF(P41-Q41-R41<0,0,P41-Q41-R41) -> 4222 | P41: =+IFERROR(AE41*AK41,0) -> 5472 | Q41: =+(Z41*AB41)+AA41 -> 1250 | T41: =+IFERROR(SUMIFS('Stock CD'!D:D,D307,'Stock CD'!C:C),0) -> 0 | U41: =+T41+Q41 -> 1250 | W41: =+IFERROR(VLOOKUP(D41,'Stock CD'!B:I,8,0),0) -> 0 | X41: =+W41+P41 -> 5472 | Z41: =+SUMIFS('Conteo VACIO'!F:F,'Conteo VACIO'!$A:$A,$D41) -> 1 | AA41: =+SUMIFS('Conteo VACIO'!G:G,'Conteo VACIO'!$A:$A,$D41) -> 250 | AB41: 1000 | AD41: Grafica Pol | AE41: =IF(D41="Corb-LK",SUMIFS('Est Madre LK 10-25'!C:C,'Est Madre LK 10-25'!D:D,"si"),IF(D41="Corb-CH",SUMIFS('Est Madre CH 10-25'!C:C,'Est Madre CH 10-25'!D:D,"si"),0)+IFERROR(VLOOKUP(D41,'Est Madre LK 10-25'!$A:$C,3,),IFERROR(VLOOKUP(D41,'Est Madre CH 10-25'!$A:$C,3,),0))) -> 1368 | AF41: 12000 | AG41: 12 | AH41: 43.2693 | AI41: Tipo C | AJ41: UT | AK41: 4
A42: Grafica Pol | C42: 1206700 | D42: 499 | E42: =+VLOOKUP(D42,'Conteo VACIO'!$A$8:$D$226,4,0) -> G7C | F42: LK | G42: Llavero Destapador Pie Color | L42: =+IFERROR(Q42/P42,0) -> 2.1701389 | M42: =+IFERROR(U42/X42,0) -> 2.1701389 | O42: =IF(P42-Q42-R42<0,0,P42-Q42-R42) -> 0 | P42: =+IFERROR(AE42*AK42,0) -> 576 | Q42: =+(Z42*AB42)+AA42 -> 1250 | T42: =+IFERROR(SUMIFS('Stock CD'!D:D,D305,'Stock CD'!C:C),0) -> 0 | U42: =+T42+Q42 -> 1250 | W42: =+IFERROR(VLOOKUP(D42,'Stock CD'!B:I,8,0),0) -> 0 | X42: =+W42+P42 -> 576 | Z42: =+SUMIFS('Conteo VACIO'!F:F,'Conteo VACIO'!$A:$A,$D42) -> 1 | AA42: =+SUMIFS('Conteo VACIO'!G:G,'Conteo VACIO'!$A:$A,$D42) -> 250 | AB42: 1000 | AD42: Grafica Pol | AE42: =IF(D42="Corb-LK",SUMIFS('Est Madre LK 10-25'!C:C,'Est Madre LK 10-25'!D:D,"si"),IF(D42="Corb-CH",SUMIFS('Est Madre CH 10-25'!C:C,'Est Madre CH 10-25'!D:D,"si"),0)+IFERROR(VLOOKUP(D42,'Est Madre LK 10-25'!$A:$C,3,),IFERROR(VLOOKUP(D42,'Est Madre CH 10-25'!$A:$C,3,),0))) -> 144 | AF42: 12000 | AG42: 12 | AH42: 68.57028 | AI42: Tipo C | AJ42: UT | AK42: 4
A43: Grafica Pol | C43: 1270700 | D43: 229 | E43: =+VLOOKUP(D43,'Conteo VACIO'!$A$8:$D$226,4,0) -> G3C | F43: LK | G43: Ñoquera Madera | L43: =+IFERROR(Q43/P43,0) -> 0 | M43: =+IFERROR(U43/X43,0) -> 0 | O43: =IF(P43-Q43-R43<0,0,P43-Q43-R43) -> 4032 | P43: =+IFERROR(AE43*AK43,0) -> 4032 | Q43: =+(Z43*AB43)+AA43 -> 0 | T43: =+IFERROR(SUMIFS('Stock CD'!D:D,D306,'Stock CD'!C:C),0) -> 0 | U43: =+T43+Q43 -> 0 | W43: =+IFERROR(VLOOKUP(D43,'Stock CD'!B:I,8,0),0) -> 0 | X43: =+W43+P43 -> 4032 | Z43: =+SUMIFS('Conteo VACIO'!F:F,'Conteo VACIO'!$A:$A,$D43) -> 0 | AA43: =+SUMIFS('Conteo VACIO'!G:G,'Conteo VACIO'!$A:$A,$D43) -> 0 | AB43: 1000 | AD43: Grafica Pol | AE43: =IF(D43="Corb-LK",SUMIFS('Est Madre LK 10-25'!C:C,'Est Madre LK 10-25'!D:D,"si"),IF(D43="Corb-CH",SUMIFS('Est Madre CH 10-25'!C:C,'Est Madre CH 10-25'!D:D,"si"),0)+IFERROR(VLOOKUP(D43,'Est Madre LK 10-25'!$A:$C,3,),IFERROR(VLOOKUP(D43,'Est Madre CH 10-25'!$A:$C,3,),0))) -> 1008 | AF43: 12000 | AG43: 12 | AH43: 0 | AI43: Tipo C | AJ43: UT | AK43: 4
A44: Grafica Pol | C44: 1207700 | D44: 569 | E44: =+VLOOKUP(D44,'Conteo VACIO'!$A$8:$D$226,4,0) -> G5D | F44: LK | G44: Pelanaranjas x 1 Display | L44: =+IFERROR(Q44/P44,0) -> 2.172619 | M44: =+IFERROR(U44/X44,0) -> 2.172619 | O44: =IF(P44-Q44-R44<0,0,P44-Q44-R44) -> 0 | P44: =+IFERROR(AE44*AK44,0) -> 672 | Q44: =+(Z44*AB44)+AA44 -> 1460 | T44: =+IFERROR(SUMIFS('Stock CD'!D:D,D307,'Stock CD'!C:C),0) -> 0 | U44: =+T44+Q44 -> 1460 | W44: =+IFERROR(VLOOKUP(D44,'Stock CD'!B:I,8,0),0) -> 0 | X44: =+W44+P44 -> 672 | Z44: =+SUMIFS('Conteo VACIO'!F:F,'Conteo VACIO'!$A:$A,$D44) -> 1 | AA44: =+SUMIFS('Conteo VACIO'!G:G,'Conteo VACIO'!$A:$A,$D44) -> 460 | AB44: 1000 | AD44: Grafica Pol | AE44: =IF(D44="Corb-LK",SUMIFS('Est Madre LK 10-25'!C:C,'Est Madre LK 10-25'!D:D,"si"),IF(D44="Corb-CH",SUMIFS('Est Madre CH 10-25'!C:C,'Est Madre CH 10-25'!D:D,"si"),0)+IFERROR(VLOOKUP(D44,'Est Madre LK 10-25'!$A:$C,3,),IFERROR(VLOOKUP(D44,'Est Madre CH 10-25'!$A:$C,3,),0))) -> 168 | AF44: 12000 | AG44: 12 | AH44: 61.33671 | AI44: Tipo C | AJ44: UT | AK44: 4
A45: Grafica Pol | C45: 1266700 | D45: 560 | E45: =+VLOOKUP(D45,'Conteo VACIO'!$A$8:$D$226,4,0) -> G3E | F45: LK | G45: Pinza Corta Alambre 21cm | L45: =+IFERROR(Q45/P45,0) -> 0.075757576 | M45: =+IFERROR(U45/X45,0) -> 0.075757576 | O45: =IF(P45-Q45-R45<0,0,P45-Q45-R45) -> 2440 | P45: =+IFERROR(AE45*AK45,0) -> 2640 | Q45: =+(Z45*AB45)+AA45 -> 200 | T45: =+IFERROR(SUMIFS('Stock CD'!D:D,D308,'Stock CD'!C:C),0) -> 0 | U45: =+T45+Q45 -> 200 | W45: =+IFERROR(VLOOKUP(D45,'Stock CD'!B:I,8,0),0) -> 0 | X45: =+W45+P45 -> 2640 | Z45: =+SUMIFS('Conteo VACIO'!F:F,'Conteo VACIO'!$A:$A,$D45) -> 0 | AA45: =+SUMIFS('Conteo VACIO'!G:G,'Conteo VACIO'!$A:$A,$D45) -> 200 | AB45: 1000 | AD45: Grafica Pol | AE45: =IF(D45="Corb-LK",SUMIFS('Est Madre LK 10-25'!C:C,'Est Madre LK 10-25'!D:D,"si"),IF(D45="Corb-CH",SUMIFS('Est Madre CH 10-25'!C:C,'Est Madre CH 10-25'!D:D,"si"),0)+IFERROR(VLOOKUP(D45,'Est Madre LK 10-25'!$A:$C,3,),IFERROR(VLOOKUP(D45,'Est Madre CH 10-25'!$A:$C,3,),0))) -> 660 | AF45: 12000 | AG45: 12 | AH45: 0 | AI45: Tipo C | AJ45: UT | AK45: 4
A46: Grafica Pol | C46: 1206700 | D46: 596 | E46: =+VLOOKUP(D46,'Conteo VACIO'!$A$8:$D$226,4,0) -> G4E | F46: LK | G46: Pinza Ensalada Mgo Plast 23cm | L46: =+IFERROR(Q46/P46,0) -> 5.162037 | M46: =+IFERROR(U46/X46,0) -> 5.162037 | O46: =IF(P46-Q46-R46<0,0,P46-Q46-R46) -> 0 | P46: =+IFERROR(AE46*AK46,0) -> 432 | Q46: =+(Z46*AB46)+AA46 -> 2230 | T46: =+IFERROR(SUMIFS('Stock CD'!D:D,D309,'Stock CD'!C:C),0) -> 0 | U46: =+T46+Q46 -> 2230 | W46: =+IFERROR(VLOOKUP(D46,'Stock CD'!B:I,8,0),0) -> 0 | X46: =+W46+P46 -> 432 | Z46: =+SUMIFS('Conteo VACIO'!F:F,'Conteo VACIO'!$A:$A,$D46) -> 1 | AA46: =+SUMIFS('Conteo VACIO'!G:G,'Conteo VACIO'!$A:$A,$D46) -> 1230 | AB46: 1000 | AD46: Grafica Pol | AE46: =IF(D46="Corb-LK",SUMIFS('Est Madre LK 10-25'!C:C,'Est Madre LK 10-25'!D:D,"si"),IF(D46="Corb-CH",SUMIFS('Est Madre CH 10-25'!C:C,'Est Madre CH 10-25'!D:D,"si"),0)+IFERROR(VLOOKUP(D46,'Est Madre LK 10-25'!$A:$C,3,),IFERROR(VLOOKUP(D46,'Est Madre CH 10-25'!$A:$C,3,),0))) -> 108 | AF46: 12000 | AG46: 12 | AH46: 68.57028 | AI46: Tipo C | AJ46: UT | AK46: 4
A47: Grafica Pol | C47: 1206700 | D47: 595 | E47: =+VLOOKUP(D47,'Conteo VACIO'!$A$8:$D$226,4,0) -> G4D | F47: LK | G47: Pinza Fiambre Mgo Plast 23cm | L47: =+IFERROR(Q47/P47,0) -> 2.5173611 | M47: =+IFERROR(U47/X47,0) -> 2.5173611 | O47: =IF(P47-Q47-R47<0,0,P47-Q47-R47) -> 0 | P47: =+IFERROR(AE47*AK47,0) -> 1152 | Q47: =+(Z47*AB47)+AA47 -> 2900 | T47: =+IFERROR(SUMIFS('Stock CD'!D:D,D310,'Stock CD'!C:C),0) -> 0 | U47: =+T47+Q47 -> 2900 | W47: =+IFERROR(VLOOKUP(D47,'Stock CD'!B:I,8,0),0) -> 0 | X47: =+W47+P47 -> 1152 | Z47: =+SUMIFS('Conteo VACIO'!F:F,'Conteo VACIO'!$A:$A,$D47) -> 2 | AA47: =+SUMIFS('Conteo VACIO'!G:G,'Conteo VACIO'!$A:$A,$D47) -> 900 | AB47: 1000 | AD47: Grafica Pol | AE47: =IF(D47="Corb-LK",SUMIFS('Est Madre LK 10-25'!C:C,'Est Madre LK 10-25'!D:D,"si"),IF(D47="Corb-CH",SUMIFS('Est Madre CH 10-25'!C:C,'Est Madre CH 10-25'!D:D,"si"),0)+IFERROR(VLOOKUP(D47,'Est Madre LK 10-25'!$A:$C,3,),IFERROR(VLOOKUP(D47,'Est Madre CH 10-25'!$A:$C,3,),0))) -> 288 | AF47: 12000 | AG47: 12 | AH47: 68.57028 | AI47: Tipo C | AJ47: UT | AK47: 4
A48: Grafica Pol | C48: 1206700 | D48: 594 | E48: =+VLOOKUP(D48,'Conteo VACIO'!$A$8:$D$226,4,0) -> G4C | F48: LK | G48: Pinza Fideos Mgo Plast 25cm | L48: =+IFERROR(Q48/P48,0) -> 1.6025641 | M48: =+IFERROR(U48/X48,0) -> 1.6025641 | O48: =IF(P48-Q48-R48<0,0,P48-Q48-R48) -> 0 | P48: =+IFERROR(AE48*AK48,0) -> 1248 | Q48: =+(Z48*AB48)+AA48 -> 2000 | T48: =+IFERROR(SUMIFS('Stock CD'!D:D,D311,'Stock CD'!C:C),0) -> 0 | U48: =+T48+Q48 -> 2000 | W48: =+IFERROR(VLOOKUP(D48,'Stock CD'!B:I,8,0),0) -> 0 | X48: =+W48+P48 -> 1248 | Z48: =+SUMIFS('Conteo VACIO'!F:F,'Conteo VACIO'!$A:$A,$D48) -> 2 | AA48: =+SUMIFS('Conteo VACIO'!G:G,'Conteo VACIO'!$A:$A,$D48) -> 0 | AB48: 1000 | AD48: Grafica Pol | AE48: =IF(D48="Corb-LK",SUMIFS('Est Madre LK 10-25'!C:C,'Est Madre LK 10-25'!D:D,"si"),IF(D48="Corb-CH",SUMIFS('Est Madre CH 10-25'!C:C,'Est Madre CH 10-25'!D:D,"si"),0)+IFERROR(VLOOKUP(D48,'Est Madre LK 10-25'!$A:$C,3,),IFERROR(VLOOKUP(D48,'Est Madre CH 10-25'!$A:$C,3,),0))) -> 312 | AF48: 12000 | AG48: 12 | AH48: 68.57028 | AI48: Tipo C | AJ48: UT | AK48: 4
A49: Grafica Pol | C49: 1206700 | D49: 565 | E49: =+VLOOKUP(D49,'Conteo VACIO'!$A$8:$D$226,4,0) -> G4B | F49: LK | G49: Pinza Hielo 14cm | L49: =+IFERROR(Q49/P49,0) -> 1.4351852 | M49: =+IFERROR(U49/X49,0) -> 1.4351852 | O49: =IF(P49-Q49-R49<0,0,P49-Q49-R49) -> 0 | P49: =+IFERROR(AE49*AK49,0) -> 1728 | Q49: =+(Z49*AB49)+AA49 -> 2480 | T49: =+IFERROR(SUMIFS('Stock CD'!D:D,D312,'Stock CD'!C:C),0) -> 0 | U49: =+T49+Q49 -> 2480 | W49: =+IFERROR(VLOOKUP(D49,'Stock CD'!B:I,8,0),0) -> 0 | X49: =+W49+P49 -> 1728 | Z49: =+SUMIFS('Conteo VACIO'!F:F,'Conteo VACIO'!$A:$A,$D49) -> 2 | AA49: =+SUMIFS('Conteo VACIO'!G:G,'Conteo VACIO'!$A:$A,$D49) -> 480 | AB49: 1000 | AD49: Grafica Pol | AE49: =IF(D49="Corb-LK",SUMIFS('Est Madre LK 10-25'!C:C,'Est Madre LK 10-25'!D:D,"si"),IF(D49="Corb-CH",SUMIFS('Est Madre CH 10-25'!C:C,'Est Madre CH 10-25'!D:D,"si"),0)+IFERROR(VLOOKUP(D49,'Est Madre LK 10-25'!$A:$C,3,),IFERROR(VLOOKUP(D49,'Est Madre CH 10-25'!$A:$C,3,),0))) -> 432 | AF49: 12000 | AG49: 12 | AH49: 68.57028 | AI49: Tipo C | AJ49: UT | AK49: 4
A50: Grafica Pol | C50: 1268700 | D50: 507 | E50: =+VLOOKUP(D50,'Conteo VACIO'!$A$8:$D$226,4,0) -> G1E | F50: LK | G50: Rompenueces | L50: =+IFERROR(Q50/P50,0) -> 0.09469697 | M50: =+IFERROR(U50/X50,0) -> 0.09469697 | O50: =IF(P50-Q50-R50<0,0,P50-Q50-R50) -> 2868 | P50: =+IFERROR(AE50*AK50,0) -> 3168 | Q50: =+(Z50*AB50)+AA50 -> 300 | T50: =+IFERROR(SUMIFS('Stock CD'!D:D,D313,'Stock CD'!C:C),0) -> 0 | U50: =+T50+Q50 -> 300 | W50: =+IFERROR(VLOOKUP(D50,'Stock CD'!B:I,8,0),0) -> 0 | X50: =+W50+P50 -> 3168 | Z50: =+SUMIFS('Conteo VACIO'!F:F,'Conteo VACIO'!$A:$A,$D50) -> 0 | AA50: =+SUMIFS('Conteo VACIO'!G:G,'Conteo VACIO'!$A:$A,$D50) -> 300 | AB50: 1000 | AD50: Grafica Pol | AE50: =IF(D50="Corb-LK",SUMIFS('Est Madre LK 10-25'!C:C,'Est Madre LK 10-25'!D:D,"si"),IF(D50="Corb-CH",SUMIFS('Est Madre CH 10-25'!C:C,'Est Madre CH 10-25'!D:D,"si"),0)+IFERROR(VLOOKUP(D50,'Est Madre LK 10-25'!$A:$C,3,),IFERROR(VLOOKUP(D50,'Est Madre CH 10-25'!$A:$C,3,),0))) -> 792 | AF50: 12000 | AG50: 12 | AH50: 0 | AI50: Tipo C | AJ50: UT | AK50: 4
A51: Grafica Pol | C51: 1206700 | D51: 518 | E51: =+VLOOKUP(D51,'Conteo VACIO'!$A$8:$D$226,4,0) -> G7E | F51: LK | G51: Sacafuente Pizzero | L51: =+IFERROR(Q51/P51,0) -> 0.70673077 | M51: =+IFERROR(U51/X51,0) -> 0.70673077 | O51: =IF(P51-Q51-R51<0,0,P51-Q51-R51) -> 915 | P51: =+IFERROR(AE51*AK51,0) -> 3120 | Q51: =+(Z51*AB51)+AA51 -> 2205 | T51: =+IFERROR(SUMIFS('Stock CD'!D:D,D321,'Stock CD'!C:C),0) -> 0 | U51: =+T51+Q51 -> 2205 | W51: =+IFERROR(VLOOKUP(D51,'Stock CD'!B:I,8,0),0) -> 0 | X51: =+W51+P51 -> 3120 | Z51: =+SUMIFS('Conteo VACIO'!F:F,'Conteo VACIO'!$A:$A,$D51) -> 1 | AA51: =+SUMIFS('Conteo VACIO'!G:G,'Conteo VACIO'!$A:$A,$D51) -> 1205 | AB51: 1000 | AD51: Grafica Pol | AE51: =IF(D51="Corb-LK",SUMIFS('Est Madre LK 10-25'!C:C,'Est Madre LK 10-25'!D:D,"si"),IF(D51="Corb-CH",SUMIFS('Est Madre CH 10-25'!C:C,'Est Madre CH 10-25'!D:D,"si"),0)+IFERROR(VLOOKUP(D51,'Est Madre LK 10-25'!$A:$C,3,),IFERROR(VLOOKUP(D51,'Est Madre CH 10-25'!$A:$C,3,),0))) -> 780 | AF51: 12000 | AG51: 12 | AH51: 68.57028 | AI51: Tipo C | AJ51: UT | AK51: 4
A52: Grafica Pol | D52: 208 | E52: =+VLOOKUP(D52,'Conteo VACIO'!$A$8:$D$226,4,0) -> G3B | F52: LK | G52: Cucharita 13cm Azucar Madera | L52: =+IFERROR(Q52/P52,0) -> 0 | M52: =+IFERROR(U52/X52,0) -> 0 | O52: =IF(P52-Q52-R52<0,0,P52-Q52-R52) -> 576 | P52: =+IFERROR(AE52*AK52,0) -> 576 | Q52: =+(Z52*AB52)+AA52 -> 0 | T52: =+IFERROR(SUMIFS('Stock CD'!D:D,D320,'Stock CD'!C:C),0) -> 0 | U52: =+T52+Q52 -> 0 | W52: =+IFERROR(VLOOKUP(D52,'Stock CD'!B:I,8,0),0) -> 0 | X52: =+W52+P52 -> 576 | Z52: =+SUMIFS('Conteo VACIO'!F:F,'Conteo VACIO'!$A:$A,$D52) -> 0 | AA52: =+SUMIFS('Conteo VACIO'!G:G,'Conteo VACIO'!$A:$A,$D52) -> 0 | AB52: 1000 | AD52: Grafica Pol | AE52: =IF(D52="Corb-LK",SUMIFS('Est Madre LK 10-25'!C:C,'Est Madre LK 10-25'!D:D,"si"),IF(D52="Corb-CH",SUMIFS('Est Madre CH 10-25'!C:C,'Est Madre CH 10-25'!D:D,"si"),0)+IFERROR(VLOOKUP(D52,'Est Madre LK 10-25'!$A:$C,3,),IFERROR(VLOOKUP(D52,'Est Madre CH 10-25'!$A:$C,3,),0))) -> 144 | AF52: 12000 | AG52: 12 | AH52: 68.57 | AI52: Tipo C | AJ52: UT | AK52: 4
A53: Grafica Pol | D53: 498 | E53: =+VLOOKUP(D53,'Conteo VACIO'!$A$8:$D$226,4,0) -> G7B | F53: LK | G53: Llavero Destapador Pie Crom | L53: =+IFERROR(Q53/P53,0) -> 5.5381944 | M53: =+IFERROR(U53/X53,0) -> 5.5381944 | O53: =IF(P53-Q53-R53<0,0,P53-Q53-R53) -> 0 | P53: =+IFERROR(AE53*AK53,0) -> 576 | Q53: =+(Z53*AB53)+AA53 -> 3190 | T53: =+IFERROR(SUMIFS('Stock CD'!D:D,D323,'Stock CD'!C:C),0) -> 0 | U53: =+T53+Q53 -> 3190 | W53: =+IFERROR(VLOOKUP(D53,'Stock CD'!B:I,8,0),0) -> 0 | X53: =+W53+P53 -> 576 | Z53: =+SUMIFS('Conteo VACIO'!F:F,'Conteo VACIO'!$A:$A,$D53) -> 3 | AA53: =+SUMIFS('Conteo VACIO'!G:G,'Conteo VACIO'!$A:$A,$D53) -> 190 | AB53: 1000 | AD53: Grafica Pol | AE53: =IF(D53="Corb-LK",SUMIFS('Est Madre LK 10-25'!C:C,'Est Madre LK 10-25'!D:D,"si"),IF(D53="Corb-CH",SUMIFS('Est Madre CH 10-25'!C:C,'Est Madre CH 10-25'!D:D,"si"),0)+IFERROR(VLOOKUP(D53,'Est Madre LK 10-25'!$A:$C,3,),IFERROR(VLOOKUP(D53,'Est Madre CH 10-25'!$A:$C,3,),0))) -> 144 | AF53: 12000 | AG53: 12 | AH53: 68.57 | AI53: Tipo C | AJ53: UT | AK53: 4
A54: Grafica Pol | C54: 1206700 | D54: 299 | E54: =+VLOOKUP(D54,'Conteo VACIO'!$A$8:$D$226,4,0) -> G8B | F54: LK | G54: Muñeco Silicona Antiderrame | L54: =+IFERROR(Q54/P54,0) -> 0.77160494 | M54: =+IFERROR(U54/X54,0) -> 0.77160494 | O54: =IF(P54-Q54-R54<0,0,P54-Q54-R54) -> 296 | P54: =+IFERROR(AE54*AK54,0) -> 1296 | Q54: =+(Z54*AB54)+AA54 -> 1000 | T54: =+IFERROR(SUMIFS('Stock CD'!D:D,D324,'Stock CD'!C:C),0) -> 0 | U54: =+T54+Q54 -> 1000 | W54: =+IFERROR(VLOOKUP(D54,'Stock CD'!B:I,8,0),0) -> 0 | X54: =+W54+P54 -> 1296 | Z54: =+SUMIFS('Conteo VACIO'!F:F,'Conteo VACIO'!$A:$A,$D54) -> 1 | AA54: =+SUMIFS('Conteo VACIO'!G:G,'Conteo VACIO'!$A:$A,$D54) -> 0 | AB54: 1000 | AD54: Grafica Pol | AE54: =IF(D54="Corb-LK",SUMIFS('Est Madre LK 10-25'!C:C,'Est Madre LK 10-25'!D:D,"si"),IF(D54="Corb-CH",SUMIFS('Est Madre CH 10-25'!C:C,'Est Madre CH 10-25'!D:D,"si"),0)+IFERROR(VLOOKUP(D54,'Est Madre LK 10-25'!$A:$C,3,),IFERROR(VLOOKUP(D54,'Est Madre CH 10-25'!$A:$C,3,),0))) -> 324 | AF54: 12000 | AG54: 12 | AH54: 68.57028 | AI54: Tipo C | AJ54: UT | AK54: 4
A55: Grafica Pol | D55: 207 | E55: =+VLOOKUP(D55,'Conteo VACIO'!$A$8:$D$226,4,0) -> G3A | F55: LK | G55: Ñoquera Madera Mgo redondo | L55: =+IFERROR(Q55/P55,0) -> 0 | M55: =+IFERROR(U55/X55,0) -> 0 | O55: =IF(P55-Q55-R55<0,0,P55-Q55-R55) -> 960 | P55: =+IFERROR(AE55*AK55,0) -> 960 | Q55: =+(Z55*AB55)+AA55 -> 0 | T55: =+IFERROR(SUMIFS('Stock CD'!D:D,D325,'Stock CD'!C:C),0) -> 0 | U55: =+T55+Q55 -> 0 | W55: =+IFERROR(VLOOKUP(D55,'Stock CD'!B:I,8,0),0) -> 0 | X55: =+W55+P55 -> 960 | Z55: =+SUMIFS('Conteo VACIO'!F:F,'Conteo VACIO'!$A:$A,$D55) -> 0 | AA55: =+SUMIFS('Conteo VACIO'!G:G,'Conteo VACIO'!$A:$A,$D55) -> 0 | AB55: 1000 | AD55: Grafica Pol | AE55: =IF(D55="Corb-LK",SUMIFS('Est Madre LK 10-25'!C:C,'Est Madre LK 10-25'!D:D,"si"),IF(D55="Corb-CH",SUMIFS('Est Madre CH 10-25'!C:C,'Est Madre CH 10-25'!D:D,"si"),0)+IFERROR(VLOOKUP(D55,'Est Madre LK 10-25'!$A:$C,3,),IFERROR(VLOOKUP(D55,'Est Madre CH 10-25'!$A:$C,3,),0))) -> 240 | AF55: 12000 | AG55: 12 | AH55: 68.57 | AI55: Tipo C | AJ55: UT | AK55: 4
A56: Grafica Pol | C56: 1267700 | D56: 517 | E56: =+VLOOKUP(D56,'Conteo VACIO'!$A$8:$D$226,4,0) -> G2A | F56: LK | G56: Pinza Gastronomica 25cm | L56: =+IFERROR(Q56/P56,0) -> 0 | M56: =+IFERROR(U56/X56,0) -> 0 | O56: =IF(P56-Q56-R56<0,0,P56-Q56-R56) -> 0 | P56: =+IFERROR(AE56*AK56,0) -> 0 | Q56: =+(Z56*AB56)+AA56 -> 0 | T56: =+IFERROR(SUMIFS('Stock CD'!D:D,D326,'Stock CD'!C:C),0) -> 0 | U56: =+T56+Q56 -> 0 | W56: =+IFERROR(VLOOKUP(D56,'Stock CD'!B:I,8,0),0) -> 0 | X56: =+W56+P56 -> 0 | Z56: =+SUMIFS('Conteo VACIO'!F:F,'Conteo VACIO'!$A:$A,$D56) -> 0 | AA56: =+SUMIFS('Conteo VACIO'!G:G,'Conteo VACIO'!$A:$A,$D56) -> 0 | AB56: 1000 | AD56: Grafica Pol | AE56: =IF(D56="Corb-LK",SUMIFS('Est Madre LK 10-25'!C:C,'Est Madre LK 10-25'!D:D,"si"),IF(D56="Corb-CH",SUMIFS('Est Madre CH 10-25'!C:C,'Est Madre CH 10-25'!D:D,"si"),0)+IFERROR(VLOOKUP(D56,'Est Madre LK 10-25'!$A:$C,3,),IFERROR(VLOOKUP(D56,'Est Madre CH 10-25'!$A:$C,3,),0))) -> 0 | AF56: 12000 | AG56: 12 | AH56: 0 | AI56: Tipo C | AJ56: UT | AK56: 4
A57: Grafica Pol | D57: 561 | E57: =+VLOOKUP(D57,'Conteo VACIO'!$A$8:$D$226,4,0) -> G4A | F57: LK | G57: Pinza Grande | L57: =+IFERROR(Q57/P57,0) -> 0 | M57: =+IFERROR(U57/X57,0) -> 0 | O57: =IF(P57-Q57-R57<0,0,P57-Q57-R57) -> 0 | P57: =+IFERROR(AE57*AK57,0) -> 0 | Q57: =+(Z57*AB57)+AA57 -> 0 | T57: =+IFERROR(SUMIFS('Stock CD'!D:D,D327,'Stock CD'!C:C),0) -> 0 | U57: =+T57+Q57 -> 0 | W57: =+IFERROR(VLOOKUP(D57,'Stock CD'!B:I,8,0),0) -> 0 | X57: =+W57+P57 -> 0 | Z57: =+SUMIFS('Conteo VACIO'!F:F,'Conteo VACIO'!$A:$A,$D57) -> 0 | AA57: =+SUMIFS('Conteo VACIO'!G:G,'Conteo VACIO'!$A:$A,$D57) -> 0 | AB57: 1000 | AD57: Grafica Pol | AE57: =IF(D57="Corb-LK",SUMIFS('Est Madre LK 10-25'!C:C,'Est Madre LK 10-25'!D:D,"si"),IF(D57="Corb-CH",SUMIFS('Est Madre CH 10-25'!C:C,'Est Madre CH 10-25'!D:D,"si"),0)+IFERROR(VLOOKUP(D57,'Est Madre LK 10-25'!$A:$C,3,),IFERROR(VLOOKUP(D57,'Est Madre CH 10-25'!$A:$C,3,),0))) -> 0 | AF57: 12000 | AG57: 12 | AH57: 68.57 | AI57: Tipo C | AJ57: UT | AK57: 4
A58: Grafica Pol | C58: 1206700 | D58: 508 | E58: =+VLOOKUP(D58,'Conteo VACIO'!$A$8:$D$226,4,0) -> G6A | F58: LK | G58: Sacafuentes Articulado | L58: =+IFERROR(Q58/P58,0) -> 1.5297619 | M58: =+IFERROR(U58/X58,0) -> 1.5297619 | O58: =IF(P58-Q58-R58<0,0,P58-Q58-R58) -> 0 | P58: =+IFERROR(AE58*AK58,0) -> 1680 | Q58: =+(Z58*AB58)+AA58 -> 2570 | T58: =+IFERROR(SUMIFS('Stock CD'!D:D,D322,'Stock CD'!C:C),0) -> 0 | U58: =+T58+Q58 -> 2570 | W58: =+IFERROR(VLOOKUP(D58,'Stock CD'!B:I,8,0),0) -> 0 | X58: =+W58+P58 -> 1680 | Z58: =+SUMIFS('Conteo VACIO'!F:F,'Conteo VACIO'!$A:$A,$D58) -> 2 | AA58: =+SUMIFS('Conteo VACIO'!G:G,'Conteo VACIO'!$A:$A,$D58) -> 570 | AB58: 1000 | AD58: Grafica Pol | AE58: =IF(D58="Corb-LK",SUMIFS('Est Madre LK 10-25'!C:C,'Est Madre LK 10-25'!D:D,"si"),IF(D58="Corb-CH",SUMIFS('Est Madre CH 10-25'!C:C,'Est Madre CH 10-25'!D:D,"si"),0)+IFERROR(VLOOKUP(D58,'Est Madre LK 10-25'!$A:$C,3,),IFERROR(VLOOKUP(D58,'Est Madre CH 10-25'!$A:$C,3,),0))) -> 420 | AF58: 12000 | AG58: 12 | AH58: 68.57028 | AI58: Tipo C | AJ58: UT | AK58: 4
A59: Grafica Pol | C59: 1207700 | D59: 587 | E59: =+VLOOKUP(D59,'Conteo VACIO'!$A$8:$D$226,4,0) -> B4 | F59: LK | G59: Pelador Metalico Corte Laser | L59: =+IFERROR(Q59/P59,0) -> 0.44871795 | M59: =+IFERROR(U59/X59,0) -> 0.44871795 | O59: =IF(P59-Q59-R59<0,0,P59-Q59-R59) -> 6450 | P59: =+IFERROR(AE59*AK59,0) -> 11700 | Q59: =+(Z59*AB59)+AA59 -> 5250 | T59: =+IFERROR(SUMIFS('Stock CD'!D:D,D276,'Stock CD'!C:C),0) -> 0 | U59: =+T59+Q59 -> 5250 | W59: =+IFERROR(VLOOKUP(D59,'Stock CD'!B:I,8,0),0) -> 0 | X59: =+W59+P59 -> 11700 | Z59: =+SUMIFS('Conteo VACIO'!F:F,'Conteo VACIO'!$A:$A,$D59) -> 5 | AA59: =+SUMIFS('Conteo VACIO'!G:G,'Conteo VACIO'!$A:$A,$D59) -> 250 | AB59: 1000 | AD59: Grafica Pol | AE59: =IF(D59="Corb-LK",SUMIFS('Est Madre LK 10-25'!C:C,'Est Madre LK 10-25'!D:D,"si"),IF(D59="Corb-CH",SUMIFS('Est Madre CH 10-25'!C:C,'Est Madre CH 10-25'!D:D,"si"),0)+IFERROR(VLOOKUP(D59,'Est Madre LK 10-25'!$A:$C,3,),IFERROR(VLOOKUP(D59,'Est Madre CH 10-25'!$A:$C,3,),0))) -> 3900 | AF59: 12000 | AG59: 12 | AH59: 61.33671 | AI59: Tipo C | AJ59: PEL | AK59: 3
E60: =+VLOOKUP(D60,'Conteo VACIO'!$A$8:$D$226,4,0) -> #N/A | F60: LK | G60: Utensilios | L60: =+IFERROR(Q60/P60,0) -> 0 | M60: =+IFERROR(U60/X60,0) -> 0 | O60: =IF(P60-Q60-R60<0,0,P60-Q60-R60) -> 0 | P60: =+IFERROR(AE60*AK60,0) -> 0 | Q60: =+(Z60*AB60)+AA60 -> 0 | T60: =+IFERROR(SUMIFS('Stock CD'!D:D,D277,'Stock CD'!C:C),0) -> 0 | U60: =+T60+Q60 -> 0 | W60: =+IFERROR(VLOOKUP(D60,'Stock CD'!B:I,8,0),0) -> 0 | X60: =+W60+P60 -> 0 | Z60: =+SUMIFS('Conteo VACIO'!F:F,'Conteo VACIO'!$A:$A,$D60) -> 0 | AA60: =+SUMIFS('Conteo VACIO'!G:G,'Conteo VACIO'!$A:$A,$D60) -> 0 | AB60: 1001 | AD60: Grafica Pol | AE60: =IF(D60="Corb-LK",SUMIFS('Est Madre LK 10-25'!C:C,'Est Madre LK 10-25'!D:D,"si"),IF(D60="Corb-CH",SUMIFS('Est Madre CH 10-25'!C:C,'Est Madre CH 10-25'!D:D,"si"),0)+IFERROR(VLOOKUP(D60,'Est Madre LK 10-25'!$A:$C,3,),IFERROR(VLOOKUP(D60,'Est Madre CH 10-25'!$A:$C,3,),0))) -> 0 | AF60: 12000 | AG60: 12 | AH60: 61.33671 | AI60: Tipo C | AJ60: PEL | AK60: 4
O61: =+SUM(O33:O60) -> 24993
C62: Tipo Huevo (25) - Pliegos 9 y 10 - Troquel Huevo
C63: Cód ISIS | D63: Cod | E63: Sector | F63: L | G63: Descripcion | H63: Pedido Damian Uni | I63: Orden Priori | L63: % Ocup Conteo | M63: % Ocup Virgilio | O63: Pedido Uni | P63: Max Cons 3 Mes Uni | Q63: Stock Uni | R63: Pedido Pend Uni | T63: Stock CD Uni | U63: Stock Total Uni | W63: Max CD Uni | X63: Max Total Uni | Z63: Conteo Paquete | AA63: Uni Suelta | AB63: Uni x Paq | AD63: Prov | AE63: Cons x Mes | AF63: Pedi Min Uni | AG63: Cant x Pliego | AH63: Precio Uni | AI63: Tipo de Cartón | AJ63: Agrup | AK63: Max x Mes
A64: Grafica Pol | C64: 1206700 | D64: 543 | E64: =+VLOOKUP(D64,'Conteo VACIO'!$A$8:$D$226,4,0) -> G5B | F64: LK | G64: Ahueca Frutas | L64: =+IFERROR(Q64/P64,0) -> 1.2121212 | M64: =+IFERROR(U64/X64,0) -> 1.2121212 | O64: =IF(P64-Q64-R64<0,0,P64-Q64-R64) -> 0 | P64: =+IFERROR(AE64*AK64,0) -> 1188 | Q64: =+(Z64*AB64)+AA64 -> 1440 | T64: =+IFERROR(SUMIFS('Stock CD'!D:D,D264,'Stock CD'!C:C),0) -> 0 | U64: =+T64+Q64 -> 1440 | W64: =+IFERROR(VLOOKUP(D64,'Stock CD'!B:I,8,0),0) -> 0 | X64: =+W64+P64 -> 1188 | Z64: =+SUMIFS('Conteo VACIO'!F:F,'Conteo VACIO'!$A:$A,$D64) -> 1 | AA64: =+SUMIFS('Conteo VACIO'!G:G,'Conteo VACIO'!$A:$A,$D64) -> 440 | AB64: 1000 | AD64: Grafica Pol | AE64: =IF(D64="Corb-LK",SUMIFS('Est Madre LK 10-25'!C:C,'Est Madre LK 10-25'!D:D,"si"),IF(D64="Corb-CH",SUMIFS('Est Madre CH 10-25'!C:C,'Est Madre CH 10-25'!D:D,"si"),0)+IFERROR(VLOOKUP(D64,'Est Madre LK 10-25'!$A:$C,3,),IFERROR(VLOOKUP(D64,'Est Madre CH 10-25'!$A:$C,3,),0))) -> 396 | AF64: 12000 | AG64: 12 | AH64: 68.57028 | AI64: Huevo | AJ64: HUEVO | AK64: 3
A65: Grafica Pol | C65: 1206700 | D65: 542 | E65: =+VLOOKUP(D65,'Conteo VACIO'!$A$8:$D$226,4,0) -> G5A | F65: LK | G65: Ahueca Papas | L65: =+IFERROR(Q65/P65,0) -> 1.0763889 | M65: =+IFERROR(U65/X65,0) -> 1.0763889 | O65: =IF(P65-Q65-R65<0,0,P65-Q65-R65) -> 0 | P65: =+IFERROR(AE65*AK65,0) -> 1152 | Q65: =+(Z65*AB65)+AA65 -> 1240 | T65: =+IFERROR(SUMIFS('Stock CD'!D:D,D266,'Stock CD'!C:C),0) -> 0 | U65: =+T65+Q65 -> 1240 | W65: =+IFERROR(VLOOKUP(D65,'Stock CD'!B:I,8,0),0) -> 0 | X65: =+W65+P65 -> 1152 | Z65: =+SUMIFS('Conteo VACIO'!F:F,'Conteo VACIO'!$A:$A,$D65) -> 0 | AA65: =+SUMIFS('Conteo VACIO'!G:G,'Conteo VACIO'!$A:$A,$D65) -> 1240 | AB65: 1000 | AD65: Grafica Pol | AE65: =IF(D65="Corb-LK",SUMIFS('Est Madre LK 10-25'!C:C,'Est Madre LK 10-25'!D:D,"si"),IF(D65="Corb-CH",SUMIFS('Est Madre CH 10-25'!C:C,'Est Madre CH 10-25'!D:D,"si"),0)+IFERROR(VLOOKUP(D65,'Est Madre LK 10-25'!$A:$C,3,),IFERROR(VLOOKUP(D65,'Est Madre CH 10-25'!$A:$C,3,),0))) -> 384 | AF65: 12000 | AG65: 12 | AH65: 68.57028 | AI65: Huevo | AJ65: HUEVO | AK65: 3
A66: Grafica Pol | C66: 1206700 | D66: 534 | E66: =+VLOOKUP(D66,'Conteo VACIO'!$A$8:$D$226,4,0) -> Q28L | F66: LK | G66: Cepillo Lava Vajilla | L66: =+IFERROR(Q66/P66,0) -> 0 | O66: =IF(P66-Q66-R66<0,0,P66-Q66-R66) -> 432 | P66: =+IFERROR(AE66*AK66,0) -> 432 | Q66: =+(Z66*AB66)+AA66 -> 0 | T66: =+IFERROR(SUMIFS('Stock CD'!D:D,D268,'Stock CD'!C:C),0) -> 0 | U66: =+T66+Q66 -> 0 | W66: =+IFERROR(VLOOKUP(D66,'Stock CD'!B:I,8,0),0) -> 0 | X66: =+W66+P66 -> 432 | Z66: =+SUMIFS('Conteo VACIO'!F:F,'Conteo VACIO'!$A:$A,$D66) -> 0 | AA66: =+SUMIFS('Conteo VACIO'!G:G,'Conteo VACIO'!$A:$A,$D66) -> 0 | AB66: 1000 | AD66: Grafica Pol | AE66: =IF(D66="Corb-LK",SUMIFS('Est Madre LK 10-25'!C:C,'Est Madre LK 10-25'!D:D,"si"),IF(D66="Corb-CH",SUMIFS('Est Madre CH 10-25'!C:C,'Est Madre CH 10-25'!D:D,"si"),0)+IFERROR(VLOOKUP(D66,'Est Madre LK 10-25'!$A:$C,3,),IFERROR(VLOOKUP(D66,'Est Madre CH 10-25'!$A:$C,3,),0))) -> 144 | AF66: 25000 | AG66: 25 | AH66: 0 | AI66: Huevo | AJ66: HUEVO | AK66: 3
A67: Grafica Pol | C67: 1206700 | D67: 555 | E67: =+VLOOKUP(D67,'Conteo VACIO'!$A$8:$D$226,4,0) -> V2E | F67: LK | G67: Cepillo Limpia Bombilla | L67: =+IFERROR(Q67/P67,0) -> 0.55555556 | O67: =IF(P67-Q67-R67<0,0,P67-Q67-R67) -> 2400 | P67: =+IFERROR(AE67*AK67,0) -> 5400 | Q67: =+(Z67*AB67)+AA67 -> 3000 | T67: =+IFERROR(SUMIFS('Stock CD'!D:D,D269,'Stock CD'!C:C),0) -> 0 | U67: =+T67+Q67 -> 3000 | W67: =+IFERROR(VLOOKUP(D67,'Stock CD'!B:I,8,0),0) -> 0 | X67: =+W67+P67 -> 5400 | Z67: =+SUMIFS('Conteo VACIO'!F:F,'Conteo VACIO'!$A:$A,$D67) -> 3 | AA67: =+SUMIFS('Conteo VACIO'!G:G,'Conteo VACIO'!$A:$A,$D67) -> 0 | AB67: 1000 | AD67: Grafica Pol | AE67: =IF(D67="Corb-LK",SUMIFS('Est Madre LK 10-25'!C:C,'Est Madre LK 10-25'!D:D,"si"),IF(D67="Corb-CH",SUMIFS('Est Madre CH 10-25'!C:C,'Est Madre CH 10-25'!D:D,"si"),0)+IFERROR(VLOOKUP(D67,'Est Madre LK 10-25'!$A:$C,3,),IFERROR(VLOOKUP(D67,'Est Madre CH 10-25'!$A:$C,3,),0))) -> 1800 | AF67: 25000 | AG67: 25 | AH67: 0 | AI67: Huevo | AJ67: HUEVO | AK67: 3
A68: Grafica Pol | C68: 1206700 | D68: 535 | E68: =+VLOOKUP(D68,'Conteo VACIO'!$A$8:$D$226,4,0) -> Q24L | F68: LK | G68: Cepillo Limpia Mamadera | L68: =+IFERROR(Q68/P68,0) -> 0 | O68: =IF(P68-Q68-R68<0,0,P68-Q68-R68) -> 4752 | P68: =+IFERROR(AE68*AK68,0) -> 4752 | Q68: =+(Z68*AB68)+AA68 -> 0 | T68: =+IFERROR(SUMIFS('Stock CD'!D:D,D270,'Stock CD'!C:C),0) -> 0 | U68: =+T68+Q68 -> 0 | W68: =+IFERROR(VLOOKUP(D68,'Stock CD'!B:I,8,0),0) -> 0 | X68: =+W68+P68 -> 4752 | Z68: =+SUMIFS('Conteo VACIO'!F:F,'Conteo VACIO'!$A:$A,$D68) -> 0 | AA68: =+SUMIFS('Conteo VACIO'!G:G,'Conteo VACIO'!$A:$A,$D68) -> 0 | AB68: 1000 | AD68: Grafica Pol | AE68: =IF(D68="Corb-LK",SUMIFS('Est Madre LK 10-25'!C:C,'Est Madre LK 10-25'!D:D,"si"),IF(D68="Corb-CH",SUMIFS('Est Madre CH 10-25'!C:C,'Est Madre CH 10-25'!D:D,"si"),0)+IFERROR(VLOOKUP(D68,'Est Madre LK 10-25'!$A:$C,3,),IFERROR(VLOOKUP(D68,'Est Madre CH 10-25'!$A:$C,3,),0))) -> 1584 | AF68: 25000 | AG68: 25 | AH68: 0 | AI68: Huevo | AJ68: HUEVO | AK68: 3
A69: Grafica Pol | C69: 1217700 | D69: 29 | E69: =+VLOOKUP(D69,'Conteo VACIO'!$A$8:$D$226,4,0) -> M7A | F69: LK | G69: Colador Ø 16cm | L69: =+IFERROR(Q69/P69,0) -> 0 | M69: =+IFERROR(U69/X69,0) -> 0 | O69: =IF(P69-Q69-R69<0,0,P69-Q69-R69) -> 0 | P69: =+IFERROR(AE69*AK69,0) -> 0 | Q69: =+(Z69*AB69)+AA69 -> 2500 | T69: =+IFERROR(SUMIFS('Stock CD'!D:D,D259,'Stock CD'!C:C),0) -> 0 | U69: =+T69+Q69 -> 2500 | W69: =+IFERROR(VLOOKUP(D69,'Stock CD'!B:I,8,0),0) -> 0 | X69: =+W69+P69 -> 0 | Z69: =+SUMIFS('Conteo VACIO'!F:F,'Conteo VACIO'!$A:$A,$D69) -> 1 | AA69: =+SUMIFS('Conteo VACIO'!G:G,'Conteo VACIO'!$A:$A,$D69) -> 0 | AB69: 2500 | AD69: Grafica Pol | AE69: =IF(D69="Corb-LK",SUMIFS('Est Madre LK 10-25'!C:C,'Est Madre LK 10-25'!D:D,"si"),IF(D69="Corb-CH",SUMIFS('Est Madre CH 10-25'!C:C,'Est Madre CH 10-25'!D:D,"si"),0)+IFERROR(VLOOKUP(D69,'Est Madre LK 10-25'!$A:$C,3,),IFERROR(VLOOKUP(D69,'Est Madre CH 10-25'!$A:$C,3,),0))) -> 0 | AF69: 12000 | AG69: 30 | AH69: 31.0482 | AI69: Huevo | AJ69: HUEVO | AK69: 3
A70: Grafica Pol | C70: 1217700 | D70: 30 | E70: =+VLOOKUP(D70,'Conteo VACIO'!$A$8:$D$226,4,0) -> M7B | F70: LK | G70: Colador Ø 20cm | L70: =+IFERROR(Q70/P70,0) -> 0 | M70: =+IFERROR(U70/X70,0) -> 0 | O70: =IF(P70-Q70-R70<0,0,P70-Q70-R70) -> 0 | P70: =+IFERROR(AE70*AK70,0) -> 0 | Q70: =+(Z70*AB70)+AA70 -> 5000 | T70: =+IFERROR(SUMIFS('Stock CD'!D:D,D260,'Stock CD'!C:C),0) -> 0 | U70: =+T70+Q70 -> 5000 | W70: =+IFERROR(VLOOKUP(D70,'Stock CD'!B:I,8,0),0) -> 0 | X70: =+W70+P70 -> 0 | Z70: =+SUMIFS('Conteo VACIO'!F:F,'Conteo VACIO'!$A:$A,$D70) -> 2 | AA70: =+SUMIFS('Conteo VACIO'!G:G,'Conteo VACIO'!$A:$A,$D70) -> 0 | AB70: 2500 | AD70: Grafica Pol | AE70: =IF(D70="Corb-LK",SUMIFS('Est Madre LK 10-25'!C:C,'Est Madre LK 10-25'!D:D,"si"),IF(D70="Corb-CH",SUMIFS('Est Madre CH 10-25'!C:C,'Est Madre CH 10-25'!D:D,"si"),0)+IFERROR(VLOOKUP(D70,'Est Madre LK 10-25'!$A:$C,3,),IFERROR(VLOOKUP(D70,'Est Madre CH 10-25'!$A:$C,3,),0))) -> 0 | AF70: 12000 | AG70: 30 | AH70: 31.0482 | AI70: Huevo | AJ70: HUEVO | AK70: 3
A71: Grafica Pol | C71: 1206700 | D71: 562 | E71: =+VLOOKUP(D71,'Conteo VACIO'!$A$8:$D$226,4,0) -> F3A | F71: LK | G71: Corta Pizza 6cm Mgo LK | L71: =+IFERROR(Q71/P71,0) -> 0.48611111 | M71: =+IFERROR(U71/X71,0) -> 0.48611111 | O71: =IF(P71-Q71-R71<0,0,P71-Q71-R71) -> 1850 | P71: =+IFERROR(AE71*AK71,0) -> 3600 | Q71: =+(Z71*AB71)+AA71 -> 1750 | T71: =+IFERROR(SUMIFS('Stock CD'!D:D,D270,'Stock CD'!C:C),0) -> 0 | U71: =+T71+Q71 -> 1750 | W71: =+IFERROR(VLOOKUP(D71,'Stock CD'!B:I,8,0),0) -> 0 | X71: =+W71+P71 -> 3600 | Z71: =+SUMIFS('Conteo VACIO'!F:F,'Conteo VACIO'!$A:$A,$D71) -> 1 | AA71: =+SUMIFS('Conteo VACIO'!G:G,'Conteo VACIO'!$A:$A,$D71) -> 750 | AB71: 1000 | AD71: Grafica Pol | AE71: =IF(D71="Corb-LK",SUMIFS('Est Madre LK 10-25'!C:C,'Est Madre LK 10-25'!D:D,"si"),IF(D71="Corb-CH",SUMIFS('Est Madre CH 10-25'!C:C,'Est Madre CH 10-25'!D:D,"si"),0)+IFERROR(VLOOKUP(D71,'Est Madre LK 10-25'!$A:$C,3,),IFERROR(VLOOKUP(D71,'Est Madre CH 10-25'!$A:$C,3,),0))) -> 1200 | AF71: 12000 | AG71: 12 | AH71: 68.57028 | AI71: Huevo | AJ71: HUEVO | AK71: 3
A72: Grafica Pol | C72: 1206700 | D72: 564 | E72: =+VLOOKUP(D72,'Conteo VACIO'!$A$8:$D$226,4,0) -> F3B | F72: LK | G72: Corta Pizza 8cm Mgo Madera | L72: =+IFERROR(Q72/P72,0) -> 0.94219219 | M72: =+IFERROR(U72/X72,0) -> 0.94219219 | O72: =IF(P72-Q72-R72<0,0,P72-Q72-R72) -> 77 | P72: =+IFERROR(AE72*AK72,0) -> 1332 | Q72: =+(Z72*AB72)+AA72 -> 1255 | T72: =+IFERROR(SUMIFS('Stock CD'!D:D,D271,'Stock CD'!C:C),0) -> 0 | U72: =+T72+Q72 -> 1255 | W72: =+IFERROR(VLOOKUP(D72,'Stock CD'!B:I,8,0),0) -> 0 | X72: =+W72+P72 -> 1332 | Z72: =+SUMIFS('Conteo VACIO'!F:F,'Conteo VACIO'!$A:$A,$D72) -> 0 | AA72: =+SUMIFS('Conteo VACIO'!G:G,'Conteo VACIO'!$A:$A,$D72) -> 1255 | AB72: 1000 | AD72: Grafica Pol | AE72: =IF(D72="Corb-LK",SUMIFS('Est Madre LK 10-25'!C:C,'Est Madre LK 10-25'!D:D,"si"),IF(D72="Corb-CH",SUMIFS('Est Madre CH 10-25'!C:C,'Est Madre CH 10-25'!D:D,"si"),0)+IFERROR(VLOOKUP(D72,'Est Madre LK 10-25'!$A:$C,3,),IFERROR(VLOOKUP(D72,'Est Madre CH 10-25'!$A:$C,3,),0))) -> 444 | AF72: 12000 | AG72: 12 | AH72: 68.57028 | AI72: Huevo | AJ72: HUEVO | AK72: 3
A73: Grafica Pol | C73: 1206700 | D73: 559 | E73: =+VLOOKUP(D73,'Conteo VACIO'!$A$8:$D$226,4,0) -> G2D | F73: LK | G73: Corta Ravioles c/Mgo LK | L73: =+IFERROR(Q73/P73,0) -> 0.31793842 | M73: =+IFERROR(U73/X73,0) -> 0.31793842 | O73: =IF(P73-Q73-R73<0,0,P73-Q73-R73) -> 2038 | P73: =+IFERROR(AE73*AK73,0) -> 2988 | Q73: =+(Z73*AB73)+AA73 -> 950 | T73: =+IFERROR(SUMIFS('Stock CD'!D:D,D272,'Stock CD'!C:C),0) -> 0 | U73: =+T73+Q73 -> 950 | W73: =+IFERROR(VLOOKUP(D73,'Stock CD'!B:I,8,0),0) -> 0 | X73: =+W73+P73 -> 2988 | Z73: =+SUMIFS('Conteo VACIO'!F:F,'Conteo VACIO'!$A:$A,$D73) -> 0 | AA73: =+SUMIFS('Conteo VACIO'!G:G,'Conteo VACIO'!$A:$A,$D73) -> 950 | AB73: 1000 | AD73: Grafica Pol | AE73: =IF(D73="Corb-LK",SUMIFS('Est Madre LK 10-25'!C:C,'Est Madre LK 10-25'!D:D,"si"),IF(D73="Corb-CH",SUMIFS('Est Madre CH 10-25'!C:C,'Est Madre CH 10-25'!D:D,"si"),0)+IFERROR(VLOOKUP(D73,'Est Madre LK 10-25'!$A:$C,3,),IFERROR(VLOOKUP(D73,'Est Madre CH 10-25'!$A:$C,3,),0))) -> 996 | AF73: 12000 | AG73: 12 | AH73: 68.57028 | AI73: Huevo | AJ73: HUEVO | AK73: 3
A74: Grafica Pol | C74: 1217700 | D74: 334 | E74: =+VLOOKUP(D74,'Conteo VACIO'!$A$8:$D$226,4,0) -> L2B | F74: LK | G74: Cuchara Salsera Inox | L74: =+IFERROR(Q74/P74,0) -> 0 | M74: =+IFERROR(U74/X74,0) -> 0 | O74: =IF(P74-Q74-R74<0,0,P74-Q74-R74) -> 576 | P74: =+IFERROR(AE74*AK74,0) -> 576 | Q74: =+(Z74*AB74)+AA74 -> 0 | T74: =+IFERROR(SUMIFS('Stock CD'!D:D,D274,'Stock CD'!C:C),0) -> 0 | U74: =+T74+Q74 -> 0 | W74: =+IFERROR(VLOOKUP(D74,'Stock CD'!B:I,8,0),0) -> 0 | X74: =+W74+P74 -> 576 | Z74: =+SUMIFS('Conteo VACIO'!F:F,'Conteo VACIO'!$A:$A,$D74) -> 0 | AA74: =+SUMIFS('Conteo VACIO'!G:G,'Conteo VACIO'!$A:$A,$D74) -> 0 | AB74: 2500 | AD74: Grafica Pol | AE74: =IF(D74="Corb-LK",SUMIFS('Est Madre LK 10-25'!C:C,'Est Madre LK 10-25'!D:D,"si"),IF(D74="Corb-CH",SUMIFS('Est Madre CH 10-25'!C:C,'Est Madre CH 10-25'!D:D,"si"),0)+IFERROR(VLOOKUP(D74,'Est Madre LK 10-25'!$A:$C,3,),IFERROR(VLOOKUP(D74,'Est Madre CH 10-25'!$A:$C,3,),0))) -> 192 | AF74: 12000 | AG74: 30 | AH74: 31.0482 | AI74: Huevo | AJ74: HUEVO | AK74: 3
A75: Grafica Pol | C75: 1217700 | D75: 336 | E75: =+VLOOKUP(D75,'Conteo VACIO'!$A$8:$D$226,4,0) -> L3A | F75: LK | G75: Cucharon Ac.Inox. | L75: =+IFERROR(Q75/P75,0) -> 8.1018519 | M75: =+IFERROR(U75/X75,0) -> 8.1018519 | O75: =IF(P75-Q75-R75<0,0,P75-Q75-R75) -> 0 | P75: =+IFERROR(AE75*AK75,0) -> 648 | Q75: =+(Z75*AB75)+AA75 -> 5250 | T75: =+IFERROR(SUMIFS('Stock CD'!D:D,#REF!,'Stock CD'!C:C),0) -> 0 | U75: =+T75+Q75 -> 5250 | W75: =+IFERROR(VLOOKUP(D75,'Stock CD'!B:I,8,0),0) -> 0 | X75: =+W75+P75 -> 648 | Z75: =+SUMIFS('Conteo VACIO'!F:F,'Conteo VACIO'!$A:$A,$D75) -> 2 | AA75: =+SUMIFS('Conteo VACIO'!G:G,'Conteo VACIO'!$A:$A,$D75) -> 250 | AB75: 2500 | AD75: Grafica Pol | AE75: =IF(D75="Corb-LK",SUMIFS('Est Madre LK 10-25'!C:C,'Est Madre LK 10-25'!D:D,"si"),IF(D75="Corb-CH",SUMIFS('Est Madre CH 10-25'!C:C,'Est Madre CH 10-25'!D:D,"si"),0)+IFERROR(VLOOKUP(D75,'Est Madre LK 10-25'!$A:$C,3,),IFERROR(VLOOKUP(D75,'Est Madre CH 10-25'!$A:$C,3,),0))) -> 216 | AF75: 12000 | AG75: 30 | AH75: 31.0482 | AI75: Huevo | AJ75: HUEVO | AK75: 3
A76: Grafica Pol | C76: 1217700 | D76: 332 | E76: =+VLOOKUP(D76,'Conteo VACIO'!$A$8:$D$226,4,0) -> L2A | F76: LK | G76: Espatula Calada Ac. Inox. | L76: =+IFERROR(Q76/P76,0) -> 2.2727273 | M76: =+IFERROR(U76/X76,0) -> 2.2727273 | O76: =IF(P76-Q76-R76<0,0,P76-Q76-R76) -> 0 | P76: =+IFERROR(AE76*AK76,0) -> 792 | Q76: =+(Z76*AB76)+AA76 -> 1800 | T76: =+IFERROR(SUMIFS('Stock CD'!D:D,D276,'Stock CD'!C:C),0) -> 0 | U76: =+T76+Q76 -> 1800 | W76: =+IFERROR(VLOOKUP(D76,'Stock CD'!B:I,8,0),0) -> 0 | X76: =+W76+P76 -> 792 | Z76: =+SUMIFS('Conteo VACIO'!F:F,'Conteo VACIO'!$A:$A,$D76) -> 0 | AA76: =+SUMIFS('Conteo VACIO'!G:G,'Conteo VACIO'!$A:$A,$D76) -> 1800 | AB76: 2500 | AD76: Grafica Pol | AE76: =IF(D76="Corb-LK",SUMIFS('Est Madre LK 10-25'!C:C,'Est Madre LK 10-25'!D:D,"si"),IF(D76="Corb-CH",SUMIFS('Est Madre CH 10-25'!C:C,'Est Madre CH 10-25'!D:D,"si"),0)+IFERROR(VLOOKUP(D76,'Est Madre LK 10-25'!$A:$C,3,),IFERROR(VLOOKUP(D76,'Est Madre CH 10-25'!$A:$C,3,),0))) -> 264 | AF76: 12000 | AG76: 30 | AH76: 31.0482 | AI76: Huevo | AJ76: HUEVO | AK76: 3
A77: Grafica Pol | C77: 1217700 | D77: 338 | E77: =+VLOOKUP(D77,'Conteo VACIO'!$A$8:$D$226,4,0) -> L3C | F77: LK | G77: Espatula Lisa Ac.Inox. | L77: =+IFERROR(Q77/P77,0) -> 4.1527778 | M77: =+IFERROR(U77/X77,0) -> 4.1527778 | O77: =IF(P77-Q77-R77<0,0,P77-Q77-R77) -> 0 | P77: =+IFERROR(AE77*AK77,0) -> 720 | Q77: =+(Z77*AB77)+AA77 -> 2990 | T77: =+IFERROR(SUMIFS('Stock CD'!D:D,D279,'Stock CD'!C:C),0) -> 0 | U77: =+T77+Q77 -> 2990 | W77: =+IFERROR(VLOOKUP(D77,'Stock CD'!B:I,8,0),0) -> 0 | X77: =+W77+P77 -> 720 | Z77: =+SUMIFS('Conteo VACIO'!F:F,'Conteo VACIO'!$A:$A,$D77) -> 1 | AA77: =+SUMIFS('Conteo VACIO'!G:G,'Conteo VACIO'!$A:$A,$D77) -> 490 | AB77: 2500 | AD77: Grafica Pol | AE77: =IF(D77="Corb-LK",SUMIFS('Est Madre LK 10-25'!C:C,'Est Madre LK 10-25'!D:D,"si"),IF(D77="Corb-CH",SUMIFS('Est Madre CH 10-25'!C:C,'Est Madre CH 10-25'!D:D,"si"),0)+IFERROR(VLOOKUP(D77,'Est Madre LK 10-25'!$A:$C,3,),IFERROR(VLOOKUP(D77,'Est Madre CH 10-25'!$A:$C,3,),0))) -> 240 | AF77: 12000 | AG77: 30 | AH77: 31.0482 | AI77: Huevo | AJ77: HUEVO | AK77: 3
A78: Grafica Pol | C78: 1217700 | D78: 325 | E78: =+VLOOKUP(D78,'Conteo VACIO'!$A$8:$D$226,4,0) -> M2 | F78: LK | G78: Espatula Repostera Plast | L78: =+IFERROR(Q78/P78,0) -> 0.35460993 | M78: =+IFERROR(U78/X78,0) -> 0.35460993 | O78: =IF(P78-Q78-R78<0,0,P78-Q78-R78) -> 4368 | P78: =+IFERROR(AE78*AK78,0) -> 6768 | Q78: =+(Z78*AB78)+AA78 -> 2400 | T78: =+IFERROR(SUMIFS('Stock CD'!D:D,D285,'Stock CD'!C:C),0) -> 0 | U78: =+T78+Q78 -> 2400 | W78: =+IFERROR(VLOOKUP(D78,'Stock CD'!B:I,8,0),0) -> 0 | X78: =+W78+P78 -> 6768 | Z78: =+SUMIFS('Conteo VACIO'!F:F,'Conteo VACIO'!$A:$A,$D78) -> 0 | AA78: =+SUMIFS('Conteo VACIO'!G:G,'Conteo VACIO'!$A:$A,$D78) -> 2400 | AB78: 2500 | AD78: Grafica Pol | AE78: =IF(D78="Corb-LK",SUMIFS('Est Madre LK 10-25'!C:C,'Est Madre LK 10-25'!D:D,"si"),IF(D78="Corb-CH",SUMIFS('Est Madre CH 10-25'!C:C,'Est Madre CH 10-25'!D:D,"si"),0)+IFERROR(VLOOKUP(D78,'Est Madre LK 10-25'!$A:$C,3,),IFERROR(VLOOKUP(D78,'Est Madre CH 10-25'!$A:$C,3,),0))) -> 2256 | AF78: 12000 | AG78: 30 | AH78: 31.0482 | AI78: Huevo | AJ78: HUEVO | AK78: 3
A79: Grafica Pol | C79: 1217700 | D79: 333 | E79: =+VLOOKUP(D79,'Conteo VACIO'!$A$8:$D$226,4,0) -> M4B | F79: LK | G79: Espumadera Ac.Inox. | L79: =+IFERROR(Q79/P79,0) -> 2.8935185 | M79: =+IFERROR(U79/X79,0) -> 2.8935185 | O79: =IF(P79-Q79-R79<0,0,P79-Q79-R79) -> 0 | P79: =+IFERROR(AE79*AK79,0) -> 864 | Q79: =+(Z79*AB79)+AA79 -> 2500 | T79: =+IFERROR(SUMIFS('Stock CD'!D:D,D274,'Stock CD'!C:C),0) -> 0 | U79: =+T79+Q79 -> 2500 | W79: =+IFERROR(VLOOKUP(D79,'Stock CD'!B:I,8,0),0) -> 0 | X79: =+W79+P79 -> 864 | Z79: =+SUMIFS('Conteo VACIO'!F:F,'Conteo VACIO'!$A:$A,$D79) -> 1 | AA79: =+SUMIFS('Conteo VACIO'!G:G,'Conteo VACIO'!$A:$A,$D79) -> 0 | AB79: 2500 | AD79: Grafica Pol | AE79: =IF(D79="Corb-LK",SUMIFS('Est Madre LK 10-25'!C:C,'Est Madre LK 10-25'!D:D,"si"),IF(D79="Corb-CH",SUMIFS('Est Madre CH 10-25'!C:C,'Est Madre CH 10-25'!D:D,"si"),0)+IFERROR(VLOOKUP(D79,'Est Madre LK 10-25'!$A:$C,3,),IFERROR(VLOOKUP(D79,'Est Madre CH 10-25'!$A:$C,3,),0))) -> 288 | AF79: 12000 | AG79: 30 | AH79: 31.0482 | AI79: Huevo | AJ79: HUEVO | AK79: 3
A80: Grafica Pol | C80: 1217700 | D80: 389 | E80: =+VLOOKUP(D80,'Conteo VACIO'!$A$8:$D$226,4,0) -> L4A | F80: LK | G80: Espumadera Nylon con Mgo | L80: =+IFERROR(Q80/P80,0) -> 0 | M80: =+IFERROR(U80/X80,0) -> 0 | O80: =IF(P80-Q80-R80<0,0,P80-Q80-R80) -> 0 | P80: =+IFERROR(AE80*AK80,0) -> 0 | Q80: =+(Z80*AB80)+AA80 -> 3000 | T80: =+IFERROR(SUMIFS('Stock CD'!D:D,#REF!,'Stock CD'!C:C),0) -> 0 | U80: =+T80+Q80 -> 3000 | W80: =+IFERROR(VLOOKUP(D80,'Stock CD'!B:I,8,0),0) -> 0 | X80: =+W80+P80 -> 0 | Z80: =+SUMIFS('Conteo VACIO'!F:F,'Conteo VACIO'!$A:$A,$D80) -> 1 | AA80: =+SUMIFS('Conteo VACIO'!G:G,'Conteo VACIO'!$A:$A,$D80) -> 500 | AB80: 2500 | AD80: Grafica Pol | AE80: =IF(D80="Corb-LK",SUMIFS('Est Madre LK 10-25'!C:C,'Est Madre LK 10-25'!D:D,"si"),IF(D80="Corb-CH",SUMIFS('Est Madre CH 10-25'!C:C,'Est Madre CH 10-25'!D:D,"si"),0)+IFERROR(VLOOKUP(D80,'Est Madre LK 10-25'!$A:$C,3,),IFERROR(VLOOKUP(D80,'Est Madre CH 10-25'!$A:$C,3,),0))) -> 0 | AF80: 12000 | AG80: 30 | AH80: 31.0482 | AI80: Huevo | AJ80: HUEVO | AK80: 3
A81: Grafica Pol | C81: 1206700 | D81: 570 | E81: =+VLOOKUP(D81,'Conteo VACIO'!$A$8:$D$226,4,0) -> G2E | F81: LK | G81: Pala De Canelones | L81: =+IFERROR(Q81/P81,0) -> 0 | M81: =+IFERROR(U81/X81,0) -> 0 | O81: =IF(P81-Q81-R81<0,0,P81-Q81-R81) -> 1296 | P81: =+IFERROR(AE81*AK81,0) -> 1296 | Q81: =+(Z81*AB81)+AA81 -> 0 | T81: =+IFERROR(SUMIFS('Stock CD'!D:D,D285,'Stock CD'!C:C),0) -> 0 | U81: =+T81+Q81 -> 0 | W81: =+IFERROR(VLOOKUP(D81,'Stock CD'!B:I,8,0),0) -> 0 | X81: =+W81+P81 -> 1296 | Z81: =+SUMIFS('Conteo VACIO'!F:F,'Conteo VACIO'!$A:$A,$D81) -> 0 | AA81: =+SUMIFS('Conteo VACIO'!G:G,'Conteo VACIO'!$A:$A,$D81) -> 0 | AB81: 1000 | AD81: Grafica Pol | AE81: =IF(D81="Corb-LK",SUMIFS('Est Madre LK 10-25'!C:C,'Est Madre LK 10-25'!D:D,"si"),IF(D81="Corb-CH",SUMIFS('Est Madre CH 10-25'!C:C,'Est Madre CH 10-25'!D:D,"si"),0)+IFERROR(VLOOKUP(D81,'Est Madre LK 10-25'!$A:$C,3,),IFERROR(VLOOKUP(D81,'Est Madre CH 10-25'!$A:$C,3,),0))) -> 432 | AF81: 12000 | AG81: 12 | AH81: 68.57028 | AI81: Huevo | AJ81: HUEVO | AK81: 3
A82: Grafica Pol | C82: 1217700 | D82: 312 | E82: =+VLOOKUP(D82,'Conteo VACIO'!$A$8:$D$226,4,0) -> G1B | F82: LK | G82: Pala De Torta Acero Inox | L82: =+IFERROR(Q82/P82,0) -> 2.0098039 | M82: =+IFERROR(U82/X82,0) -> 2.0098039 | O82: =IF(P82-Q82-R82<0,0,P82-Q82-R82) -> 0 | P82: =+IFERROR(AE82*AK82,0) -> 612 | Q82: =+(Z82*AB82)+AA82 -> 1230 | T82: =+IFERROR(SUMIFS('Stock CD'!D:D,D286,'Stock CD'!C:C),0) -> 0 | U82: =+T82+Q82 -> 1230 | W82: =+IFERROR(VLOOKUP(D82,'Stock CD'!B:I,8,0),0) -> 0 | X82: =+W82+P82 -> 612 | Z82: =+SUMIFS('Conteo VACIO'!F:F,'Conteo VACIO'!$A:$A,$D82) -> 0 | AA82: =+SUMIFS('Conteo VACIO'!G:G,'Conteo VACIO'!$A:$A,$D82) -> 1230 | AB82: 1000 | AD82: Grafica Pol | AE82: =IF(D82="Corb-LK",SUMIFS('Est Madre LK 10-25'!C:C,'Est Madre LK 10-25'!D:D,"si"),IF(D82="Corb-CH",SUMIFS('Est Madre CH 10-25'!C:C,'Est Madre CH 10-25'!D:D,"si"),0)+IFERROR(VLOOKUP(D82,'Est Madre LK 10-25'!$A:$C,3,),IFERROR(VLOOKUP(D82,'Est Madre CH 10-25'!$A:$C,3,),0))) -> 204 | AF82: 12000 | AG82: 12 | AH82: 31.0482 | AI82: Huevo | AJ82: HUEVO | AK82: 3
A83: Grafica Pol | C83: 1206700 | D83: 548 | E83: =+VLOOKUP(D83,'Conteo VACIO'!$A$8:$D$226,4,0) -> G2C | F83: LK | G83: Pincel Pastelero | L83: =+IFERROR(Q83/P83,0) -> 0 | M83: =+IFERROR(U83/X83,0) -> 0 | O83: =IF(P83-Q83-R83<0,0,P83-Q83-R83) -> 0 | P83: =+IFERROR(AE83*AK83,0) -> 0 | Q83: =+(Z83*AB83)+AA83 -> 1500 | T83: =+IFERROR(SUMIFS('Stock CD'!D:D,D287,'Stock CD'!C:C),0) -> 0 | U83: =+T83+Q83 -> 1500 | W83: =+IFERROR(VLOOKUP(D83,'Stock CD'!B:I,8,0),0) -> 0 | X83: =+W83+P83 -> 0 | Z83: =+SUMIFS('Conteo VACIO'!F:F,'Conteo VACIO'!$A:$A,$D83) -> 1 | AA83: =+SUMIFS('Conteo VACIO'!G:G,'Conteo VACIO'!$A:$A,$D83) -> 500 | AB83: 1000 | AD83: Grafica Pol | AE83: =IF(D83="Corb-LK",SUMIFS('Est Madre LK 10-25'!C:C,'Est Madre LK 10-25'!D:D,"si"),IF(D83="Corb-CH",SUMIFS('Est Madre CH 10-25'!C:C,'Est Madre CH 10-25'!D:D,"si"),0)+IFERROR(VLOOKUP(D83,'Est Madre LK 10-25'!$A:$C,3,),IFERROR(VLOOKUP(D83,'Est Madre CH 10-25'!$A:$C,3,),0))) -> 0 | AF83: 12000 | AG83: 12 | AH83: 68.57028 | AI83: Huevo | AJ83: HUEVO | AK83: 3
A84: Grafica Pol | C84: 1217700 | D84: 337 | E84: =+VLOOKUP(D84,'Conteo VACIO'!$A$8:$D$226,4,0) -> L3B | F84: LK | G84: Pinche Ac.Inox. | L84: =+IFERROR(Q84/P84,0) -> 6.9444444 | M84: =+IFERROR(U84/X84,0) -> 6.9444444 | O84: =IF(P84-Q84-R84<0,0,P84-Q84-R84) -> 0 | P84: =+IFERROR(AE84*AK84,0) -> 288 | Q84: =+(Z84*AB84)+AA84 -> 2000 | T84: =+IFERROR(SUMIFS('Stock CD'!D:D,D286,'Stock CD'!C:C),0) -> 0 | U84: =+T84+Q84 -> 2000 | W84: =+IFERROR(VLOOKUP(D84,'Stock CD'!B:I,8,0),0) -> 0 | X84: =+W84+P84 -> 288 | Z84: =+SUMIFS('Conteo VACIO'!F:F,'Conteo VACIO'!$A:$A,$D84) -> 0 | AA84: =+SUMIFS('Conteo VACIO'!G:G,'Conteo VACIO'!$A:$A,$D84) -> 2000 | AB84: 2500 | AD84: Grafica Pol | AE84: =IF(D84="Corb-LK",SUMIFS('Est Madre LK 10-25'!C:C,'Est Madre LK 10-25'!D:D,"si"),IF(D84="Corb-CH",SUMIFS('Est Madre CH 10-25'!C:C,'Est Madre CH 10-25'!D:D,"si"),0)+IFERROR(VLOOKUP(D84,'Est Madre LK 10-25'!$A:$C,3,),IFERROR(VLOOKUP(D84,'Est Madre CH 10-25'!$A:$C,3,),0))) -> 96 | AF84: 12000 | AG84: 30 | AH84: 31.0482 | AI84: Huevo | AJ84: HUEVO | AK84: 3
A85: Grafica Pol | C85: 1217700 | D85: 315 | E85: =+VLOOKUP(D85,'Conteo VACIO'!$A$8:$D$226,4,0) -> L4B | F85: LK | G85: Pisa Papas Acero Inox | L85: =+IFERROR(Q85/P85,0) -> 0.41152263 | M85: =+IFERROR(U85/X85,0) -> 0.41152263 | O85: =IF(P85-Q85-R85<0,0,P85-Q85-R85) -> 5720 | P85: =+IFERROR(AE85*AK85,0) -> 9720 | Q85: =+(Z85*AB85)+AA85 -> 4000 | T85: =+IFERROR(SUMIFS('Stock CD'!D:D,D292,'Stock CD'!C:C),0) -> 0 | U85: =+T85+Q85 -> 4000 | W85: =+IFERROR(VLOOKUP(D85,'Stock CD'!B:I,8,0),0) -> 0 | X85: =+W85+P85 -> 9720 | Z85: =+SUMIFS('Conteo VACIO'!F:F,'Conteo VACIO'!$A:$A,$D85) -> 1 | AA85: =+SUMIFS('Conteo VACIO'!G:G,'Conteo VACIO'!$A:$A,$D85) -> 1500 | AB85: 2500 | AD85: Grafica Pol | AE85: =IF(D85="Corb-LK",SUMIFS('Est Madre LK 10-25'!C:C,'Est Madre LK 10-25'!D:D,"si"),IF(D85="Corb-CH",SUMIFS('Est Madre CH 10-25'!C:C,'Est Madre CH 10-25'!D:D,"si"),0)+IFERROR(VLOOKUP(D85,'Est Madre LK 10-25'!$A:$C,3,),IFERROR(VLOOKUP(D85,'Est Madre CH 10-25'!$A:$C,3,),0))) -> 3240 | AF85: 12000 | AG85: 30 | AH85: 31.0482 | AI85: Huevo | AJ85: HUEVO | AK85: 3
A86: Grafica Pol | D86: 311 | E86: =+VLOOKUP(D86,'Conteo VACIO'!$A$8:$D$226,4,0) -> G1A | F86: LK | G86: Cuchillo Torta Acero Inox | L86: =+IFERROR(Q86/P86,0) -> 2.0833333 | M86: =+IFERROR(U86/X86,0) -> 2.0833333 | O86: =IF(P86-Q86-R86<0,0,P86-Q86-R86) -> 0 | P86: =+IFERROR(AE86*AK86,0) -> 576 | Q86: =+(Z86*AB86)+AA86 -> 1200 | T86: =+IFERROR(SUMIFS('Stock CD'!D:D,D321,'Stock CD'!C:C),0) -> 0 | U86: =+T86+Q86 -> 1200 | W86: =+IFERROR(VLOOKUP(D86,'Stock CD'!B:I,8,0),0) -> 0 | X86: =+W86+P86 -> 576 | Z86: =+SUMIFS('Conteo VACIO'!F:F,'Conteo VACIO'!$A:$A,$D86) -> 0 | AA86: =+SUMIFS('Conteo VACIO'!G:G,'Conteo VACIO'!$A:$A,$D86) -> 1200 | AB86: 1000 | AD86: Grafica Pol | AE86: 192 | AG86: 12 | AI86: Huevo | AJ86: HUEVO | AK86: 3
A87: Grafica Pol | C87: 1206700 | D87: 546 | E87: =+VLOOKUP(D87,'Conteo VACIO'!$A$8:$D$226,4,0) -> C4 | F87: LK | G87: Corta Queso Blandos Mgo LK | L87: =+IFERROR(Q87/P87,0) -> 0.67592593 | M87: =+IFERROR(U87/X87,0) -> 0.67592593 | O87: =IF(P87-Q87-R87<0,0,P87-Q87-R87) -> 7000 | P87: =+IFERROR(AE87*AK87,0) -> 21600 | Q87: =+(Z87*AB87)+AA87 -> 14600 | T87: =+IFERROR(SUMIFS('Stock CD'!D:D,D53,'Stock CD'!C:C),0) -> 0 | U87: =+T87+Q87 -> 14600 | W87: =+IFERROR(VLOOKUP(D87,'Stock CD'!B:I,8,0),0) -> 0 | X87: =+W87+P87 -> 21600 | Z87: =+SUMIFS('Conteo VACIO'!F:F,'Conteo VACIO'!$A:$A,$D87) -> 12 | AA87: =+SUMIFS('Conteo VACIO'!G:G,'Conteo VACIO'!$A:$A,$D87) -> 2600 | AB87: 1000 | AD87: Grafica Pol | AE87: =IF(D87="Corb-LK",SUMIFS('Est Madre LK 10-25'!C:C,'Est Madre LK 10-25'!D:D,"si"),IF(D87="Corb-CH",SUMIFS('Est Madre CH 10-25'!C:C,'Est Madre CH 10-25'!D:D,"si"),0)+IFERROR(VLOOKUP(D87,'Est Madre LK 10-25'!$A:$C,3,),IFERROR(VLOOKUP(D87,'Est Madre CH 10-25'!$A:$C,3,),0))) -> 7200 | AF87: 12000 | AG87: 6 | AH87: 68.57028 | AI87: Huevo | AJ87: HUEVO | AK87: 3
O88: =+SUM(O64:O87) -> 30509
C89: Tipo Huevo - Pliego 13 - Troquel Tapon
A90: Grafica Pol | C90: 1271700 | D90: 577 | E90: =+VLOOKUP(D90,'Conteo VACIO'!$A$8:$D$226,4,0) -> F5C | F90: LK | G90: Tapon De Vino x 1 Prem | L90: =+IFERROR(Q90/P90,0) -> 2.5169377 | M90: =+IFERROR(U90/X90,0) -> 2.5169377 | O90: =IF(P90-Q90-R90<0,0,P90-Q90-R90) -> 0 | P90: =+IFERROR(AE90*AK90,0) -> 2952 | Q90: =+(Z90*AB90)+AA90 -> 7430 | T90: =+IFERROR(SUMIFS('Stock CD'!D:D,D305,'Stock CD'!C:C),0) -> 0 | U90: =+T90+Q90 -> 7430 | W90: =+IFERROR(VLOOKUP(D90,'Stock CD'!B:I,8,0),0) -> 0 | X90: =+W90+P90 -> 2952 | Z90: =+SUMIFS('Conteo VACIO'!F:F,'Conteo VACIO'!$A:$A,$D90) -> 2 | AA90: =+SUMIFS('Conteo VACIO'!G:G,'Conteo VACIO'!$A:$A,$D90) -> 2430 | AB90: 2500 | AD90: Grafica Pol | AE90: =IF(D90="Corb-LK",SUMIFS('Est Madre LK 10-25'!C:C,'Est Madre LK 10-25'!D:D,"si"),IF(D90="Corb-CH",SUMIFS('Est Madre CH 10-25'!C:C,'Est Madre CH 10-25'!D:D,"si"),0)+IFERROR(VLOOKUP(D90,'Est Madre LK 10-25'!$A:$C,3,),IFERROR(VLOOKUP(D90,'Est Madre CH 10-25'!$A:$C,3,),0))) -> 984 | AF90: 18000 | AG90: 18 | AH90: 0 | AI90: Huevo | AJ90: HUEVO | AK90: 3
A91: Grafica Pol | C91: 1272700 | D91: 579 | E91: =+VLOOKUP(D91,'Conteo VACIO'!$A$8:$D$226,4,0) -> F4B | F91: LK | G91: Tapon De Vino x 1 Color | L91: =+IFERROR(Q91/P91,0) -> 1.540404 | M91: =+IFERROR(U91/X91,0) -> 1.540404 | O91: =IF(P91-Q91-R91<0,0,P91-Q91-R91) -> 0 | P91: =+IFERROR(AE91*AK91,0) -> 1980 | Q91: =+(Z91*AB91)+AA91 -> 3050 | T91: =+IFERROR(SUMIFS('Stock CD'!D:D,D303,'Stock CD'!C:C),0) -> 0 | U91: =+T91+Q91 -> 3050 | W91: =+IFERROR(VLOOKUP(D91,'Stock CD'!B:I,8,0),0) -> 0 | X91: =+W91+P91 -> 1980 | Z91: =+SUMIFS('Conteo VACIO'!F:F,'Conteo VACIO'!$A:$A,$D91) -> 1 | AA91: =+SUMIFS('Conteo VACIO'!G:G,'Conteo VACIO'!$A:$A,$D91) -> 550 | AB91: 2500 | AD91: Grafica Pol | AE91: =IF(D91="Corb-LK",SUMIFS('Est Madre LK 10-25'!C:C,'Est Madre LK 10-25'!D:D,"si"),IF(D91="Corb-CH",SUMIFS('Est Madre CH 10-25'!C:C,'Est Madre CH 10-25'!D:D,"si"),0)+IFERROR(VLOOKUP(D91,'Est Madre LK 10-25'!$A:$C,3,),IFERROR(VLOOKUP(D91,'Est Madre CH 10-25'!$A:$C,3,),0))) -> 660 | AF91: 18000 | AG91: 18 | AH91: 0 | AI91: Huevo | AJ91: HUEVO | AK91: 3
A92: Grafica Pol | C92: 1214700 | D92: 575 | E92: =+VLOOKUP(D92,'Conteo VACIO'!$A$8:$D$226,4,0) -> F4A | F92: LK | G92: Tapon De Vino x 1 Negro | L92: =+IFERROR(Q92/P92,0) -> 1.6025641 | M92: =+IFERROR(U92/X92,0) -> 1.6025641 | O92: =IF(P92-Q92-R92<0,0,P92-Q92-R92) -> 0 | P92: =+IFERROR(AE92*AK92,0) -> 3276 | Q92: =+(Z92*AB92)+AA92 -> 5250 | T92: =+IFERROR(SUMIFS('Stock CD'!D:D,D304,'Stock CD'!C:C),0) -> 0 | U92: =+T92+Q92 -> 5250 | W92: =+IFERROR(VLOOKUP(D92,'Stock CD'!B:I,8,0),0) -> 0 | X92: =+W92+P92 -> 3276 | Z92: =+SUMIFS('Conteo VACIO'!F:F,'Conteo VACIO'!$A:$A,$D92) -> 2 | AA92: =+SUMIFS('Conteo VACIO'!G:G,'Conteo VACIO'!$A:$A,$D92) -> 250 | AB92: 2500 | AD92: Grafica Pol | AE92: =IF(D92="Corb-LK",SUMIFS('Est Madre LK 10-25'!C:C,'Est Madre LK 10-25'!D:D,"si"),IF(D92="Corb-CH",SUMIFS('Est Madre CH 10-25'!C:C,'Est Madre CH 10-25'!D:D,"si"),0)+IFERROR(VLOOKUP(D92,'Est Madre LK 10-25'!$A:$C,3,),IFERROR(VLOOKUP(D92,'Est Madre CH 10-25'!$A:$C,3,),0))) -> 1092 | AF92: 18000 | AG92: 18 | AH92: 75.74655 | AI92: Huevo | AJ92: HUEVO | AK92: 3
C94: Tipo Corbata 8 (30) - Pliegos 17 y 18 - Troqueles Varios
C95: Cód ISIS | D95: Cod | E95: Sector | F95: L | G95: Descripcion | H95: Pedido Damian Uni | I95: Orden Priori | L95: % Ocup Conteo | M95: % Ocup Virgilio | O95: Pedido Uni | P95: Max Cons 3 Mes Uni | Q95: Stock Uni | R95: Pedido Pend Uni | T95: Stock CD Uni | U95: Stock Total Uni | W95: Max CD Uni | X95: Max Total Uni | Z95: Conteo Paquete | AA95: Uni Suelta | AB95: Uni x Paq | AD95: Prov | AE95: Cons x Mes | AF95: Pedi Min Uni | AG95: Cant x Pliego | AH95: Precio Uni | AI95: Tipo de Cartón | AJ95: Agrup | AK95: Max x Mes
A96: Grafica Pol | C96: 1206700 | D96: 544 | E96: =+VLOOKUP(D96,'Conteo VACIO'!$A$8:$D$226,4,0) -> F2 | F96: LK | G96: Batidor Pera Alambre | L96: =+IFERROR(Q96/P96,0) -> 0.6698821 | M96: =+IFERROR(U96/X96,0) -> 0.6698821 | O96: =IF(P96-Q96-R96<0,0,P96-Q96-R96) -> 7392 | P96: =+IFERROR(AE96*AK96,0) -> 22392 | Q96: =+(Z96*AB96)+AA96 -> 15000 | T96: =+IFERROR(SUMIFS('Stock CD'!D:D,D51,'Stock CD'!C:C),0) -> 0 | U96: =+T96+Q96 -> 15000 | W96: =+IFERROR(VLOOKUP(D96,'Stock CD'!B:I,8,0),0) -> 0 | X96: =+W96+P96 -> 22392 | Z96: =+SUMIFS('Conteo VACIO'!F:F,'Conteo VACIO'!$A:$A,$D96) -> 13 | AA96: =+SUMIFS('Conteo VACIO'!G:G,'Conteo VACIO'!$A:$A,$D96) -> 2000 | AB96: 1000 | AD96: Grafica Pol | AE96: =IF(D96="Corb-LK",SUMIFS('Est Madre LK 10-25'!C:C,'Est Madre LK 10-25'!D:D,"si"),IF(D96="Corb-CH",SUMIFS('Est Madre CH 10-25'!C:C,'Est Madre CH 10-25'!D:D,"si"),0)+IFERROR(VLOOKUP(D96,'Est Madre LK 10-25'!$A:$C,3,),IFERROR(VLOOKUP(D96,'Est Madre CH 10-25'!$A:$C,3,),0))) -> 7464 | AF96: 12000 | AG96: 30 | AH96: 68.57028 | AI96: Corb8 | AJ96: CORB8 | AK96: 3
A97: Grafica Pol | D97: 580 | E97: =+VLOOKUP(D97,'Conteo VACIO'!$A$8:$D$226,4,0) -> G8C | F97: LK | G97: Batidor Mini | L97: =+IFERROR(Q97/P97,0) -> 0.55555556 | M97: =+IFERROR(U97/X97,0) -> 0.55555556 | O97: =IF(P97-Q97-R97<0,0,P97-Q97-R97) -> 800 | P97: =+IFERROR(AE97*AK97,0) -> 1800 | Q97: =+(Z97*AB97)+AA97 -> 1000 | T97: =+IFERROR(SUMIFS('Stock CD'!D:D,D317,'Stock CD'!C:C),0) -> 0 | U97: =+T97+Q97 -> 1000 | W97: =+IFERROR(VLOOKUP(D97,'Stock CD'!B:I,8,0),0) -> 0 | X97: =+W97+P97 -> 1800 | Z97: =+SUMIFS('Conteo VACIO'!F:F,'Conteo VACIO'!$A:$A,$D97) -> 1 | AA97: =+SUMIFS('Conteo VACIO'!G:G,'Conteo VACIO'!$A:$A,$D97) -> 0 | AB97: 1000 | AD97: Grafica Pol | AE97: 600 | AI97: Corb8 | AJ97: CORB8 | AK97: 3
A99: Grafica Pol | C99: 1217700 | D99: 27 | E99: =+VLOOKUP(D99,'Conteo VACIO'!$A$8:$D$226,4,0) -> L5A | F99: LK | G99: Colador Ø 10cm | L99: =+IFERROR(Q99/P99,0) -> 0.96040189 | M99: =+IFERROR(U99/X99,0) -> 0.96040189 | O99: =IF(P99-Q99-R99<0,0,P99-Q99-R99) -> 536 | P99: =+IFERROR(AE99*AK99,0) -> 13536 | Q99: =+(Z99*AB99)+AA99 -> 13000 | T99: =+IFERROR(SUMIFS('Stock CD'!D:D,#REF!,'Stock CD'!C:C),0) -> 0 | U99: =+T99+Q99 -> 13000 | W99: =+IFERROR(VLOOKUP(D99,'Stock CD'!B:I,8,0),0) -> 0 | X99: =+W99+P99 -> 13536 | Z99: =+SUMIFS('Conteo VACIO'!F:F,'Conteo VACIO'!$A:$A,$D99) -> 5 | AA99: =+SUMIFS('Conteo VACIO'!G:G,'Conteo VACIO'!$A:$A,$D99) -> 500 | AB99: 2500 | AD99: Grafica Pol | AE99: =IF(D99="Corb-LK",SUMIFS('Est Madre LK 10-25'!C:C,'Est Madre LK 10-25'!D:D,"si"),IF(D99="Corb-CH",SUMIFS('Est Madre CH 10-25'!C:C,'Est Madre CH 10-25'!D:D,"si"),0)+IFERROR(VLOOKUP(D99,'Est Madre LK 10-25'!$A:$C,3,),IFERROR(VLOOKUP(D99,'Est Madre CH 10-25'!$A:$C,3,),0))) -> 4512 | AF99: 12000 | AG99: 30 | AH99: 31.0482 | AI99: Corb8 | AJ99: CORB8 | AK99: 3
A100: Grafica Pol | C100: 1217700 | D100: 26 | E100: =+VLOOKUP(D100,'Conteo VACIO'!$A$8:$D$226,4,0) -> L5B | F100: LK | G100: Colador Ø 8cm | L100: =+IFERROR(Q100/P100,0) -> 1.4824028 | M100: =+IFERROR(U100/X100,0) -> 1.4824028 | O100: =IF(P100-Q100-R100<0,0,P100-Q100-R100) -> 0 | P100: =+IFERROR(AE100*AK100,0) -> 21708 | Q100: =+(Z100*AB100)+AA100 -> 32180 | T100: =+IFERROR(SUMIFS('Stock CD'!D:D,D53,'Stock CD'!C:C),0) -> 0 | U100: =+T100+Q100 -> 32180 | W100: =+IFERROR(VLOOKUP(D100,'Stock CD'!B:I,8,0),0) -> 0 | X100: =+W100+P100 -> 21708 | Z100: =+SUMIFS('Conteo VACIO'!F:F,'Conteo VACIO'!$A:$A,$D100) -> 12 | AA100: =+SUMIFS('Conteo VACIO'!G:G,'Conteo VACIO'!$A:$A,$D100) -> 2180 | AB100: 2500 | AD100: Grafica Pol | AE100: =IF(D100="Corb-LK",SUMIFS('Est Madre LK 10-25'!C:C,'Est Madre LK 10-25'!D:D,"si"),IF(D100="Corb-CH",SUMIFS('Est Madre CH 10-25'!C:C,'Est Madre CH 10-25'!D:D,"si"),0)+IFERROR(VLOOKUP(D100,'Est Madre LK 10-25'!$A:$C,3,),IFERROR(VLOOKUP(D100,'Est Madre CH 10-25'!$A:$C,3,),0))) -> 7236 | AF100: 12000 | AG100: 30 | AH100: 31.0482 | AI100: Corb8 | AJ100: CORB8 | AK100: 3
A102: Grafica Pol | C102: 1217700 | D102: 223 | E102: =+VLOOKUP(D102,'Conteo VACIO'!$A$8:$D$226,4,0) -> M3A | F102: LK | G102: Cuchara Madera 25 Cm | L102: =+IFERROR(Q102/P102,0) -> 1.352657 | M102: =+IFERROR(U102/X102,0) -> 1.352657 | O102: =IF(P102-Q102-R102<0,0,P102-Q102-R102) -> 0 | P102: =+IFERROR(AE102*AK102,0) -> 828 | Q102: =+(Z102*AB102)+AA102 -> 1120 | T102: =+IFERROR(SUMIFS('Stock CD'!D:D,#REF!,'Stock CD'!C:C),0) -> 0 | U102: =+T102+Q102 -> 1120 | W102: =+IFERROR(VLOOKUP(D102,'Stock CD'!B:I,8,0),0) -> 0 | X102: =+W102+P102 -> 828 | Z102: =+SUMIFS('Conteo VACIO'!F:F,'Conteo VACIO'!$A:$A,$D102) -> 0 | AA102: =+SUMIFS('Conteo VACIO'!G:G,'Conteo VACIO'!$A:$A,$D102) -> 1120 | AB102: 2500 | AD102: Grafica Pol | AE102: =IF(D102="Corb-LK",SUMIFS('Est Madre LK 10-25'!C:C,'Est Madre LK 10-25'!D:D,"si"),IF(D102="Corb-CH",SUMIFS('Est Madre CH 10-25'!C:C,'Est Madre CH 10-25'!D:D,"si"),0)+IFERROR(VLOOKUP(D102,'Est Madre LK 10-25'!$A:$C,3,),IFERROR(VLOOKUP(D102,'Est Madre CH 10-25'!$A:$C,3,),0))) -> 276 | AF102: 12000 | AG102: 30 | AH102: 31.0482 | AI102: Corb8 | AJ102: CORB8 | AK102: 3
A103: Grafica Pol | C103: 1217700 | D103: 224 | E103: =+VLOOKUP(D103,'Conteo VACIO'!$A$8:$D$226,4,0) -> M3D | F103: LK | G103: Cuchara Madera 30 Cm | L103: =+IFERROR(Q103/P103,0) -> 2.8344671 | M103: =+IFERROR(U103/X103,0) -> 2.8344671 | O103: =IF(P103-Q103-R103<0,0,P103-Q103-R103) -> 0 | P103: =+IFERROR(AE103*AK103,0) -> 1764 | Q103: =+(Z103*AB103)+AA103 -> 5000 | T103: =+IFERROR(SUMIFS('Stock CD'!D:D,#REF!,'Stock CD'!C:C),0) -> 0 | U103: =+T103+Q103 -> 5000 | W103: =+IFERROR(VLOOKUP(D103,'Stock CD'!B:I,8,0),0) -> 0 | X103: =+W103+P103 -> 1764 | Z103: =+SUMIFS('Conteo VACIO'!F:F,'Conteo VACIO'!$A:$A,$D103) -> 2 | AA103: =+SUMIFS('Conteo VACIO'!G:G,'Conteo VACIO'!$A:$A,$D103) -> 0 | AB103: 2500 | AD103: Grafica Pol | AE103: =IF(D103="Corb-LK",SUMIFS('Est Madre LK 10-25'!C:C,'Est Madre LK 10-25'!D:D,"si"),IF(D103="Corb-CH",SUMIFS('Est Madre CH 10-25'!C:C,'Est Madre CH 10-25'!D:D,"si"),0)+IFERROR(VLOOKUP(D103,'Est Madre LK 10-25'!$A:$C,3,),IFERROR(VLOOKUP(D103,'Est Madre CH 10-25'!$A:$C,3,),0))) -> 588 | AF103: 12000 | AG103: 30 | AH103: 31.0482 | AI103: Corb8 | AJ103: CORB8 | AK103: 3
A104: Grafica Pol | C104: 1217700 | D104: 225 | E104: =+VLOOKUP(D104,'Conteo VACIO'!$A$8:$D$226,4,0) -> M5D | F104: LK | G104: Cuchara Madera 35 Cm | L104: =+IFERROR(Q104/P104,0) -> 0.90972222 | M104: =+IFERROR(U104/X104,0) -> 0.90972222 | O104: =IF(P104-Q104-R104<0,0,P104-Q104-R104) -> 650 | P104: =+IFERROR(AE104*AK104,0) -> 7200 | Q104: =+(Z104*AB104)+AA104 -> 6550 | T104: =+IFERROR(SUMIFS('Stock CD'!D:D,D233,'Stock CD'!C:C),0) -> 0 | U104: =+T104+Q104 -> 6550 | W104: =+IFERROR(VLOOKUP(D104,'Stock CD'!B:I,8,0),0) -> 0 | X104: =+W104+P104 -> 7200 | Z104: =+SUMIFS('Conteo VACIO'!F:F,'Conteo VACIO'!$A:$A,$D104) -> 2 | AA104: =+SUMIFS('Conteo VACIO'!G:G,'Conteo VACIO'!$A:$A,$D104) -> 1550 | AB104: 2500 | AD104: Grafica Pol | AE104: =IF(D104="Corb-LK",SUMIFS('Est Madre LK 10-25'!C:C,'Est Madre LK 10-25'!D:D,"si"),IF(D104="Corb-CH",SUMIFS('Est Madre CH 10-25'!C:C,'Est Madre CH 10-25'!D:D,"si"),0)+IFERROR(VLOOKUP(D104,'Est Madre LK 10-25'!$A:$C,3,),IFERROR(VLOOKUP(D104,'Est Madre CH 10-25'!$A:$C,3,),0))) -> 2400 | AF104: 12000 | AG104: 30 | AH104: 31.0482 | AI104: Corb8 | AJ104: CORB8 | AK104: 3
A105: Grafica Pol | C105: 1217700 | D105: 220 | E105: =+VLOOKUP(D105,'Conteo VACIO'!$A$8:$D$226,4,0) -> M4A | F105: LK | G105: Cuchara Madera 40 Cm | L105: =+IFERROR(Q105/P105,0) -> 3.7777778 | M105: =+IFERROR(U105/X105,0) -> 3.7777778 | O105: =IF(P105-Q105-R105<0,0,P105-Q105-R105) -> 0 | P105: =+IFERROR(AE105*AK105,0) -> 1620 | Q105: =+(Z105*AB105)+AA105 -> 6120 | T105: =+IFERROR(SUMIFS('Stock CD'!D:D,#REF!,'Stock CD'!C:C),0) -> 0 | U105: =+T105+Q105 -> 6120 | W105: =+IFERROR(VLOOKUP(D105,'Stock CD'!B:I,8,0),0) -> 0 | X105: =+W105+P105 -> 1620 | Z105: =+SUMIFS('Conteo VACIO'!F:F,'Conteo VACIO'!$A:$A,$D105) -> 2 | AA105: =+SUMIFS('Conteo VACIO'!G:G,'Conteo VACIO'!$A:$A,$D105) -> 1120 | AB105: 2500 | AD105: Grafica Pol | AE105: =IF(D105="Corb-LK",SUMIFS('Est Madre LK 10-25'!C:C,'Est Madre LK 10-25'!D:D,"si"),IF(D105="Corb-CH",SUMIFS('Est Madre CH 10-25'!C:C,'Est Madre CH 10-25'!D:D,"si"),0)+IFERROR(VLOOKUP(D105,'Est Madre LK 10-25'!$A:$C,3,),IFERROR(VLOOKUP(D105,'Est Madre CH 10-25'!$A:$C,3,),0))) -> 540 | AF105: 12000 | AG105: 30 | AH105: 31.0482 | AI105: Corb8 | AJ105: CORB8 | AK105: 3
A106: Grafica Pol | C106: 1217700 | D106: 221 | E106: =+VLOOKUP(D106,'Conteo VACIO'!$A$8:$D$226,4,0) -> M3C | F106: LK | G106: Cuchara Madera 45 Cm | L106: =+IFERROR(Q106/P106,0) -> 1.0353535 | M106: =+IFERROR(U106/X106,0) -> 1.0353535 | O106: =IF(P106-Q106-R106<0,0,P106-Q106-R106) -> 0 | P106: =+IFERROR(AE106*AK106,0) -> 1188 | Q106: =+(Z106*AB106)+AA106 -> 1230 | T106: =+IFERROR(SUMIFS('Stock CD'!D:D,D220,'Stock CD'!C:C),0) -> 0 | U106: =+T106+Q106 -> 1230 | W106: =+IFERROR(VLOOKUP(D106,'Stock CD'!B:I,8,0),0) -> 0 | X106: =+W106+P106 -> 1188 | Z106: =+SUMIFS('Conteo VACIO'!F:F,'Conteo VACIO'!$A:$A,$D106) -> 0 | AA106: =+SUMIFS('Conteo VACIO'!G:G,'Conteo VACIO'!$A:$A,$D106) -> 1230 | AB106: 2500 | AD106: Grafica Pol | AE106: =IF(D106="Corb-LK",SUMIFS('Est Madre LK 10-25'!C:C,'Est Madre LK 10-25'!D:D,"si"),IF(D106="Corb-CH",SUMIFS('Est Madre CH 10-25'!C:C,'Est Madre CH 10-25'!D:D,"si"),0)+IFERROR(VLOOKUP(D106,'Est Madre LK 10-25'!$A:$C,3,),IFERROR(VLOOKUP(D106,'Est Madre CH 10-25'!$A:$C,3,),0))) -> 396 | AF106: 12000 | AG106: 30 | AH106: 31.0482 | AI106: Corb8 | AJ106: CORB8 | AK106: 3
A107: Grafica Pol | C107: 1217700 | D107: 248 | E107: =+VLOOKUP(D107,'Conteo VACIO'!$A$8:$D$226,4,0) -> A1A | F107: LK | G107: Cuchara Nylon Reforzada | L107: =+IFERROR(Q107/P107,0) -> 1.3520924 | M107: =+IFERROR(U107/X107,0) -> 1.3520924 | O107: =IF(P107-Q107-R107<0,0,P107-Q107-R107) -> 0 | P107: =+IFERROR(AE107*AK107,0) -> 2772 | Q107: =+(Z107*AB107)+AA107 -> 3748 | T107: =+IFERROR(SUMIFS('Stock CD'!D:D,#REF!,'Stock CD'!C:C),0) -> 0 | U107: =+T107+Q107 -> 3748 | W107: =+IFERROR(VLOOKUP(D107,'Stock CD'!B:I,8,0),0) -> 0 | X107: =+W107+P107 -> 2772 | Z107: =+SUMIFS('Conteo VACIO'!F:F,'Conteo VACIO'!$A:$A,$D107) -> 1 | AA107: =+SUMIFS('Conteo VACIO'!G:G,'Conteo VACIO'!$A:$A,$D107) -> 1248 | AB107: 2500 | AD107: Grafica Pol | AE107: =IF(D107="Corb-LK",SUMIFS('Est Madre LK 10-25'!C:C,'Est Madre LK 10-25'!D:D,"si"),IF(D107="Corb-CH",SUMIFS('Est Madre CH 10-25'!C:C,'Est Madre CH 10-25'!D:D,"si"),0)+IFERROR(VLOOKUP(D107,'Est Madre LK 10-25'!$A:$C,3,),IFERROR(VLOOKUP(D107,'Est Madre CH 10-25'!$A:$C,3,),0))) -> 924 | AF107: 12000 | AG107: 30 | AH107: 31.0482 | AI107: Corb8 | AJ107: CORB8 | AK107: 3
...

Sheet Copiar Pedido 
D3: ORDEN DE COMPRA
D6: FECHA PEDIDO: | I6: 46031
A9: ESTE PEDIDO ANULA CUALQUIER PEDIDO ANTERIOR
D11: Loekemeyer Hnos. S.R.L
C13: Tipo C - Pliegos a definir - Troquel Utensilios | AL13: Fecha Entrega | AM13: Fecha Entrega
C14: 1281700 | D14: 519 | E14: G5E | F14: LK | G14: Cuchillo Untar Mgo Madera x 2 | H14: 1000 | I14: 3 | L14: 0.83333333 | M14: 0.83333333 | O14: 400 | P14: 2400 | Q14: 2000 | T14: 0 | U14: 2000 | W14: 0 | X14: 2400 | Z14: 2 | AA14: 0 | AB14: 1000 | AD14: Grafica Pol | AE14: 600 | AF14: 12000 | AG14: 10 | AH14: 68.57028 | AI14: Tipo C | AJ14: UT | AK14: 4
C15: 1206700 | D15: 395 | E15: G1C | F15: LK | G15: Descorazonador De Manzana | H15: 1000 | L15: 0.59166667 | M15: 0.59166667 | O15: 980 | P15: 2400 | Q15: 1420 | T15: 0 | U15: 1420 | W15: 0 | X15: 2400 | Z15: 1 | AA15: 420 | AB15: 1000 | AD15: Grafica Pol | AE15: 600 | AF15: 12000 | AG15: 12 | AH15: 68.57028 | AI15: Tipo C | AJ15: UT | AK15: 4
C16: 2374700 | D16: 550 | E16: G6B | F16: LK | G16: Filtro Para Bombillas | H16: 5000 | L16: 0.22843567 | M16: 0.22843567 | O16: 4222 | P16: 5472 | Q16: 1250 | T16: 0 | U16: 1250 | W16: 0 | X16: 5472 | Z16: 1 | AA16: 250 | AB16: 1000 | AD16: Grafica Pol | AE16: 1368 | AF16: 12000 | AG16: 12 | AH16: 43.2693 | AI16: Tipo C | AJ16: UT | AK16: 4
C17: 1270700 | D17: 229 | E17: G3C | F17: LK | G17: Ñoquera Madera | H17: 4000 | L17: 0 | M17: 0 | O17: 4032 | P17: 4032 | Q17: 0 | T17: 0 | U17: 0 | W17: 0 | X17: 4032 | Z17: 0 | AA17: 0 | AB17: 1000 | AD17: Grafica Pol | AE17: 1008 | AF17: 12000 | AG17: 12 | AH17: 0 | AI17: Tipo C | AJ17: UT | AK17: 4
C18: 1266700 | D18: 560 | E18: G3E | F18: LK | G18: Pinza Corta Alambre 21cm | H18: 3000 | L18: 0.075757576 | M18: 0.075757576 | O18: 2440 | P18: 2640 | Q18: 200 | T18: 0 | U18: 200 | W18: 0 | X18: 2640 | Z18: 0 | AA18: 200 | AB18: 1000 | AD18: Grafica Pol | AE18: 660 | AF18: 12000 | AG18: 12 | AH18: 0 | AI18: Tipo C | AJ18: UT | AK18: 4
C19: 1268700 | D19: 507 | E19: G1E | F19: LK | G19: Rompenueces | H19: 3000 | L19: 0.09469697 | M19: 0.09469697 | O19: 2868 | P19: 3168 | Q19: 300 | T19: 0 | U19: 300 | W19: 0 | X19: 3168 | Z19: 0 | AA19: 300 | AB19: 1000 | AD19: Grafica Pol | AE19: 792 | AF19: 12000 | AG19: 12 | AH19: 0 | AI19: Tipo C | AJ19: UT | AK19: 4
C20: 1206700 | D20: 518 | E20: G7E | F20: LK | G20: Sacafuente Pizzero | H20: 1000 | L20: 0.70673077 | M20: 0.70673077 | O20: 915 | P20: 3120 | Q20: 2205 | T20: 0 | U20: 2205 | W20: 0 | X20: 3120 | Z20: 1 | AA20: 1205 | AB20: 1000 | AD20: Grafica Pol | AE20: 780 | AF20: 12000 | AG20: 12 | AH20: 68.57028 | AI20: Tipo C | AJ20: UT | AK20: 4
D21: 207 | E21: G3A | F21: LK | G21: Ñoquera Madera Mgo redondo | H21: 1000 | L21: 0 | M21: 0 | O21: 960 | P21: 960 | Q21: 0 | T21: 0 | U21: 0 | W21: 0 | X21: 960 | Z21: 0 | AA21: 0 | AB21: 1000 | AD21: Grafica Pol | AE21: 240 | AF21: 12000 | AG21: 12 | AH21: 68.57 | AI21: Tipo C | AJ21: UT | AK21: 4
E22: #N/A | F22: LK | G22: Utensilios | H22: 5000 | L22: 0 | M22: 0 | O22: 0 | P22: 0 | Q22: 0 | T22: 0 | U22: 0 | W22: 0 | X22: 0 | Z22: 0 | AA22: 0 | AB22: 1001 | AD22: Grafica Pol | AE22: 0 | AF22: 12000 | AG22: 12 | AH22: 61.33671 | AI22: Tipo C | AJ22: PEL | AK22: 4
C24: Tipo Huevo (25) - Pliegos 9 y 10 - Troquel Huevo | AL24: Fecha Entrega | AM24: Fecha Entrega
C25: 1206700 | D25: 535 | E25: Q24L | F25: LK | G25: Cepillo Limpia Mamadera | H25: 4000 | I25: 4 | L25: 0 | O25: 4752 | P25: 4752 | Q25: 0 | T25: 0 | U25: 0 | W25: 0 | X25: 4752 | Z25: 0 | AA25: 0 | AB25: 1000 | AD25: Grafica Pol | AE25: 1584 | AF25: 25000 | AG25: 25 | AH25: 0 | AI25: Huevo | AJ25: HUEVO | AK25: 3
C26: 1206700 | D26: 562 | E26: F3A | F26: LK | G26: Corta Pizza 6cm Mgo LK | H26: 2000 | L26: 0.48611111 | M26: 0.48611111 | O26: 1850 | P26: 3600 | Q26: 1750 | T26: 0 | U26: 1750 | W26: 0 | X26: 3600 | Z26: 1 | AA26: 750 | AB26: 1000 | AD26: Grafica Pol | AE26: 1200 | AF26: 12000 | AG26: 12 | AH26: 68.57028 | AI26: Huevo | AJ26: HUEVO | AK26: 3
C27: 1206700 | D27: 559 | E27: G2D | F27: LK | G27: Corta Ravioles c/Mgo LK | H27: 1000 | L27: 0.31793842 | M27: 0.31793842 | O27: 2038 | P27: 2988 | Q27: 950 | T27: 0 | U27: 950 | W27: 0 | X27: 2988 | Z27: 0 | AA27: 950 | AB27: 1000 | AD27: Grafica Pol | AE27: 996 | AF27: 12000 | AG27: 12 | AH27: 68.57028 | AI27: Huevo | AJ27: HUEVO | AK27: 3
C28: 1217700 | D28: 325 | E28: M2 | F28: LK | G28: Espatula Repostera Plast | H28: 4000 | L28: 0.35460993 | M28: 0.35460993 | O28: 4368 | P28: 6768 | Q28: 2400 | T28: 0 | U28: 2400 | W28: 0 | X28: 6768 | Z28: 0 | AA28: 2400 | AB28: 2500 | AD28: Grafica Pol | AE28: 2256 | AF28: 12000 | AG28: 30 | AH28: 31.0482 | AI28: Huevo | AJ28: HUEVO | AK28: 3
C29: 1206700 | D29: 570 | E29: G2E | F29: LK | G29: Pala De Canelones | H29: 1000 | L29: 0 | M29: 0 | O29: 1296 | P29: 1296 | Q29: 0 | T29: 0 | U29: 0 | W29: 0 | X29: 1296 | Z29: 0 | AA29: 0 | AB29: 1000 | AD29: Grafica Pol | AE29: 432 | AF29: 12000 | AG29: 12 | AH29: 68.57028 | AI29: Huevo | AJ29: HUEVO | AK29: 3
C30: 1217700 | D30: 315 | E30: L4B | F30: LK | G30: Pisa Papas Acero Inox | H30: 6000 | L30: 0.41152263 | M30: 0.41152263 | O30: 5720 | P30: 9720 | Q30: 4000 | T30: 0 | U30: 4000 | W30: 0 | X30: 9720 | Z30: 1 | AA30: 1500 | AB30: 2500 | AD30: Grafica Pol | AE30: 3240 | AF30: 12000 | AG30: 30 | AH30: 31.0482 | AI30: Huevo | AJ30: HUEVO | AK30: 3
C31: 1206700 | D31: 546 | E31: C4 | F31: LK | G31: Corta Queso Blandos Mgo LK | H31: 7000 | L31: 0.67592593 | M31: 0.67592593 | O31: 7000 | P31: 21600 | Q31: 14600 | T31: 0 | U31: 14600 | W31: 0 | X31: 21600 | Z31: 12 | AA31: 2600 | AB31: 1000 | AD31: Grafica Pol | AE31: 7200 | AF31: 12000 | AG31: 6 | AH31: 68.57028 | AI31: Huevo | AJ31: HUEVO | AK31: 3
C33: Tipo C - Pliego 5 Sacacorchos - Troquel Utensilios | AL33: Fecha Entrega | AM33: Fecha Entrega
C34: 1261700 | D34: 531 | E34: E4B | F34: LK | G34: Sacacorcho Combinado Color | H34: 1000 | I34: 5 | L34: 0.75520833 | M34: 0.75520833 | O34: 1410 | P34: 5760 | Q34: 4350 | T34: 0 | U34: 4350 | W34: 0 | X34: 5760 | Z34: 4 | AA34: 350 | AB34: 1000 | AD34: Grafica Pol | AE34: 1440 | AF34: 12000 | AG34: 12 | AH34: 0 | AI34: Tipo C | AJ34: UT | AK34: 4
C35: 1261700 | D35: 521 | E35: E1A | F35: LK | G35: Sacacorcho Combinado Crom | H35: 2000 | L35: 0.73198198 | M35: 0.73198198 | O35: 2380 | P35: 8880 | Q35: 6500 | T35: 0 | U35: 6500 | W35: 0 | X35: 8880 | Z35: 6 | AA35: 500 | AB35: 1000 | AD35: Grafica Pol | AE35: 2220 | AF35: 12000 | AG35: 12 | AH35: 0 | AI35: Tipo C | AJ35: UT | AK35: 4
C36: 1261700 | D36: 523 | E36: E4A | F36: LK | G36: Sacacorcho Doble Aleta | H36: 3000 | L36: 0.56463068 | M36: 0.56463068 | O36: 3678 | P36: 8448 | Q36: 4770 | T36: 0 | U36: 4770 | W36: 0 | X36: 8448 | Z36: 4 | AA36: 770 | AB36: 1000 | AD36: Grafica Pol | AE36: 2112 | AF36: 12000 | AG36: 12 | AH36: 0 | AI36: Tipo C | AJ36: UT | AK36: 4
C37: 1261700 | D37: 530 | E37: E3 | F37: LK | G37: Sacacorcho Tipo Mozo Color | H37: 8000 | L37: 0.34375 | M37: 0.34375 | O37: 9450 | P37: 14400 | Q37: 4950 | T37: 0 | U37: 4950 | W37: 0 | X37: 14400 | Z37: 4 | AA37: 950 | AB37: 1000 | AD37: Grafica Pol | AE37: 3600 | AF37: 12000 | AG37: 12 | AH37: 0 | AI37: Tipo C | AJ37: UT | AK37: 4
C38: 1261700 | D38: 520 | E38: E2A | F38: LK | G38: Sacacorcho Tipo Mozo Crom | H38: 10000 | L38: 0.02588141 | M38: 0.02588141 | O38: 12157 | P38: 12480 | Q38: 323 | T38: 0 | U38: 323 | W38: 0 | X38: 12480 | Z38: 0 | AA38: 323 | AB38: 1000 | AD38: Grafica Pol | AE38: 3120 | AF38: 12000 | AG38: 12 | AH38: 0 | AI38: Tipo C | AJ38: UT | AK38: 4
C41: Tipo C - Pliego 1 Abrelatas - Troquel Abrelatas (Mariposa 12)
C42: Cód ISIS | D42: Cod | E42: Sector | F42: L | G42: Descripcion | H42: Pedido Damian Uni | I42: Orden Priori | L42: % Ocup Conteo | M42: % Ocup Virgilio | O42: Pedido Uni | P42: Max Cons 3 Mes Uni | Q42: Stock Uni | R42: Pedido Pend Uni | T42: Stock CD Uni | U42: Stock Total Uni | W42: Max CD Uni | X42: Max Total Uni | Z42: Conteo Paquete | AA42: Uni Suelta | AB42: Uni x Paq | AD42: Prov | AE42: Cons x Mes | AF42: Pedi Min Uni | AG42: Cant x Pliego | AH42: Precio Uni | AI42: Tipo de Cartón | AJ42: Agrup | AK42: Max x Mes | AL42: Fecha Entrega | AM42: Fecha Entrega
C43: 1206700 | D43: 502 | E43: D3 | F43: LK | G43: Abrelata Mariposa Cromado | H43: 9000 | I43: 6 | L43: 0.5726363 | M43: 0.5726363 | O43: 7431 | P43: 17388 | Q43: 9957 | T43: 0 | U43: 9957 | W43: 0 | X43: 17388 | Z43: 8 | AA43: 1957 | AB43: 1000 | AD43: Grafica Pol | AE43: 5796 | AF43: 12000 | AG43: 6 | AH43: 68.57028 | AI43: Tipo C | AJ43: AB | AK43: 3
C44: 1206700 | D44: 512 | E44: D1B | F44: LK | G44: Abrelata Mariposa Pintado | H44: 1200 | L44: 1.3687601 | M44: 1.3687601 | O44: 0 | P44: 4968 | Q44: 6800 | T44: 0 | U44: 6800 | W44: 0 | X44: 4968 | Z44: 5 | AA44: 1800 | AB44: 1000 | AD44: Grafica Pol | AE44: 1656 | AF44: 12000 | AG44: 6 | AH44: 68.57028 | AI44: Tipo C | AJ44: AB | AK44: 3
C45: 1206700 | D45: 501 | E45: D2 | F45: LK | G45: Abrelata A Manija | H45: 10200 | L45: 0.27729552 | M45: 0.27729552 | O45: 14986 | P45: 20736 | Q45: 5750 | T45: 0 | U45: 5750 | W45: 0 | X45: 20736 | Z45: 5 | AA45: 750 | AB45: 1000 | AD45: Grafica Pol | AE45: 6912 | AF45: 12000 | AG45: 6 | AH45: 68.57028 | AI45: Tipo C | AJ45: AB | AK45: 3
C47: Tipo C - Pliego 2 Pelador - Troquel Pelador | AL47: Fecha Entrega | AM47: Fecha Entrega
C48: 1207700 | D48: 513 | E48: C1 | F48: LK | G48: Pelador Mgo Metalico | H48: 18000 | I48: 7 | L48: 0.64088479 | M48: 0.64088479 | O48: 19612 | P48: 54612 | Q48: 35000 | T48: 0 | U48: 35000 | W48: 0 | X48: 54612 | Z48: 35 | AA48: 0 | AB48: 1000 | AD48: Grafica Pol | AE48: 18204 | AF48: 12000 | AG48: 12 | AH48: 61.33671 | AI48: Tipo C | AJ48: PEL | AK48: 3
C49: 1207700 | D49: 505 | E49: B1 | F49: LK | G49: Pelador Mgo Plastico | H49: 54000 | L49: 0.39205556 | M49: 0.39205556 | O49: 54715 | P49: 90000 | Q49: 35285 | T49: 0 | U49: 35285 | W49: 0 | X49: 90000 | Z49: 35 | AA49: 285 | AB49: 1000 | AD49: Grafica Pol | AE49: 30000 | AF49: 12000 | AG49: 12 | AH49: 61.33671 | AI49: Tipo C | AJ49: PEL | AK49: 3
C51: Tipo C - Pliego 11 Afila - Troquel Utensilios | AL51: Fecha Entrega | AM51: Fecha Entrega
C52: 1273700 | D52: 504 | E52: C3 | F52: LK | G52: Afila Cuchillos | H52: 12000 | I52: 8 | L52: 0.52101201 | M52: 0.52101201 | O52: 13404 | P52: 27984 | Q52: 14580 | T52: 0 | U52: 14580 | W52: 0 | X52: 27984 | Z52: 13 | AA52: 1580 | AB52: 1000 | AD52: Grafica Pol | AE52: 6996 | AF52: 12000 | AG52: 12 | AH52: 0 | AI52: Tipo C | AJ52: UT | AK52: 4
C54: Tipo Corbata 8 (30) - Pliegos 17 y 18 - Troqueles Varios | AL54: Fecha Entrega | AM54: Fecha Entrega
C55: 1206700 | D55: 544 | E55: F2 | F55: LK | G55: Batidor Pera Alambre | H55: 21000 | I55: 9 | L55: 0.6698821 | M55: 0.6698821 | O55: 7392 | P55: 22392 | Q55: 15000 | T55: 0 | U55: 15000 | W55: 0 | X55: 22392 | Z55: 13 | AA55: 2000 | AB55: 1000 | AD55: Grafica Pol | AE55: 7464 | AF55: 12000 | AG55: 30 | AH55: 68.57028 | AI55: Corb8 | AJ55: CORB8 | AK55: 3
D56: 580 | E56: G8C | F56: LK | G56: Batidor Mini | H56: 2000 | L56: 0.55555556 | M56: 0.55555556 | O56: 800 | P56: 1800 | Q56: 1000 | T56: 0 | U56: 1000 | W56: 0 | X56: 1800 | Z56: 1 | AA56: 0 | AB56: 1000 | AD56: Grafica Pol | AE56: 600 | AI56: Corb8 | AJ56: CORB8 | AK56: 3
C57: 1217700 | D57: 27 | E57: L5A | F57: LK | G57: Colador Ø 10cm | H57: 2000 | L57: 0.96040189 | M57: 0.96040189 | O57: 536 | P57: 13536 | Q57: 13000 | T57: 0 | U57: 13000 | W57: 0 | X57: 13536 | Z57: 5 | AA57: 500 | AB57: 2500 | AD57: Grafica Pol | AE57: 4512 | AF57: 12000 | AG57: 30 | AH57: 31.0482 | AI57: Corb8 | AJ57: CORB8 | AK57: 3
C58: 1217700 | D58: 225 | E58: M5D | F58: LK | G58: Cuchara Madera 35 Cm | H58: 2000 | L58: 0.90972222 | M58: 0.90972222 | O58: 650 | P58: 7200 | Q58: 6550 | T58: 0 | U58: 6550 | W58: 0 | X58: 7200 | Z58: 2 | AA58: 1550 | AB58: 2500 | AD58: Grafica Pol | AE58: 2400 | AF58: 12000 | AG58: 30 | AH58: 31.0482 | AI58: Corb8 | AJ58: CORB8 | AK58: 3
C59: 1217700 | D59: 393 | E59: M6B | F59: LK | G59: Espatula Calada Nylon 1 Pza | H59: 1000 | L59: 0.80128205 | M59: 0.80128205 | O59: 186 | P59: 936 | Q59: 750 | T59: 0 | U59: 750 | W59: 0 | X59: 936 | Z59: 0 | AA59: 750 | AB59: 2500 | AD59: Grafica Pol | AE59: 312 | AF59: 12000 | AG59: 30 | AH59: 31.0482 | AI59: Huevo | AJ59: HUEVO | AK59: 3
C60: 1217700 | D60: 222 | E60: M3B | F60: LK | G60: Bate Bife Madera | H60: 2000 | L60: 0.55555556 | M60: 0.55555556 | O60: 800 | P60: 1800 | Q60: 1000 | T60: 0 | U60: 1000 | W60: 0 | X60: 1800 | Z60: 0 | AA60: 1000 | AB60: 2500 | AD60: Grafica Pol | AE60: 600 | AF60: 12000 | AG60: 30 | AH60: 31.0482 | AI60: Huevo | AJ60: HUEVO | AK60: 3
C62: Cód ISIS | D62: Cod | E62: Sector | F62: L | G62: Pliegos SIN Adhesivar | H62: Pedido Damian | I62: Orden Prioridad | L62: % Ocup | M62: % Ocup Total | O62: Pedido Paquete | P62: Max Cons 3 Mes Paquete | Q62: Stock Paquete | R62: Pedido Pend Paquete | T62: Stock CD Pliego | U62: Stock Total Pliego | W62: Max CD Pliego | X62: Max Total Pliego | Z62: Conteo Paquete | AA62: Pliego Suelto | AB62: Uni x Paq | AD62: Prov | AE62: Cons x Mes Paquete | AF62: Pedi Min Paquete | AG62: Uni x Pliego | AH62: Precio Uni | AJ62: Pliego x Paq | AK62: Max x Mes | AL62: Fecha Entrega | AM62: Fecha Entrega
C63: 1259700 | D63: 500 | E63: A2A | F63: LK | G63: Abrelata Uña Pie | H63: 4 | L63: 0.27777778 | M63: 0.27777778 | O63: 2.6 | P63: 3.6 | Q63: 1 | T63: 0 | U63: 1 | W63: 0 | X63: 3.6 | Z63: 1 | AA63: 0 | AB63: 1200 | AD63: Grafica Pol | AE63: 1.2 | AF63: 1 | AG63: 12 | AH63: 0 | AJ63: 100 | AK63: 3
C64: 1260700 | D64: 506 | E64: V2A | F64: LK | G64: Abrelatas Uña | H64: 3 | L64: 0.96730361 | M64: 0.96730361 | O64: 1.54 | P64: 47.1 | Q64: 45.56 | T64: 0 | U64: 45.56 | W64: 0 | X64: 47.1 | Z64: 45 | AA64: 56 | AB64: 1200 | AD64: Grafica Pol | AE64: 15.7 | AF64: 1 | AG64: 12 | AH64: 78.77 | AJ64: 100 | AK64: 3
C65: 1279700 | D65: 510 | E65: CAPL2G | F65: LK | G65: Abrelata Uña Cromado | H65: 3 | L65: 0.96034696 | M65: 0.96034696 | O65: 0.64 | P65: 16.14 | Q65: 15.5 | T65: 0 | U65: 15.5 | W65: 0 | X65: 16.14 | Z65: 15 | AA65: 50 | AB65: 1200 | AD65: Grafica Pol | AE65: 5.38 | AF65: 1 | AG65: 12 | AH65: 0 | AJ65: 100 | AK65: 3
C67: 1262700 | D67: 555 | E67: V2E | F67: LK | G67: Cepillo Limpia Bombilla | H67: 6 | L67: 0.88888889 | M67: 0.88888889 | O67: 0.375 | P67: 3.375 | Q67: 3 | T67: 0 | U67: 3 | W67: 0 | X67: 3.375 | Z67: 3 | AA67: 0 | AB67: 1600 | AD67: Grafica Pol | AE67: 1.125 | AF67: 1 | AG67: 16 | AH67: 0 | AJ67: 100 | AK67: 3
C68: 1262700 | D68: 557 | E68: V1A | F68: LK | G68: Bombilla Resorte Chata | H68: 2 | L68: 0 | M68: 0 | O68: 0.54 | P68: 0.54 | Q68: 0 | T68: 0 | U68: 0 | W68: 0 | X68: 0.54 | Z68: 0 | AA68: 0 | AB68: 1600 | AD68: Grafica Pol | AE68: 0.18 | AF68: 1 | AG68: 16 | AH68: 0 | AJ68: 100 | AK68: 3
C69: 1262700 | D69: 654 | E69: V1B | F69: LK | G69: Bombilla AutoLimp | H69: 2 | L69: 0.55555556 | M69: 0.55555556 | O69: 0.76 | P69: 1.71 | Q69: 0.95 | T69: 0 | U69: 0.95 | W69: 0 | X69: 1.71 | Z69: 0 | AA69: 95 | AB69: 1600 | AD69: Grafica Pol | AE69: 0.57 | AF69: 1 | AG69: 16 | AH69: 0 | AJ69: 100 | AK69: 3
D74: Chef S.R.L
C76: (25) Tipo Huevo (Chef) - Pliego x - Troquel Huevo | AL76: Fecha Entrega | AM76: Fecha Entrega
C77: 2315700 | D77: 858 | E77: Q5 | F77: CH | G77: Pala De Canelones Ac. Inox | H77: 1000 | I77: 1 | L77: 0 | M77: 0 | O77: 480 | P77: 480 | Q77: 0 | T77: 0 | U77: 0 | W77: 0 | X77: 480 | Z77: 0 | AA77: 0 | AB77: 1000 | AD77: Grafica Pol | AE77: 96 | AF77: 25000 | AG77: 25 | AH77: 68.57028 | AI77: Huevo | AJ77: HUEVO | AK77: 5
C78: 2315700 | D78: 848 | E78: Q5 | F78: CH | G78: Espatula Repostera Plast | H78: 1000 | L78: 0 | M78: 0 | O78: 480 | P78: 480 | Q78: 0 | T78: 0 | U78: 0 | W78: 0 | X78: 480 | Z78: 0 | AA78: 0 | AB78: 1000 | AD78: Grafica Pol | AE78: 96 | AF78: 25000 | AG78: 25 | AI78: Huevo | AJ78: HUEVO | AK78: 5
C79: 2315700 | D79: 307 | E79: Q5 | F79: CH | G79: Limpia Mamadera A/I | H79: 3000 | L79: 0 | M79: 0 | O79: 1800 | P79: 1800 | Q79: 0 | T79: 0 | U79: 0 | W79: 0 | X79: 1800 | Z79: 0 | AA79: 0 | AB79: 1000 | AD79: Grafica Pol | AE79: 360 | AF79: 25000 | AG79: 25 | AI79: Huevo | AJ79: HUEVO | AK79: 5
C80: 2315700 | D80: 842 | E80: Q5 | F80: CH | G80: Espatula Lisa Plastica | H80: 2000 | L80: 0 | M80: 0 | O80: 1320 | P80: 1320 | Q80: 0 | T80: 0 | U80: 0 | W80: 0 | X80: 1320 | Z80: 0 | AA80: 0 | AB80: 1000 | AD80: Grafica Pol | AE80: 264 | AF80: 25000 | AG80: 25 | AI80: Huevo | AJ80: HUEVO | AK80: 5
C81: 2315700 | D81: 844 | E81: Q5 | F81: CH | G81: Cuchara Pulpo Plastica | H81: 1000 | L81: 0 | M81: 0 | O81: 480 | P81: 480 | Q81: 0 | T81: 0 | U81: 0 | W81: 0 | X81: 480 | Z81: 0 | AA81: 0 | AB81: 1000 | AD81: Grafica Pol | AE81: 96 | AF81: 25000 | AG81: 25 | AI81: Huevo | AJ81: HUEVO | AK81: 5
C82: 2315700 | D82: 858 | E82: Q5 | F82: CH | G82: Pala De Canelones | H82: 1000 | L82: 0 | M82: 0 | O82: 480 | P82: 480 | Q82: 0 | T82: 0 | U82: 0 | W82: 0 | X82: 480 | Z82: 0 | AA82: 0 | AB82: 1000 | AD82: Grafica Pol | AE82: 96 | AF82: 25000 | AG82: 25 | AI82: Huevo | AJ82: HUEVO | AK82: 5
C83: 2315700 | D83: 846 | E83: Q5 | F83: CH | G83: Espatula Calada Plastica | H83: 1000 | L83: 0.53030303 | M83: 0.53030303 | O83: 620 | P83: 1320 | Q83: 700 | T83: 0 | U83: 700 | W83: 0 | X83: 1320 | Z83: 0 | AA83: 700 | AB83: 1000 | AD83: Grafica Pol | AE83: 264 | AF83: 25000 | AG83: 25 | AI83: Huevo | AJ83: HUEVO | AK83: 5
C84: 2315700 | D84: 847 | E84: Q5 | F84: CH | G84: Espatula Repostera Plasti | H84: 8000 | L84: 0 | M84: 0 | O84: 6240 | P84: 6240 | Q84: 0 | T84: 0 | U84: 0 | W84: 0 | X84: 6240 | Z84: 0 | AA84: 0 | AB84: 1000 | AD84: Grafica Pol | AE84: 1248 | AF84: 25000 | AG84: 25 | AI84: Huevo | AJ84: HUEVO | AK84: 5
C85: 2315700 | D85: 609 | E85: Q5 | F85: CH | G85: Pisa Papas | H85: 3000 | L85: 0 | M85: 0 | O85: 2400 | P85: 2400 | Q85: 0 | T85: 0 | U85: 0 | W85: 0 | X85: 2400 | Z85: 0 | AA85: 0 | AB85: 1000 | AD85: Grafica Pol | AE85: 480 | AF85: 25000 | AG85: 25 | AI85: Huevo | AJ85: HUEVO | AK85: 5
C86: 2315700 | D86: 789 | E86: Q5 | F86: CH | G86: Pisa Papa Nylon | H86: 4000 | L86: 0 | M86: 0 | O86: 3000 | P86: 3000 | Q86: 0 | T86: 0 | U86: 0 | W86: 0 | X86: 3000 | Z86: 0 | AA86: 0 | AB86: 1000 | AD86: Grafica Pol | AE86: 600 | AF86: 25000 | AG86: 25 | AI86: Huevo | AJ86: HUEVO | AK86: 5
C88: (16) Tipo Loke (Chef) - Pliego x - Troquel utensilios | AL88: Fecha Entrega | AM88: Fecha Entrega
C89: 2320700 | D89: 730 | E89: O4A | F89: CH | G89: Sacacorcho Tipo Mozo Color | H89: 3000 | I89: 2 | L89: 0.3125 | M89: 0.3125 | O89: 1650 | P89: 2400 | Q89: 750 | T89: 0 | U89: 750 | W89: 0 | X89: 2400 | Z89: 0 | AA89: 750 | AB89: 1000 | AD89: Grafica Pol | AE89: 600 | AF89: 12000 | AG89: 8 | AH89: 86.485752 | AI89: T.Loke | AJ89: LOK | AK89: 4
C90: 2319700 | D90: 723 | E90: Ñ1A | F90: CH | G90: Sacacorcho Doble Aleta | H90: 2000 | L90: 0 | M90: 0 | O90: 1488 | P90: 1488 | Q90: 0 | T90: 0 | U90: 0 | W90: 0 | X90: 1488 | Z90: 0 | AA90: 0 | AB90: 1000 | AD90: Grafica Pol | AE90: 372 | AF90: 12000 | AG90: 6 | AH90: 115.9353 | AI90: T.Loke | AJ90: LOK | AK90: 4
C91: 2320700 | D91: 731 | E91: S3C | F91: CH | G91: Sacacorcho Combinado Color | H91: 2000 | L91: 0 | M91: 0 | O91: 1056 | P91: 1056 | Q91: 0 | T91: 0 | U91: 0 | W91: 0 | X91: 1056 | Z91: 0 | AA91: 0 | AB91: 1000 | AD91: Grafica Pol | AE91: 264 | AF91: 12000 | AG91: 8 | AH91: 86.485752 | AI91: T.Loke | AJ91: LOK | AK91: 4
C92: 2315700 | D92: 725 | E92: P4B | F92: CH | G92: Sacacorcho Cabo De Madera | H92: 1000 | L92: 0.52083333 | M92: 0.52083333 | O92: 920 | P92: 1920 | Q92: 1000 | T92: 0 | U92: 1000 | W92: 0 | X92: 1920 | Z92: 1 | AA92: 0 | AB92: 1000 | AD92: Grafica Pol | AE92: 480 | AF92: 12000 | AG92: 8 | AH92: 68.57028 | AI92: T.Loke | AJ92: LOK | AK92: 4
C93: 2319700 | D93: 809 | E93: Q7A | F93: CH | G93: Corta Queso Mgo Alambre | H93: 8000 | L93: 0 | M93: 0 | O93: 5184 | P93: 5184 | Q93: 0 | T93: 0 | U93: 0 | W93: 0 | X93: 5184 | Z93: 0 | AA93: 0 | AB93: 1000 | AD93: Grafica Pol | AE93: 1296 | AF93: 12000 | AG93: 6 | AH93: 115.9353 | AI93: T.Loke | AJ93: LOK | AK93: 4

Sheet Conteo VACIO
A1: CONTEO CARTONES Y PLIEGOS 1 CM = 5 Uni
C3: FECHA: | D3: =+TODAY() -> 46052
C5: ENCARGADO:
A7: Cod | B7: L | C7: Descripcion | D7: Sector | E7: Max Paq 3 Mes | F7: Conteo Paquete | G7: Uni Suelta | H7: Uni x Paq | J7: Stock Uni/Paq/KG
A8: 248 | B8: LK | C8: Cuchara Nylon Reforzada | D8: A1A | E8: =+VLOOKUP(A8,#REF!,10,0)/H8 -> #REF! | F8: 1 | G8: 1248 | H8: 2500 | J8: =+(F8*H8)+G8 -> 3748
A9: 500 | B9: LK | C9: Abrelata Uña Pie | D9: A2A | E9: =+VLOOKUP(A9,#REF!,10,0) -> #REF! | H9: =100*12 -> 1200 | J9: =+(F9*H9)+G9 -> 0
A10: 505 | B10: LK | C10: Pelador Mgo Plastico | D10: B1 | E10: =+VLOOKUP(A10,#REF!,10,0)/H10 -> #REF! | F10: 35 | G10: 285 | H10: 1000 | J10: =+(F10*H10)+G10 -> 35285
A11: 586 | B11: LK | C11: Pelapapas Mgo Plast Ergo | D11: B3 | E11: =+VLOOKUP(A11,#REF!,10,0)/H11 -> #REF! | F11: 36 | G11: 950 | H11: 1000 | J11: =+(F11*H11)+G11 -> 36950
A12: 587 | B12: LK | C12: Pelador Metalico Corte Laser | D12: B4 | E12: =+VLOOKUP(A12,#REF!,10,0)/H12 -> #REF! | F12: 5 | G12: 250 | H12: 1000 | J12: =+(F12*H12)+G12 -> 5250
A13: 513 | B13: LK | C13: Pelador Mgo Metalico | D13: C1 | E13: =+VLOOKUP(A13,#REF!,10,0)/H13 -> #REF! | F13: 35 | H13: 1000 | J13: =+(F13*H13)+G13 -> 35000
A14: 504 | B14: LK | C14: Afila Cuchillos | D14: C3 | E14: =+VLOOKUP(A14,#REF!,10,0)/H14 -> #REF! | F14: 13 | G14: 1580 | H14: 1000 | J14: =+(F14*H14)+G14 -> 14580
A15: 546 | B15: LK | C15: Corta Queso Blandos Mango Loeke | D15: C4 | E15: =+VLOOKUP(A15,#REF!,10,0)/H15 -> #REF! | F15: 12 | G15: 2600 | H15: 1000 | J15: =+(F15*H15)+G15 -> 14600
A16: 66 | B16: LK | C16: Abrelatas Super Mariposa | D16: D1A | E16: =+VLOOKUP(A16,#REF!,10,0)/H16 -> #REF! | F16: 10 | G16: 1390 | H16: 1000 | J16: =+(F16*H16)+G16 -> 11390
A17: 512 | B17: LK | C17: Abrelatas Mariposa Capuchon Rojo | D17: D1B | E17: =+VLOOKUP(A17,#REF!,10,0)/H17 -> #REF! | F17: 5 | G17: 1800 | H17: 1000 | J17: =+(F17*H17)+G17 -> 6800
A18: 501 | B18: LK | C18: Abrelatas A Manija | D18: D2 | E18: =+VLOOKUP(A18,#REF!,10,0)/H18 -> #REF! | F18: 5 | G18: 750 | H18: 1000 | J18: =+(F18*H18)+G18 -> 5750
A19: 502 | B19: LK | C19: Abrelatas Mariposa Cromado | D19: D3 | E19: =+VLOOKUP(A19,#REF!,10,0)/H19 -> #REF! | F19: 8 | G19: 1957 | H19: 1000 | J19: =+(F19*H19)+G19 -> 9957
A20: 521 | B20: LK | C20: Sacacorcho Combinado Crom | D20: E1A | E20: =+VLOOKUP(A20,#REF!,10,0)/H20 -> #REF! | F20: 6 | G20: 500 | H20: 1000 | J20: =+(F20*H20)+G20 -> 6500
A21: 525 | B21: LK | C21: Sacacorcho Cabo De Madera | D21: E1B | E21: =+VLOOKUP(A21,#REF!,10,0)/H21 -> #REF! | F21: 6 | G21: 750 | H21: 1000 | J21: =+(F21*H21)+G21 -> 6750
A22: 520 | B22: LK | C22: Sacacorcho Tipo Mozo Crom | D22: E2A | E22: =+VLOOKUP(A22,#REF!,10,0)/H22 -> #REF! | F22: 0 | G22: 323 | H22: 1000 | J22: =+(F22*H22)+G22 -> 323
A23: 581 | B23: LK | C23: Sacacorcho Mango Ergonomico | D23: E2B | E23: =+VLOOKUP(A23,#REF!,10,0)/H23 -> #REF! | F23: 8 | G23: 200 | H23: 1000 | J23: =+(F23*H23)+G23 -> 8200
A24: 530 | B24: LK | C24: Sacacorcho Tipo Mozo Color | D24: E3 | E24: =+VLOOKUP(A24,#REF!,10,0)/H24 -> #REF! | F24: 4 | G24: 950 | H24: 1000 | J24: =+(F24*H24)+G24 -> 4950
A25: 523 | B25: LK | C25: Sacacorcho Doble Aleta | D25: E4A | E25: =+VLOOKUP(A25,#REF!,10,0)/H25 -> #REF! | F25: 4 | G25: 770 | H25: 1000 | J25: =+(F25*H25)+G25 -> 4770
A26: 531 | B26: LK | C26: Sacacorcho Combinado Color | D26: E4B | E26: =+VLOOKUP(A26,#REF!,10,0)/H26 -> #REF! | F26: 4 | G26: 350 | H26: 1000 | J26: =+(F26*H26)+G26 -> 4350
A27: 280 | B27: LK | C27: Manga Repostera + 4 Boquillas | D27: F1 | E27: =+VLOOKUP(A27,#REF!,10,0)/H27 -> #REF! | F27: 10 | H27: 1000 | J27: =+(F27*H27)+G27 -> 10000
A28: 544 | B28: LK | C28: Batidor Pera Alambre | D28: F2 | E28: =+VLOOKUP(A28,#REF!,10,0)/H28 -> #REF! | F28: 13 | G28: 2000 | H28: 1000 | J28: =+(F28*H28)+G28 -> 15000
A29: 562 | B29: LK | C29: Corta Pizza 6cm Mgo LK | D29: F3A | E29: =+VLOOKUP(A29,#REF!,10,0)/H29 -> #REF! | F29: 1 | G29: 750 | H29: 1000 | J29: =+(F29*H29)+G29 -> 1750
A30: 564 | B30: LK | C30: Corta Pizza 8cm Mgo Madera | D30: F3B | E30: =+VLOOKUP(A30,#REF!,10,0)/H30 -> #REF! | F30: 0 | G30: 1255 | H30: 1000 | J30: =+(F30*H30)+G30 -> 1255
A31: 575 | B31: LK | C31: Tapon De Vino/Cerveza x1 Negro | D31: F4A | E31: =+VLOOKUP(A31,#REF!,10,0)/H31 -> #REF! | F31: 2 | G31: 250 | H31: 2500 | J31: =+(F31*H31)+G31 -> 5250
A32: 579 | B32: LK | C32: Tapon De Vino/Cerveza x1 Color | D32: F4B | E32: =+VLOOKUP(A32,#REF!,10,0)/H32 -> #REF! | F32: 1 | G32: 550 | H32: 2500 | J32: =+(F32*H32)+G32 -> 3050
A33: 321 | B33: LK | C33: Rallador Cilindrico 21cm | D33: F5A | E33: =+VLOOKUP(A33,#REF!,10,0)/H33 -> #REF! | F33: 5 | H33: 2500 | J33: =+(F33*H33)+G33 -> 12500
A34: 577 | B34: LK | C34: Tapon De Vino/Cerveza x1 Prem | D34: F5C | E34: =+VLOOKUP(A34,#REF!,10,0)/H34 -> #REF! | F34: 2 | G34: 2430 | H34: 2500 | J34: =+(F34*H34)+G34 -> 7430
A35: 311 | B35: LK | C35: Cuchillo Torta Acero Inox | D35: G1A | E35: =+VLOOKUP(A35,#REF!,10,0)/H35 -> #REF! | F35: 0 | G35: 1200 | H35: 1000 | J35: =+(F35*H35)+G35 -> 1200
A36: 312 | B36: LK | C36: Pala De Torta Acero Inox | D36: G1B | E36: =+VLOOKUP(A36,#REF!,10,0)/H36 -> #REF! | F36: 0 | G36: 1230 | H36: 1000 | J36: =+(F36*H36)+G36 -> 1230
A37: 395 | B37: LK | C37: Descorazonador De Manzana | D37: G1C | E37: =+VLOOKUP(A37,#REF!,10,0)/H37 -> #REF! | F37: 1 | G37: 420 | H37: 1000 | J37: =+(F37*H37)+G37 -> 1420
A38: 507 | B38: LK | C38: Rompenueces | D38: G1E | E38: =+VLOOKUP(A38,#REF!,10,0)/H38 -> #REF! | F38: 0 | G38: 300 | H38: 1000 | J38: =+(F38*H38)+G38 -> 300
A39: 517 | B39: LK | C39: Pinza Gastronomica 25cm | D39: G2A | E39: =+VLOOKUP(A39,#REF!,10,0)/H39 -> #REF! | F39: 0 | H39: 1000 | J39: =+(F39*H39)+G39 -> 0
A40: 532 | B40: LK | C40: Cuchara De Helado | D40: G2B | E40: =+VLOOKUP(A40,#REF!,10,0)/H40 -> #REF! | F40: 1 | G40: 750 | H40: 1000 | J40: =+(F40*H40)+G40 -> 1750
A41: 548 | B41: LK | C41: Pincel Pastelero | D41: G2C | E41: =+VLOOKUP(A41,#REF!,10,0)/H41 -> #REF! | F41: 1 | G41: 500 | H41: 1000 | J41: =+(F41*H41)+G41 -> 1500
A42: 559 | B42: LK | C42: Corta Ravioles c/Mango Loeke | D42: G2D | E42: =+VLOOKUP(A42,#REF!,10,0)/H42 -> #REF! | F42: 0 | G42: 950 | H42: 1000 | J42: =+(F42*H42)+G42 -> 950
A43: 570 | B43: LK | C43: Pala De Canelones | D43: G2E | E43: =+VLOOKUP(A43,#REF!,10,0)/H43 -> #REF! | F43: 0 | H43: 1000 | J43: =+(F43*H43)+G43 -> 0
A44: 207 | B44: LK | C44: Ñoquera Madera mango redondo | D44: G3A | E44: =+VLOOKUP(A44,#REF!,10,0)/H44 -> #REF! | F44: 0 | H44: 1000 | J44: =+(F44*H44)+G44 -> 0
A45: 208 | B45: LK | C45: Cucharita 13cm Azucarera Madera | D45: G3B | E45: =+VLOOKUP(A45,#REF!,10,0)/H45 -> #REF! | F45: 0 | H45: 1000 | J45: =+(F45*H45)+G45 -> 0
A46: 229 | B46: LK | C46: Ñoquera Madera | D46: G3C | E46: =+VLOOKUP(A46,#REF!,10,0)/H46 -> #REF! | F46: 0 | H46: 1000 | J46: =+(F46*H46)+G46 -> 0
A47: 511 | B47: LK | C47: Abrelatas Uña 3 En 1 | D47: G3D | E47: =+VLOOKUP(A47,#REF!,10,0)/H47 -> #REF! | F47: 2 | G47: 860 | H47: 1000 | J47: =+(F47*H47)+G47 -> 2860
A48: 560 | B48: LK | C48: Pinza Corta Alambre 21cm | D48: G3E | E48: =+VLOOKUP(A48,#REF!,10,0)/H48 -> #REF! | F48: 0 | G48: 200 | H48: 1000 | J48: =+(F48*H48)+G48 -> 200
A49: 561 | B49: LK | C49: Pinza Grande | D49: G4A | E49: =+VLOOKUP(A49,#REF!,10,0)/H49 -> #REF! | F49: 0 | H49: 1000 | J49: =+(F49*H49)+G49 -> 0
A50: 565 | B50: LK | C50: Pinza De Hielo 14cm | D50: G4B | E50: =+VLOOKUP(A50,#REF!,10,0)/H50 -> #REF! | F50: 2 | G50: 480 | H50: 1000 | J50: =+(F50*H50)+G50 -> 2480
A51: 594 | B51: LK | C51: Pinza De Fideos Mgo Plast 25cm | D51: G4C | E51: =+VLOOKUP(A51,#REF!,10,0)/H51 -> #REF! | F51: 2 | H51: 1000 | J51: =+(F51*H51)+G51 -> 2000
A52: 595 | B52: LK | C52: Pinza De Fiambre Mgo Plast 23cm | D52: G4D | E52: =+VLOOKUP(A52,#REF!,10,0)/H52 -> #REF! | F52: 2 | G52: 900 | H52: 1000 | J52: =+(F52*H52)+G52 -> 2900
A53: 596 | B53: LK | C53: Pinza De Ensalada Mgo Plast 23cm | D53: G4E | E53: =+VLOOKUP(A53,#REF!,10,0)/H53 -> #REF! | F53: 1 | G53: 1230 | H53: 1000 | J53: =+(F53*H53)+G53 -> 2230
A54: 542 | B54: LK | C54: Ahueca Papas | D54: G5A | E54: =+VLOOKUP(A54,#REF!,10,0)/H54 -> #REF! | F54: 0 | G54: 1240 | H54: 1000 | J54: =+(F54*H54)+G54 -> 1240
A55: 543 | B55: LK | C55: Ahueca Frutas | D55: G5B | E55: =+VLOOKUP(A55,#REF!,10,0)/H55 -> #REF! | F55: 1 | G55: 440 | H55: 1000 | J55: =+(F55*H55)+G55 -> 1440
A56: 58 | B56: LK | C56: Cierra Bolsa x2 | D56: G5C | E56: =+VLOOKUP(A56,#REF!,10,0)/H56 -> #REF! | F56: 1 | G56: 800 | H56: 1000 | J56: =+(F56*H56)+G56 -> 1800
A57: 569 | B57: LK | C57: Pelanaranjas x 1 Display | D57: G5D | E57: =+VLOOKUP(A57,#REF!,10,0)/H57 -> #REF! | F57: 1 | G57: 460 | H57: 1000 | J57: =+(F57*H57)+G57 -> 1460
A58: 519 | B58: LK | C58: Cuchillo Untar Mgo Madera x2 | D58: G5E | E58: =+VLOOKUP(A58,#REF!,10,0)/H58 -> #REF! | F58: 2 | H58: 1000 | J58: =+(F58*H58)+G58 -> 2000
A59: 508 | B59: LK | C59: Sacafuentes Articulado | D59: G6A | E59: =+VLOOKUP(A59,#REF!,10,0)/H59 -> #REF! | F59: 2 | G59: 570 | H59: 1000 | J59: =+(F59*H59)+G59 -> 2570
A60: 550 | B60: LK | C60: Filtro Para Bombillas | D60: G6B | E60: =+VLOOKUP(A60,#REF!,10,0)/H60 -> #REF! | F60: 1 | G60: 250 | H60: 1000 | J60: =+(F60*H60)+G60 -> 1250
A61: 547 | B61: LK | C61: Corta Torta | D61: G7D | E61: =+VLOOKUP(A61,#REF!,10,0)/H61 -> #REF! | F61: 0 | H61: 500 | J61: =+(F61*H61)+G61 -> 0
A62: 57 | B62: LK | C62: Destapa Corona x1 Cromado | D62: G7A | E62: =+VLOOKUP(A62,#REF!,10,0)/H62 -> #REF! | F62: 2 | G62: 500 | H62: 1000 | J62: =+(F62*H62)+G62 -> 2500
A63: 498 | B63: LK | C63: Llavero Destapador Pie Cromado | D63: G7B | E63: =+VLOOKUP(A63,#REF!,10,0)/H63 -> #REF! | F63: 3 | G63: 190 | H63: 1000 | J63: =+(F63*H63)+G63 -> 3190
A64: 499 | B64: LK | C64: Llavero Destapador Pie Color | D64: G7C | E64: =+VLOOKUP(A64,#REF!,10,0)/H64 -> #REF! | F64: 1 | G64: 250 | H64: 1000 | J64: =+(F64*H64)+G64 -> 1250
A65: 518 | B65: LK | C65: Sacafuente Pizzero | D65: G7E | E65: =+VLOOKUP(A65,#REF!,10,0)/H65 -> #REF! | F65: 1 | G65: 1205 | H65: 1000 | J65: =+(F65*H65)+G65 -> 2205
A66: 551 | B66: LK | C66: Cuchillo De Untar Mgo Plast x2 | D66: G8A | E66: =+VLOOKUP(A66,#REF!,10,0)/H66 -> #REF! | F66: 1 | G66: 590 | H66: 1000 | J66: =+(F66*H66)+G66 -> 1590
A67: 299 | B67: LK | C67: Muñeco Silicona Antiderrame | D67: G8B | E67: =+VLOOKUP(A67,#REF!,10,0)/H67 -> #REF! | F67: 1 | H67: 1000 | J67: =+(F67*H67)+G67 -> 1000
A68: 580 | B68: LK | C68: Batidor Mini | D68: G8C | E68: =+VLOOKUP(A68,#REF!,10,0)/H68 -> #REF! | F68: 1 | H68: 1000 | J68: =+(F68*H68)+G68 -> 1000
A69: 193 | B69: LOK | C69: Tostador Enlozado | D69: K2A | E69: =+VLOOKUP(A69,#REF!,10,0)/H69 -> #REF! | F69: 0 | H69: 1000 | J69: =+(F69*H69)+G69 -> 0
A70: Varios | B70: LOK | C70: Utensilios | D70: K7B | F70: 6 | H70: 1000 | J70: =+(F70*H70)+G70 -> 6000
A71: 101 | B71: C-LOK | C71: Abrelatas A Manija | D71: K3A | E71: =+VLOOKUP(A71,#REF!,10,0)/H71 -> #REF! | F71: 5 | H71: 1000 | J71: =+(F71*H71)+G71 -> 5000
A72: 110 | B72: H1-LOK | C72: Colador N° 8 Loke | D72: K3B | E72: =+VLOOKUP(A72,#REF!,10,0)/H72 -> #REF! | F72: 2 | G72: 950 | H72: 1000 | J72: =+(F72*H72)+G72 -> 2950
A73: 111 | B73: H1-LOK | C73: Colador N°10 Loke | D73: K3C | E73: =+VLOOKUP(A73,#REF!,10,0)/H73 -> #REF! | F73: 1 | H73: 1000 | J73: =+(F73*H73)+G73 -> 1000
A74: 112 | B74: H2-LOK | C74: Ø 16 Env. Loke | D74: K3D | E74: =+VLOOKUP(A74,#REF!,10,0)/H74 -> #REF! | F74: 2 | H74: 1000 | J74: =+(F74*H74)+G74 -> 2000
A75: 113 | B75: H2-LOK | C75: Colador N°20 Loke | D75: K3E | E75: =+VLOOKUP(A75,#REF!,10,0)/H75 -> #REF! | F75: 0 | G75: 500 | H75: 1000 | J75: =+(F75*H75)+G75 -> 500
A76: 115 | B76: H1-LOK | C76: Batidor Pera Alambre | D76: K3F | E76: =+VLOOKUP(A76,#REF!,10,0)/H76 -> #REF! | F76: 0 | G76: 520 | H76: 1000 | J76: =+(F76*H76)+G76 -> 520
A77: 116 | B77: H2-LOK | C77: Corta Pizza Familiar | D77: K3G | E77: =+VLOOKUP(A77,#REF!,10,0)/H77 -> #REF! | F77: 1 | H77: 1000 | J77: =+(F77*H77)+G77 -> 1000
A78: 117 | B78: C-LOK | C78: Corta Pizza Gastronomico | D78: K4D | F78: 0 | H78: 1000 | J78: =+(F78*H78)+G78 -> 0
A79: 123 | B79: H4-LOK | C79: Pelador Mgo Plastico | D79: K3H | E79: =+VLOOKUP(A79,#REF!,10,0)/H79 -> #REF! | F79: 4 | G79: 1750 | H79: 1000 | J79: =+(F79*H79)+G79 -> 5750
A80: 121 | B80: H1-LOK | C80: Pisa Papas Acero Inox | D80: K4E | E80: =+VLOOKUP(A80,#REF!,10,0)/H80 -> #REF! | F80: 1 | G80: 1750 | H80: 1000 | J80: =+(F80*H80)+G80 -> 2750
A81: 186 | B81: H3-LOK | C81: Pelador Ergonomuco Loke | D81: K4A | E81: =+VLOOKUP(A81,#REF!,10,0)/H81 -> #REF! | F81: 5 | G81: 1070 | H81: 1000 | J81: =+(F81*H81)+G81 -> 6070
A82: 114 | B82: C-LOK | C82: Afila Cuch Loke | D82: K4B | E82: =+VLOOKUP(A82,#REF!,10,0)/H82 -> #REF! | F82: 0 | H82: 1000 | J82: =+(F82*H82)+G82 -> 0
A83: 108 | B83: H2-LOK | C83: Pelador Mgo Metalico Loke | D83: K4C | E83: =+VLOOKUP(A83,#REF!,10,0)/H83 -> #REF! | F83: 0 | H83: 1000 | J83: =+(F83*H83)+G83 -> 0
A84: 104 | B84: C-LOK | C84: Sac Cabo Ergono Nylon | D84: K6A | E84: =+VLOOKUP(A84,#REF!,10,0)/H84 -> #REF! | F84: 3 | G84: 440 | H84: 1000 | J84: =+(F84*H84)+G84 -> 3440
A85: 107 | B85: H1-LOK | C85: Pelador cuchilla laser Loke | D85: K5A | E85: =+VLOOKUP(A85,#REF!,10,0)/H85 -> #REF! | F85: 0 | H85: 1000 | J85: =+(F85*H85)+G85 -> 0
A86: 103 | B86: C-LOK | C86: Abrelata Uña Cromado | D86: K5B | E86: =+VLOOKUP(A86,#REF!,10,0)/H86 -> #REF! | F86: 1 | G86: 750 | H86: 1000 | J86: =+(F86*H86)+G86 -> 1750
A87: 102 | B87: C-LOK | C87: Abrelata A Mariposa | D87: K5C | E87: =+VLOOKUP(A87,#REF!,10,0)/H87 -> #REF! | F87: 0 | H87: 1000 | J87: =+(F87*H87)+G87 -> 0
A88: 109 | B88: C-LOK | C88: Sac Zincado | D88: K6C | E88: =+VLOOKUP(A88,#REF!,10,0)/H88 -> #REF! | F88: 0 | G88: 300 | H88: 1000 | J88: =+(F88*H88)+G88 -> 300
A89: 119 | B89: H1-LOK | C89: Corta Queso (entero) | D89: K7A | E89: =+VLOOKUP(A89,#REF!,10,0)/H89 -> #REF! | F89: 11 | H89: 1000 | J89: =+(F89*H89)+G89 -> 11000
A90: 332 | B90: LK | C90: Espatula Calada Ac. Inox. | D90: L2A | E90: =+VLOOKUP(A90,#REF!,10,0)/H90 -> #REF! | F90: 0 | G90: 1800 | H90: 2500 | J90: =+(F90*H90)+G90 -> 1800
A91: 334 | B91: LK | C91: Cuchara Salsera Inox | D91: L2B | E91: =+VLOOKUP(A91,#REF!,10,0)/H91 -> #REF! | F91: 0 | H91: 2500 | J91: =+(F91*H91)+G91 -> 0
A92: 336 | B92: LK | C92: Cucharon Ac.Inox. | D92: L3A | E92: =+VLOOKUP(A92,#REF!,10,0)/H92 -> #REF! | F92: 2 | G92: 250 | H92: 2500 | J92: =+(F92*H92)+G92 -> 5250
A93: 337 | B93: LK | C93: Pinche Ac.Inox. | D93: L3B | E93: =+VLOOKUP(A93,#REF!,10,0)/H93 -> #REF! | F93: 0 | G93: 2000 | H93: 2500 | J93: =+(F93*H93)+G93 -> 2000
A94: 338 | B94: LK | C94: Espatula Lisa Ac.Inox. | D94: L3C | E94: =+VLOOKUP(A94,#REF!,10,0)/H94 -> #REF! | F94: 1 | G94: 490 | H94: 2500 | J94: =+(F94*H94)+G94 -> 2990
A95: 389 | B95: LK | C95: Espumadera Nylon con Mgo | D95: L4A | E95: =+VLOOKUP(A95,#REF!,10,0)/H95 -> #REF! | F95: 1 | G95: 500 | H95: 2500 | J95: =+(F95*H95)+G95 -> 3000
A96: 315 | B96: LK | C96: Pisa Papas Acero Inox | D96: L4B | E96: =+VLOOKUP(A96,#REF!,10,0)/H96 -> #REF! | F96: 1 | G96: 1500 | H96: 2500 | J96: =+(F96*H96)+G96 -> 4000
A97: 390 | B97: LK | C97: Cuchara Calada Nylon 1 Pza | D97: L4C | E97: =+VLOOKUP(A97,#REF!,10,0)/H97 -> #REF! | F97: 0 | G97: 1250 | H97: 2500 | J97: =+(F97*H97)+G97 -> 1250
A98: 27 | B98: LK | C98: Colador Ø 10cm | D98: L5A | E98: =+VLOOKUP(A98,#REF!,10,0)/H98 -> #REF! | F98: 5 | G98: 500 | H98: 2500 | J98: =+(F98*H98)+G98 -> 13000
A99: 26 | B99: LK | C99: Colador Ø 8cm | D99: L5B | E99: =+VLOOKUP(A99,#REF!,10,0)/H99 -> #REF! | F99: 12 | G99: 2180 | H99: 2500 | J99: =+(F99*H99)+G99 -> 32180
A100: 28 | B100: LK | C100: Colador Ø 14cm | D100: L2C | E100: =+VLOOKUP(A100,#REF!,10,0)/H100 -> #REF! | F100: 3 | G100: 1750 | H100: 1000 | J100: =+(F100*H100)+G100 -> 4750
A101: 325 | B101: LK | C101: Espatula Repostera Plast | D101: M2 | E101: =+VLOOKUP(A101,#REF!,10,0)/H101 -> #REF! | F101: 0 | G101: 2400 | H101: 2500 | J101: =+(F101*H101)+G101 -> 2400
A102: 223 | B102: LK | C102: Cuchara Madera 25 Cm | D102: M3A | E102: =+VLOOKUP(A102,#REF!,10,0)/H102 -> #REF! | F102: 0 | G102: 1120 | H102: 2500 | J102: =+(F102*H102)+G102 -> 1120
A103: 222 | B103: LK | C103: Bate Bife Madera | D103: M3B | E103: =+VLOOKUP(A103,#REF!,10,0)/H103 -> #REF! | F103: 0 | G103: 1000 | H103: 2500 | J103: =+(F103*H103)+G103 -> 1000
...

Sheet Carton x Categ.
A2: Cod | B2: L | C2: Descripcion | D2: Max Cons 3 Mes Uni | E2: Agrup
A3: 862 | B3: CH | C3: Corta Pizza Familiar | D3: 540 | E3: AA
A4: 859 | B4: CH | C4: Corta Ravioles c/Mango Loeke | D4: 720 | E4: AA
A5: 720 | B5: CH | C5: Ahueca Papas | D5: 300 | E5: AA
A6: 722 | B6: CH | C6: Ahueca Frutas | D6: 180 | E6: AA
A7: 710 | B7: CH | C7: Enrulador De Manteca | D7: 0 | E7: AA
A8: 864 | B8: CH | C8: Pincel Pastelero | D8: 360 | E8: AA
A9: 802 | B9: CH | C9: Batidor Pera Alambre | D9: 5400 | E9: AA
A10: 615 | B10: CH | C10: Batidor Resorte | D10: 450 | E10: AA
A11: 857 | B11: CH | C11: Cuchillo De Torta Ac. Inox | D11: 144 | E11: AA
A12: 856 | B12: CH | C12: Pala De Torta Acero Inox | D12: 288 | E12: AA
A13: 709 | B13: CH | C13: Descorazonador De Manzana | D13: 180 | E13: AA
A14: 858 | B14: CH | C14: Pala De Canelones Ac. Inox | D14: 360 | E14: AA
A15: 863 | B15: CH | C15: Corta Pizza Gastro. Mgo Chef Ø 8cm | D15: 288 | E15: AA
A17: Cod | B17: L | C17: Descripcion | D17: Max Cons 3 Mes Uni | E17: Agrup
A18: 719 | B18: CH | C18: Cuchillo Untar Mgo Madera x2 | D18: 432 | E18: AB
A19: 99 | B19: CH | C19: Pelapapas Mgo Plastico Ergonomico Verde | D19: 4428 | E19: AB
A20: 732 | B20: CH | C20: Cuchara De Helado | D20: 432 | E20: AB
A21: 817 | B21: CH | C21: Tapon De Vino/Cerveza x1 Negro | D21: 264 | E21: AB
A22: 713 | B22: CH | C22: Pelador Mgo Metalico | D22: 6126 | E22: AB
A23: 43 | B23: CH | C23: Abrelatas Uña 3 En 1 | D23: 720 | E23: AB
A24: 816 | B24: CH | C24: Tapon De Vino/Cerveza x1 Color | D24: 600 | E24: AB
A25: 878 | B25: CH | C25: Cuchillo De Untar Mgo Plast x2 | D25: 600 | E25: AB
A26: 735 | B26: CH | C26: Sacacorcho Cabo Ergonomico | D26: 0 | E26: AB
A27: 97 | B27: CH | C27: Afila Cuchillos | D27: 1350 | E27: AB
A28: 99 | B28: CH | C28: Pelapapas Mgo Plastico Ergonomico Verde | D28: 4428 | E28: AB
A30: Cod | B30: L | C30: Descripcion | D30: Max Cons 3 Mes Uni | E30: Agrup
A31: 504 | B31: LK | C31: Afila Cuchillos | D31: 24000 | E31: AC
A33: Cod | B33: L | C33: Descripcion | D33: Max Cons 3 Mes Uni | E33: Agrup
A34: 502 | B34: LK | C34: Abrelatas Mariposa Cromado | D34: 19260 | E34: AM
A35: 501 | B35: LK | C35: Abrelatas A Manija | D35: 18000 | E35: AM
A36: 512 | B36: LK | C36: Abrelatas Mariposa Capuchon Rojo | D36: 12264 | E36: AM
A37: 66 | B37: LK | C37: Abrelatas Super Mariposa | D37: 6600 | E37: AM
A39: Cod | B39: L | C39: Descripcion | D39: Max Cons 3 Mes Uni | E39: Agrup
A40: 702 | B40: CH | C40: Abrelata Mariposa Niquelado | D40: 3000 | E40: BB
A41: 701 | B41: CH | C41: Abrelatas A Manija | D41: 2400 | E41: BB
A42: 723 | B42: CH | C42: Sacacorcho Doble Aleta | D42: 1080 | E42: BB
A43: 724 | B43: CH | C43: Extractor de Espumante | D43: 0 | E43: BB
A44: 617 | B44: CH | C44: Pinza Del Chef | D44: 0 | E44: BB
A45: 765 | B45: CH | C45: Sacayerba | D45: 0 | E45: BB
A46: 879 | B46: CH | C46: Set x3 Espatulas Plasticas | D46: 360 | E46: BB
A47: 809 | B47: CH | C47: Corta Queso Blandos Mango Alambre | D47: 2400 | E47: BB
A49: Cod | B49: L | C49: Descripcion | D49: Max Cons 3 Mes Uni | E49: Agrup
A50: 546 | B50: LK | C50: Corta Queso Blandos Mango Loeke | D50: 27000 | E50: BQ
A51: 544 | B51: LK | C51: Batidor Pera Alambre | D51: 24000 | E51: BQ
A53: Cod | B53: L | C53: Descripcion | D53: Max Cons 3 Mes Uni | E53: Agrup
A54: 54 | B54: CH | C54: Pinza De Ensalada Inox | D54: 180 | E54: CC
A55: 707 | B55: CH | C55: Rompenueces | D55: 180 | E55: CC
A56: 53 | B56: CH | C56: Pinza De Fiambre Inox | D56: 300 | E56: CC
A57: 730 | B57: CH | C57: Sacacorcho Tipo Mozo Color | D57: 3240 | E57: CC
A58: 800 | B58: CH | C58: Pinza Corta Alambre 21cm | D58: 330 | E58: CC
A59: 725 | B59: CH | C59: Sacacorcho Cabo De Madera | D59: 1500 | E59: CC
A60: 55 | B60: CH | C60: Pinza De Fideos Inox | D60: 432 | E60: CC
A61: 731 | B61: CH | C61: Sacacorcho Combinado Color | D61: 1512 | E61: CC
A63: Cod | B63: L | C63: Descripcion | D63: Max Cons 3 Mes Uni | E63: Agrup
A64: Varios | B64: LK | C64: Corbata Generica | D64: 130428 | E64: CGENE
A65: Varios | B65: CH | C65: Corbata Generica | D65: 59004 | E65: CGENE

Sheet Stock CD
A1: STOCK VIRGILIO CARTONES | G1: INFORMACION
A3: Descripción Parte | B3: Cod Art | C3: Stock Caja CD | D3: Stock Uni CD | E3: Parte x Uni | G3: Max Cajas CD | H3: Uni x Caja | I3: Max Uni CD | J3: Estad Madre Uni
A4: 248 | B4: 248 | C4: =+IFERROR(VLOOKUP(B4,'Stock ISIS LK'!A:D,4,0),IFERROR(VLOOKUP(B4,'Stock ISIS CH'!A:D,4,0),0)) -> 0 | D4: =+C4*E4 -> 0 | E4: 1 | G4: =+J4/H4 -> 0 | H4: 12 | I4: =+G4*H4*E4 -> 0 | J4: =+IFERROR(VLOOKUP(B4,#REF!,3,0),IFERROR(VLOOKUP(B4,#REF!,3,0),0)) -> 0
A5: 550 | B5: 550 | C5: =+IFERROR(VLOOKUP(B5,'Stock ISIS LK'!A:D,4,0),IFERROR(VLOOKUP(B5,'Stock ISIS CH'!A:D,4,0),0)) -> 0 | D5: =+C5*E5 -> 0 | E5: 1 | G5: =+J5/H5 -> 0 | H5: 36 | I5: =+G5*H5*E5 -> 0 | J5: =+IFERROR(VLOOKUP(B5,#REF!,3,0),IFERROR(VLOOKUP(B5,#REF!,3,0),0)) -> 0
A6: 581 | B6: 581 | C6: =+IFERROR(VLOOKUP(B6,'Stock ISIS LK'!A:D,4,0),IFERROR(VLOOKUP(B6,'Stock ISIS CH'!A:D,4,0),0)) -> 0 | D6: =+C6*E6 -> 0 | E6: 1 | G6: =+J6/H6 -> 0 | H6: 12 | I6: =+G6*H6*E6 -> 0 | J6: =+IFERROR(VLOOKUP(B6,#REF!,3,0),IFERROR(VLOOKUP(B6,#REF!,3,0),0)) -> 0
A7: 587 | B7: 587 | C7: =+IFERROR(VLOOKUP(B7,'Stock ISIS LK'!A:D,4,0),IFERROR(VLOOKUP(B7,'Stock ISIS CH'!A:D,4,0),0)) -> 0 | D7: =+C7*E7 -> 0 | E7: 1 | G7: =+J7/H7 -> 0 | H7: 12 | I7: =+G7*H7*E7 -> 0 | J7: =+IFERROR(VLOOKUP(B7,#REF!,3,0),IFERROR(VLOOKUP(B7,#REF!,3,0),0)) -> 0
A8: 542 | B8: 542 | C8: =+IFERROR(VLOOKUP(B8,'Stock ISIS LK'!A:D,4,0),IFERROR(VLOOKUP(B8,'Stock ISIS CH'!A:D,4,0),0)) -> 0 | D8: =+C8*E8 -> 0 | E8: 1 | G8: =+J8/H8 -> 0 | H8: 12 | I8: =+G8*H8*E8 -> 0 | J8: =+IFERROR(VLOOKUP(B8,#REF!,3,0),IFERROR(VLOOKUP(B8,#REF!,3,0),0)) -> 0
A9: 543 | B9: 543 | C9: =+IFERROR(VLOOKUP(B9,'Stock ISIS LK'!A:D,4,0),IFERROR(VLOOKUP(B9,'Stock ISIS CH'!A:D,4,0),0)) -> 0 | D9: =+C9*E9 -> 0 | E9: 1 | G9: =+J9/H9 -> 0 | H9: 12 | I9: =+G9*H9*E9 -> 0 | J9: =+IFERROR(VLOOKUP(B9,#REF!,3,0),IFERROR(VLOOKUP(B9,#REF!,3,0),0)) -> 0
A10: 29 | B10: 29 | C10: =+IFERROR(VLOOKUP(B10,'Stock ISIS LK'!A:D,4,0),IFERROR(VLOOKUP(B10,'Stock ISIS CH'!A:D,4,0),0)) -> 0 | D10: =+C10*E10 -> 0 | E10: 1 | G10: =+J10/H10 -> 0 | H10: 24 | I10: =+G10*H10*E10 -> 0 | J10: =+IFERROR(VLOOKUP(B10,#REF!,3,0),IFERROR(VLOOKUP(B10,#REF!,3,0),0)) -> 0
A11: 333 | B11: 333 | C11: =+IFERROR(VLOOKUP(B11,'Stock ISIS LK'!A:D,4,0),IFERROR(VLOOKUP(B11,'Stock ISIS CH'!A:D,4,0),0)) -> 0 | D11: =+C11*E11 -> 0 | E11: 1 | G11: =+J11/H11 -> 0 | H11: 12 | I11: =+G11*H11*E11 -> 0 | J11: =+IFERROR(VLOOKUP(B11,#REF!,3,0),IFERROR(VLOOKUP(B11,#REF!,3,0),0)) -> 0
A12: 30 | B12: 30 | C12: =+IFERROR(VLOOKUP(B12,'Stock ISIS LK'!A:D,4,0),IFERROR(VLOOKUP(B12,'Stock ISIS CH'!A:D,4,0),0)) -> 0 | D12: =+C12*E12 -> 0 | E12: 1 | G12: =+J12/H12 -> 0 | H12: 24 | I12: =+G12*H12*E12 -> 0 | J12: =+IFERROR(VLOOKUP(B12,#REF!,3,0),IFERROR(VLOOKUP(B12,#REF!,3,0),0)) -> 0
A13: 26 | B13: 26 | C13: =+IFERROR(VLOOKUP(B13,'Stock ISIS LK'!A:D,4,0),IFERROR(VLOOKUP(B13,'Stock ISIS CH'!A:D,4,0),0)) -> 0 | D13: =+C13*E13 -> 0 | E13: 1 | G13: =+J13/H13 -> 0 | H13: 24 | I13: =+G13*H13*E13 -> 0 | J13: =+IFERROR(VLOOKUP(B13,#REF!,3,0),IFERROR(VLOOKUP(B13,#REF!,3,0),0)) -> 0
A14: Bandita LK | B14: 246 | C14: =+IFERROR(VLOOKUP(B14,'Stock ISIS LK'!A:D,4,0),IFERROR(VLOOKUP(B14,'Stock ISIS CH'!A:D,4,0),0)) -> 0 | D14: =+C14*E14 -> 0 | E14: 1 | G14: =+J14/H14 -> 0 | H14: 6 | I14: =+G14*H14*E14 -> 0 | J14: =+IFERROR(VLOOKUP(B14,#REF!,3,0),IFERROR(VLOOKUP(B14,#REF!,3,0),0)) -> 0
A15: Bandita LK | B15: 328E | C15: =+IFERROR(VLOOKUP(B15,'Stock ISIS LK'!A:D,4,0),IFERROR(VLOOKUP(B15,'Stock ISIS CH'!A:D,4,0),0)) -> 0 | D15: =+C15*E15 -> 0 | E15: 1 | G15: =+J15/H15 -> 0 | H15: 24 | I15: =+G15*H15*E15 -> 0 | J15: =+IFERROR(VLOOKUP(B15,#REF!,3,0),IFERROR(VLOOKUP(B15,#REF!,3,0),0)) -> 0
A16: Bandita CH | B16: 865E | C16: =+IFERROR(VLOOKUP(B16,'Stock ISIS LK'!A:D,4,0),IFERROR(VLOOKUP(B16,'Stock ISIS CH'!A:D,4,0),0)) -> 0 | D16: =+C16*E16 -> 0 | E16: 1 | G16: =+J16/H16 -> 0 | H16: 24 | I16: =+G16*H16*E16 -> 0 | J16: =+IFERROR(VLOOKUP(B16,#REF!,3,0),IFERROR(VLOOKUP(B16,#REF!,3,0),0)) -> 0
A17: Bandita CH | B17: 839 | C17: =+IFERROR(VLOOKUP(B17,'Stock ISIS LK'!A:D,4,0),IFERROR(VLOOKUP(B17,'Stock ISIS CH'!A:D,4,0),0)) -> 0 | D17: =+C17*E17 -> 0 | E17: 1 | G17: =+J17/H17 -> 0 | H17: 36 | I17: =+G17*H17*E17 -> 0 | J17: =+IFERROR(VLOOKUP(B17,#REF!,3,0),IFERROR(VLOOKUP(B17,#REF!,3,0),0)) -> 0
A18: 513 | B18: 513 | C18: =+IFERROR(VLOOKUP(B18,'Stock ISIS LK'!A:D,4,0),IFERROR(VLOOKUP(B18,'Stock ISIS CH'!A:D,4,0),0)) -> 0 | D18: =+C18*E18 -> 0 | E18: 1 | G18: =+J18/H18 -> 0 | H18: 12 | I18: =+G18*H18*E18 -> 0 | J18: =+IFERROR(VLOOKUP(B18,#REF!,3,0),IFERROR(VLOOKUP(B18,#REF!,3,0),0)) -> 0
A19: 525 | B19: 525 | C19: =+IFERROR(VLOOKUP(B19,'Stock ISIS LK'!A:D,4,0),IFERROR(VLOOKUP(B19,'Stock ISIS CH'!A:D,4,0),0)) -> 0 | D19: =+C19*E19 -> 0 | E19: 1 | G19: =+J19/H19 -> 0 | H19: 24 | I19: =+G19*H19*E19 -> 0 | J19: =+IFERROR(VLOOKUP(B19,#REF!,3,0),IFERROR(VLOOKUP(B19,#REF!,3,0),0)) -> 0
A20: 532 | B20: 532 | C20: =+IFERROR(VLOOKUP(B20,'Stock ISIS LK'!A:D,4,0),IFERROR(VLOOKUP(B20,'Stock ISIS CH'!A:D,4,0),0)) -> 0 | D20: =+C20*E20 -> 0 | E20: 1 | G20: =+J20/H20 -> 0 | H20: 24 | I20: =+G20*H20*E20 -> 0 | J20: =+IFERROR(VLOOKUP(B20,#REF!,3,0),IFERROR(VLOOKUP(B20,#REF!,3,0),0)) -> 0
A21: 27 | B21: 27 | C21: =+IFERROR(VLOOKUP(B21,'Stock ISIS LK'!A:D,4,0),IFERROR(VLOOKUP(B21,'Stock ISIS CH'!A:D,4,0),0)) -> 0 | D21: =+C21*E21 -> 0 | E21: 1 | G21: =+J21/H21 -> 0 | H21: 24 | I21: =+G21*H21*E21 -> 0 | J21: =+IFERROR(VLOOKUP(B21,#REF!,3,0),IFERROR(VLOOKUP(B21,#REF!,3,0),0)) -> 0
A22: 521 | B22: 521 | C22: =+IFERROR(VLOOKUP(B22,'Stock ISIS LK'!A:D,4,0),IFERROR(VLOOKUP(B22,'Stock ISIS CH'!A:D,4,0),0)) -> 0 | D22: =+C22*E22 -> 0 | E22: 1 | G22: =+J22/H22 -> 0 | H22: 12 | I22: =+G22*H22*E22 -> 0 | J22: =+IFERROR(VLOOKUP(B22,#REF!,3,0),IFERROR(VLOOKUP(B22,#REF!,3,0),0)) -> 0
A23: 594 | B23: 594 | C23: =+IFERROR(VLOOKUP(B23,'Stock ISIS LK'!A:D,4,0),IFERROR(VLOOKUP(B23,'Stock ISIS CH'!A:D,4,0),0)) -> 0 | D23: =+C23*E23 -> 0 | E23: 1 | G23: =+J23/H23 -> 0 | H23: 12 | I23: =+G23*H23*E23 -> 0 | J23: =+IFERROR(VLOOKUP(B23,#REF!,3,0),IFERROR(VLOOKUP(B23,#REF!,3,0),0)) -> 0
A24: 595 | B24: 595 | C24: =+IFERROR(VLOOKUP(B24,'Stock ISIS LK'!A:D,4,0),IFERROR(VLOOKUP(B24,'Stock ISIS CH'!A:D,4,0),0)) -> 0 | D24: =+C24*E24 -> 0 | E24: 1 | G24: =+J24/H24 -> 0 | H24: 12 | I24: =+G24*H24*E24 -> 0 | J24: =+IFERROR(VLOOKUP(B24,#REF!,3,0),IFERROR(VLOOKUP(B24,#REF!,3,0),0)) -> 0
A25: 596 | B25: 596 | C25: =+IFERROR(VLOOKUP(B25,'Stock ISIS LK'!A:D,4,0),IFERROR(VLOOKUP(B25,'Stock ISIS CH'!A:D,4,0),0)) -> 0 | D25: =+C25*E25 -> 0 | E25: 1 | G25: =+J25/H25 -> 0 | H25: 12 | I25: =+G25*H25*E25 -> 0 | J25: =+IFERROR(VLOOKUP(B25,#REF!,3,0),IFERROR(VLOOKUP(B25,#REF!,3,0),0)) -> 0
A26: 523 | B26: 523 | C26: =+IFERROR(VLOOKUP(B26,'Stock ISIS LK'!A:D,4,0),IFERROR(VLOOKUP(B26,'Stock ISIS CH'!A:D,4,0),0)) -> 0 | D26: =+C26*E26 -> 0 | E26: 1 | G26: =+J26/H26 -> 0 | H26: 12 | I26: =+G26*H26*E26 -> 0 | J26: =+IFERROR(VLOOKUP(B26,#REF!,3,0),IFERROR(VLOOKUP(B26,#REF!,3,0),0)) -> 0
A27: Corbata Generica LK | B27: 321 | C27: =+IFERROR(VLOOKUP(B27,'Stock ISIS LK'!A:D,4,0),IFERROR(VLOOKUP(B27,'Stock ISIS CH'!A:D,4,0),0)) -> 0 | D27: =+C27*E27 -> 0 | E27: 1 | G27: =+J27/H27 -> 0 | H27: 12 | I27: =+G27*H27*E27 -> 0 | J27: =+IFERROR(VLOOKUP(B27,#REF!,3,0),IFERROR(VLOOKUP(B27,#REF!,3,0),0)) -> 0
A28: Corbata Generica LK | B28: 325 | C28: =+IFERROR(VLOOKUP(B28,'Stock ISIS LK'!A:D,4,0),IFERROR(VLOOKUP(B28,'Stock ISIS CH'!A:D,4,0),0)) -> 0 | D28: =+C28*E28 -> 0 | E28: 1 | G28: =+J28/H28 -> 0 | H28: 24 | I28: =+G28*H28*E28 -> 0 | J28: =+IFERROR(VLOOKUP(B28,#REF!,3,0),IFERROR(VLOOKUP(B28,#REF!,3,0),0)) -> 0
A29: Corbata Generica LK | B29: 26 | C29: =+IFERROR(VLOOKUP(B29,'Stock ISIS LK'!A:D,4,0),IFERROR(VLOOKUP(B29,'Stock ISIS CH'!A:D,4,0),0)) -> 0 | D29: =+C29*E29 -> 0 | E29: 1 | G29: =+J29/H29 -> 0 | H29: 24 | I29: =+G29*H29*E29 -> 0 | J29: =+IFERROR(VLOOKUP(B29,#REF!,3,0),IFERROR(VLOOKUP(B29,#REF!,3,0),0)) -> 0
A30: Corbata Generica LK | B30: 315 | C30: =+IFERROR(VLOOKUP(B30,'Stock ISIS LK'!A:D,4,0),IFERROR(VLOOKUP(B30,'Stock ISIS CH'!A:D,4,0),0)) -> 0 | D30: =+C30*E30 -> 0 | E30: 1 | G30: =+J30/H30 -> 0 | H30: 12 | I30: =+G30*H30*E30 -> 0 | J30: =+IFERROR(VLOOKUP(B30,#REF!,3,0),IFERROR(VLOOKUP(B30,#REF!,3,0),0)) -> 0
A31: Corbata Generica LK | B31: 225 | C31: =+IFERROR(VLOOKUP(B31,'Stock ISIS LK'!A:D,4,0),IFERROR(VLOOKUP(B31,'Stock ISIS CH'!A:D,4,0),0)) -> 0 | D31: =+C31*E31 -> 0 | E31: 1 | G31: =+J31/H31 -> 0 | H31: 12 | I31: =+G31*H31*E31 -> 0 | J31: =+IFERROR(VLOOKUP(B31,#REF!,3,0),IFERROR(VLOOKUP(B31,#REF!,3,0),0)) -> 0
