Workbook

Sheet Garage Vacio 2026
F4: =+TODAY() -> 46101
K5: Informacion Cajones Garage | S5: Cajones a Preparar | AA5: Informacion Partes
A6: Cod Prov | B6: Taller/ Prov | C6: Sector | D6: Cod Art | E6: Cod ISIS | F6: Descripcion | G6: Stock Actual Cajon | H6: Pedido Cajon | I6: % Ocup | K6: Max Entra Caj | L6: Kg x Cajon | M6: Max Uni | N6: KG x Uni | O6: Uni x Cajon | P6: Est Madre Uni | Q6: Stock Max Madre 3M | S6: Sector Garage | T6: Cod | U6: Descripcion | V6: Sector Parte | W6: Descrip | X6: Cajon/ Paq a Enviar | AA6: Kg x Uni | AB6: Kg x Cajon | AC6: Cajones Pedido | AD6: Uni x Cajon | AE6: Kg a Enviar
B7: Martin | C7: GRJ 1 | D7: 500 | F7: Uña 500 LK | H7: =+IF(G7="","",IF(G7-Q7>0,0,Q7-G7)) | I7: =+IFERROR(G7/K7,) -> 0 | K7: 5 | L7: 30 | M7: =+K7*O7 -> 4552.352 | N7: 0.03295 | O7: =+L7/N7 -> 910.47041 | P7: =IFERROR(VLOOKUP(D7,'Estadistica Madre CH 23-01'!A:C,3,0),+VLOOKUP(D7,'Estadistica Madre LK 23-01 '!A:C,3,0)) -> 1440 | Q7: =3*P7/O7 -> 4.7448 | S7: GRJ 1 | T7: 500 | U7: Uña 500 LK | V7: C1 | W7: Abrelata Pie Uña Serig | X7: =+AE7/AB7 -> 0 | AA7: 0.029343333 | AB7: 30 | AC7: =+SUMIFS(H:H,D:$D,T7) -> 0 | AD7: =+SUMIFS(O:O,D:D,T7) -> 910.47041 | AE7: =+(AD7*AC7)*AA7 -> 0
B8: Martin | C8: GRJ7/8 | D8: 506 | F8: Uña LK 506 | H8: =+IF(G8="","",IF(G8-Q8>0,0,Q8-G8)) | I8: =+IFERROR(G8/K8,) -> 0 | K8: 36 | L8: 30 | M8: =+K8*O8 -> 49202.733 | N8: 0.02195 | O8: =+L8/N8 -> 1366.7426 | P8: =IFERROR(VLOOKUP(D8,'Estadistica Madre CH 23-01'!A:C,3,0),+VLOOKUP(D8,'Estadistica Madre LK 23-01 '!A:C,3,0)) -> 18840 | Q8: =3*P8/O8 -> 41.3538 | S8: GRJ 1 | T8: 500 | U8: Uña 500 LK | V8: C10 | W8: Uñas Zinc. | X8: =+AE8/AB8 -> 0 | AA8: 0.00353 | AB8: 30 | AC8: =+SUMIFS(H:H,D:$D,T8) -> 0 | AD8: =+SUMIFS(O:O,D:D,T8) -> 910.47041 | AE8: =+(AD8*AC8)*AA8 -> 0
B9: Martin | C9: GRJ 4 | D9: 654 | F9: Bomb Autolimp. 654 | H9: =+IF(G9="","",IF(G9-Q9>0,0,Q9-G9)) | I9: =+IFERROR(G9/K9,) -> 0 | K9: 5 | L9: 15 | M9: =+K9*O9 -> 3488.3721 | N9: 0.0215 | O9: =+L9/N9 -> 697.67442 | P9: =IFERROR(VLOOKUP(D9,'Estadistica Madre CH 23-01'!A:C,3,0),+VLOOKUP(D9,'Estadistica Madre LK 23-01 '!A:C,3,0)) -> 912 | Q9: =3*P9/O9 -> 3.9216 | S9: GRJ7/8 | T9: 506 | U9: Uña LK 506 | V9: A10 | W9: Cpo Uña LK C/M Pint. | X9: =+AE9/AB9 -> 0 | AA9: 0.01796 | AB9: 30 | AC9: =+SUMIFS(H:H,D:$D,T9)*1/4 -> 0 | AD9: =+SUMIFS(O:O,D:D,T9) -> 2733.4852 | AE9: =+(AD9*AC9)*AA9 -> 0
B10: Martin | C10: GRJ 5 | D10: 558 | F10: Bomb. Tradicional 558 | H10: =+IF(G10="","",IF(G10-Q10>0,0,Q10-G10)) | I10: =+IFERROR(G10/K10,) -> 0 | K10: 10 | L10: 1.8 | M10: =+K10*O10 -> 1161.2903 | N10: 0.0155 | O10: =+L10/N10 -> 116.12903 | P10: =IFERROR(VLOOKUP(D10,'Estadistica Madre CH 23-01'!A:C,3,0),+VLOOKUP(D10,'Estadistica Madre LK 23-01 '!A:C,3,0)) -> 2124 | Q10: =3*P10/O10 -> 54.87 | S10: GRJ7/8 | T10: 506 | U10: Uña LK 506 | V10: C10 | W10: Uñas Zinc. | X10: =+AE10/AB10 -> 0 | AA10: 0.00353 | AB10: 30 | AC10: =+SUMIFS(H:H,D:$D,T10)*1/4 -> 0 | AD10: =+SUMIFS(O:O,D:D,T10) -> 2733.4852 | AE10: =+(AD10*AC10)*AA10 -> 0
B11: Fabrica | C11: GRJ 6 | D11: 557 | F11: Bomb. Tradicional 557 | H11: =+IF(G11="","",IF(G11-Q11>0,0,Q11-G11)) | I11: =+IFERROR(G11/K11,) -> 0 | K11: 1 | L11: 1.8 | M11: =+K11*O11 -> 113.20755 | N11: 0.0159 | O11: =+L11/N11 -> 113.20755 | P11: =IFERROR(VLOOKUP(D11,'Estadistica Madre CH 23-01'!A:C,3,0),+VLOOKUP(D11,'Estadistica Madre LK 23-01 '!A:C,3,0)) -> 1400 | Q11: =3*P11/O11 -> 37.1 | S11: GRJ 4 | T11: 654 | U11: Bomb Autolimp. 654 | X11: =+AE11/AB11 -> #DIV/0! | AC11: =+SUMIFS(H:H,D:$D,T11) -> 0 | AD11: =+SUMIFS(O:O,D:D,T11) -> 697.67442 | AE11: =+(AD11*AC11)*AA11 -> 0
B12: Cimarron | F12: Bomb. Pico de Loro | H12: =+IF(G12="","",IF(G12-Q12>0,0,Q12-G12)) | I12: =+IFERROR(G12/K12,) -> 0
B13: Fabrica | C13: GRJ9 | D13: 510 | F13: Uña Crom 510 | H13: =+IF(G13="","",IF(G13-Q13>0,0,Q13-G13)) | I13: =+IFERROR(G13/K13,) -> 0 | K13: 8 | L13: 30 | M13: =+K13*O13 -> 10909.091 | N13: 0.022 | O13: =+L13/N13 -> 1363.6364 | P13: =IFERROR(VLOOKUP(D13,'Estadistica Madre CH 23-01'!A:C,3,0),+VLOOKUP(D13,'Estadistica Madre LK 23-01 '!A:C,3,0)) -> 6456 | Q13: =3*P13/O13 -> 14.2032 | S13: GRJ 5 | T13: 558 | U13: Bomb. Tradicional 558 | X13: =+AE13/AB13 -> #DIV/0! | AC13: =+SUMIFS(H:H,D:$D,T13) -> 0 | AD13: =+SUMIFS(O:O,D:D,T13) -> 116.12903 | AE13: =+(AD13*AC13)*AA13 -> 0
B14: Fabrica | C14: GJR10 | D14: 544 | F14: Batidor Pera | H14: =+IF(G14="","",IF(G14-Q14>0,0,Q14-G14)) | I14: =+IFERROR(G14/K14,) -> 0 | K14: 54 | L14: 15.68 | M14: =+K14*O14 -> 8640 | N14: 0.098 | O14: =+L14/N14 -> 160 | P14: =IFERROR(VLOOKUP(D14,'Estadistica Madre CH 23-01'!A:C,3,0),+VLOOKUP(D14,'Estadistica Madre LK 23-01 '!A:C,3,0)) -> 7464 | Q14: =3*P14/O14 -> 139.95 | S14: GRJ 6 | T14: 557 | U14: Bomb. Tradicional 557 | X14: =+AE14/AB14 -> #DIV/0! | AC14: =+SUMIFS(H:H,D:$D,T14) -> 0 | AD14: =+SUMIFS(O:O,D:D,T14) -> 113.20755 | AE14: =+(AD14*AC14)*AA14 -> 0
B15: Carlos | C15: GRJ7/8 | D15: 506 | F15: Uña LK 506 | H15: =+IF(G15="","",IF(G15-Q15>0,0,Q15-G15)) | I15: =+IFERROR(G15/K15,) -> 0 | K15: 36 | L15: 30 | M15: =+K15*O15 -> 49202.733 | N15: 0.02195 | O15: =+L15/N15 -> 1366.7426 | P15: =IFERROR(VLOOKUP(D15,'Estadistica Madre CH 23-01'!A:C,3,0),+VLOOKUP(D15,'Estadistica Madre LK 23-01 '!A:C,3,0)) -> 18840 | Q15: =3*P15/O15 -> 41.3538 | S15: GRJ9 | T15: 510 | U15: Uña Crom 510 | V15: A15 | W15: Cpo Uña Crom. LK C/M | X15: =+AE15/AB15 -> 0 | AA15: 0.018013333 | AB15: 30 | AC15: =+SUMIFS(H:H,D:$D,T15) -> 0 | AD15: =+SUMIFS(O:O,D:D,T15) -> 1363.6364 | AE15: =+(AD15*AC15)*AA15 -> 0
B16: Jade | C16: GRJ15 | D16: 530-531-730-731-706-700 | F16: Pintura Azul Mate | H16: =+IF(G16="","",IF(G16-Q16>0,0,Q16-G16)) | I16: =+IFERROR(G16/K16,) -> 0 | K16: 20 | L16: =+K16*M16 -> 400 | M16: 20 | N16: 12.867568 | O16: =+SUMIFS('Consumo '!E:E,'Consumo '!A:A,'Garage Vacio 2026'!C16) -> 9224 | P16: =+N16*1.5 -> 19.301351 | Q16: =3*P16/O16 -> 0.0062775427 | S16: GRJ9 | T16: 510 | U16: Uña Crom 510 | V16: C10 | W16: Uñas Zinc. | X16: =+AE16/AB16 -> 0 | AA16: 0.00353 | AB16: 30 | AC16: =+SUMIFS(H:H,D:$D,T16) -> 0 | AD16: =+SUMIFS(O:O,D:D,T16) -> 1363.6364 | AE16: =+(AD16*AC16)*AA16 -> 0
B17: Carlos | I17: =+IFERROR(G17/K17,) -> 0 | S17: GJR10 | T17: 544 | U17: Batidor Pera | V17: LL9 | W17: Resorte Batidor Pera | X17: =+AE17/AB17 -> 0 | AA17: 0.0355 | AB17: 18 | AC17: =+SUMIFS(H:H,D:$D,T17) -> 0 | AD17: =+SUMIFS(O:O,D:D,T17) -> 160 | AE17: =+(AD17*AC17)*AA17 -> 0
B18: Carlos | I18: =+IFERROR(G18/K18,) -> 0 | S18: GJR10 | T18: 544 | U18: Batidor Pera | V18: LLF7B | W18: Arandela Batidor Pera | X18: =+AE18/AB18 -> 0 | AA18: 0.00159 | AB18: 32 | AC18: =+SUMIFS(H:H,D:$D,T18) -> 0 | AD18: =+SUMIFS(O:O,D:D,T18) -> 160 | AE18: =+(AD18*AC18)*AA18 -> 0
B19: Carlos | I19: =+IFERROR(G19/K19,) -> 0 | S19: GJR10 | T19: 544 | U19: Batidor Pera | V19: E4 | W19: Fleje Ø2 x 600 | X19: =+AE19/AB19 -> 0 | AA19: 0.046484375 | AB19: 14 | AC19: =+SUMIFS(H:H,D:$D,T19) -> 0 | AD19: =+SUMIFS(O:O,D:D,T19) -> 160 | AE19: =+(AD19*AC19)*AA19 -> 0
B20: Carlos | I20: =+IFERROR(G20/K20,) -> 0 | S20: GJR10 | T20: 544 | U20: Batidor Pera | V20: E5 | W20: Fleje Ø2 x 665 | X20: =+AE20/AB20 -> 0 | AA20: 0.015625 | AB20: 10 | AC20: =+SUMIFS(H:H,D:$D,T20) -> 0 | AD20: =+SUMIFS(O:O,D:D,T20) -> 160 | AE20: =+(AD20*AC20)*AA20 -> 0
B21: Carlos | I21: =+IFERROR(G21/K21,) -> 0 | S21: GRJ7/8 | T21: 506 | U21: Uña LK 506 | V21: A10 | W21: Cpo Uña LK C/M Pint. | X21: =+AE21/AB21 -> 0 | AA21: 0.01796 | AB21: 30 | AC21: =+SUMIFS(H:H,D:$D,T21)*3/4 -> 0 | AD21: =+SUMIFS(O:O,D:D,T21) -> 2733.4852 | AE21: =+(AD21*AC21)*AA21 -> 0
B22: Carlos | I22: =+IFERROR(G22/K22,) -> 0 | S22: GRJ7/8 | T22: 506 | U22: Uña LK 506 | V22: C10 | W22: Uñas Zinc. | X22: =+AE22/AB22 -> 0 | AA22: 0.00353 | AB22: 30 | AC22: =+SUMIFS(H:H,D:$D,T22)*3/4 -> 0 | AD22: =+SUMIFS(O:O,D:D,T22) -> 2733.4852 | AE22: =+(AD22*AC22)*AA22 -> 0
B23: Carlos | I23: =+IFERROR(G23/K23,) -> 0 | S23: GRJ15 | T23: 530-531-730-731-706-700 | U23: Pintura Azul Mate | X23: =+AE23/AB23 -> #DIV/0! | AC23: =+SUMIFS(H:H,D:$D,T23) -> 0 | AD23: =+SUMIFS(O:O,D:D,T23) -> 9224 | AE23: =+(AD23*AC23)*AA23 -> 0

Sheet Garage Vacio 20-03
D4: =+TODAY() -> 46101
I5: Informacion Cajones Garage | Q5: Cajones a Preparar | Y5: Informacion Partes
A6: Taller | B6: Sector | C6: Art | D6: Descripcion | E6: Stock Actual Cajon | F6: Pedido Cajon | G6: % Ocup | I6: Max Entra Caj | J6: Kg x Cajon | K6: Max Uni | L6: KG x Uni | M6: Uni x Cajon | N6: Est Madre Uni | O6: Stock Max Madre 3M | Q6: Sector Garage | R6: Cod | S6: Descripcion | T6: Sector Parte | U6: Descrip | V6: Cajon/ Paq a Enviar | Y6: Kg x Uni | Z6: Kg x Cajon | AA6: Cajones Pedido | AB6: Uni x Cajon | AC6: Kg a Enviar
A7: Martin | B7: GRJ 1 | C7: 500 | D7: Uña 500 LK | E7: 0 | F7: =+IF(E7="","",IF(E7-O7>0,0,O7-E7)) -> 5 | G7: =+IFERROR(E7/I7,) -> 0 | I7: 5 | J7: 30 | K7: =+I7*M7 -> 4552.352 | L7: 0.03295 | M7: =+J7/L7 -> 910.47041 | N7: =IFERROR(VLOOKUP(C7,'Estadistica Madre CH 23-01'!A:C,3,0),+VLOOKUP(C7,'Estadistica Madre LK 23-01 '!A:C,3,0)) -> 1440 | O7: 5 | Q7: GRJ 1 | R7: 500 | S7: Uña 500 LK | T7: C1 | U7: Abrelata Pie Uña Serig | V7: =+AC7/Z7 -> 4.4527061 | Y7: 0.029343333 | Z7: 30 | AA7: =+SUMIFS(F:F,C:$C,R7) -> 5 | AB7: =+SUMIFS(M:M,C:C,R7) -> 910.47041 | AC7: =+(AB7*AA7)*Y7 -> 133.58118
A8: Martin | B8: GRJ7/8 | C8: 506 | D8: Uña LK 506 | E8: 0 | F8: =+IF(E8="","",IF(E8-O8>0,0,O8-E8)) -> 36 | G8: =+IFERROR(E8/I8,) -> 0 | I8: 36 | J8: 30 | K8: =+I8*M8 -> 49202.733 | L8: 0.02195 | M8: =+J8/L8 -> 1366.7426 | N8: =IFERROR(VLOOKUP(C8,'Estadistica Madre CH 23-01'!A:C,3,0),+VLOOKUP(C8,'Estadistica Madre LK 23-01 '!A:C,3,0)) -> 18840 | O8: 36 | Q8: GRJ 1 | R8: 500 | S8: Uña 500 LK | T8: C10 | U8: Uñas Zinc. | V8: =+AC8/Z8 -> 0.53566009 | Y8: 0.00353 | Z8: 30 | AA8: =+SUMIFS(F:F,C:$C,R8) -> 5 | AB8: =+SUMIFS(M:M,C:C,R8) -> 910.47041 | AC8: =+(AB8*AA8)*Y8 -> 16.069803
A9: Martin | B9: GRJ 4 | C9: 654 | D9: Bomb Autolimp. 654 | E9: 0 | F9: =+IF(E9="","",IF(E9-O9>0,0,O9-E9)) -> 5 | G9: =+IFERROR(E9/I9,) -> 0 | I9: 5 | J9: 15 | K9: =+I9*M9 -> 3488.3721 | L9: 0.0215 | M9: =+J9/L9 -> 697.67442 | N9: =IFERROR(VLOOKUP(C9,'Estadistica Madre CH 23-01'!A:C,3,0),+VLOOKUP(C9,'Estadistica Madre LK 23-01 '!A:C,3,0)) -> 912 | O9: 5 | Q9: GRJ7/8 | R9: 506 | S9: Uña LK 506 | T9: A10 | U9: Cpo Uña LK C/M Pint. | V9: =+AC9/Z9 -> 29.456036 | Y9: 0.01796 | Z9: 30 | AA9: =+SUMIFS(F:F,C:$C,R9)*1/4 -> 18 | AB9: =+SUMIFS(M:M,C:C,R9) -> 2733.4852 | AC9: =+(AB9*AA9)*Y9 -> 883.68109
A10: Martin | B10: GRJ 5 | C10: 558 | D10: Bomb. Tradicional 558 | E10: 2 | F10: =+IF(E10="","",IF(E10-O10>0,0,O10-E10)) -> 8 | G10: =+IFERROR(E10/I10,) -> 0.2 | I10: 10 | J10: 1.8 | K10: =+I10*M10 -> 1161.2903 | L10: 0.0155 | M10: =+J10/L10 -> 116.12903 | N10: =IFERROR(VLOOKUP(C10,'Estadistica Madre CH 23-01'!A:C,3,0),+VLOOKUP(C10,'Estadistica Madre LK 23-01 '!A:C,3,0)) -> 2124 | O10: 10 | Q10: GRJ7/8 | R10: 506 | S10: Uña LK 506 | T10: C10 | U10: Uñas Zinc. | V10: =+AC10/Z10 -> 5.7895216 | Y10: 0.00353 | Z10: 30 | AA10: =+SUMIFS(F:F,C:$C,R10)*1/4 -> 18 | AB10: =+SUMIFS(M:M,C:C,R10) -> 2733.4852 | AC10: =+(AB10*AA10)*Y10 -> 173.68565
A11: Fabrica | B11: GRJ 6 | C11: 557 | D11: Bomb. Tradicional 557 | E11: 0 | F11: =+IF(E11="","",IF(E11-O11>0,0,O11-E11)) -> 8 | G11: =+IFERROR(E11/I11,) -> 0 | I11: 8 | J11: 1.8 | K11: =+I11*M11 -> 905.66038 | L11: 0.0159 | M11: =+J11/L11 -> 113.20755 | N11: =IFERROR(VLOOKUP(C11,'Estadistica Madre CH 23-01'!A:C,3,0),+VLOOKUP(C11,'Estadistica Madre LK 23-01 '!A:C,3,0)) -> 1400 | O11: 8 | Q11: GRJ 4 | R11: 654 | S11: Bomb Autolimp. 654 | V11: =+AC11/Z11 -> #DIV/0! | AA11: =+SUMIFS(F:F,C:$C,R11) -> 5 | AB11: =+SUMIFS(M:M,C:C,R11) -> 697.67442 | AC11: =+(AB11*AA11)*Y11 -> 0
A12: Cimarron | D12: Bomb. Pico de Loro | E12: 0 | F12: =+IF(E12="","",IF(E12-O12>0,0,O12-E12)) -> 0 | G12: =+IFERROR(E12/I12,) -> 0
A13: Fabrica | B13: GRJ9 | C13: 510 | D13: Uña Crom 510 | E13: 10 | F13: =+IF(E13="","",IF(E13-O13>0,0,O13-E13)) -> 0 | G13: =+IFERROR(E13/I13,) -> 1.25 | I13: 8 | J13: 30 | K13: =+I13*M13 -> 10909.091 | L13: 0.022 | M13: =+J13/L13 -> 1363.6364 | N13: =IFERROR(VLOOKUP(C13,'Estadistica Madre CH 23-01'!A:C,3,0),+VLOOKUP(C13,'Estadistica Madre LK 23-01 '!A:C,3,0)) -> 6456 | O13: 8 | Q13: GRJ 5 | R13: 558 | S13: Bomb. Tradicional 558 | V13: =+AC13/Z13 -> 8 | Y13: 0.0155 | Z13: 1.8 | AA13: =+SUMIFS(F:F,C:$C,R13) -> 8 | AB13: =+SUMIFS(M:M,C:C,R13) -> 116.12903 | AC13: =+(AB13*AA13)*Y13 -> 14.4
A14: Fabrica | B14: GJR10 | C14: 544 | D14: Batidor Pera | E14: 31 | F14: =+IF(E14="","",IF(E14-O14>0,0,O14-E14)) -> 23 | G14: =+IFERROR(E14/I14,) -> 0.57407407 | I14: 54 | J14: 15.68 | K14: =+I14*M14 -> 8640 | L14: 0.098 | M14: =+J14/L14 -> 160 | N14: =IFERROR(VLOOKUP(C14,'Estadistica Madre CH 23-01'!A:C,3,0),+VLOOKUP(C14,'Estadistica Madre LK 23-01 '!A:C,3,0)) -> 7464 | O14: 54 | Q14: GRJ 6 | R14: 557 | S14: Bomb. Tradicional 557 | T14: GRJ 6 | V14: =+AC14/Z14 -> 8 | Y14: 0.0159 | Z14: 1.8 | AA14: =+SUMIFS(F:F,C:$C,R14) -> 8 | AB14: =+SUMIFS(M:M,C:C,R14) -> 113.20755 | AC14: =+(AB14*AA14)*Y14 -> 14.4
A15: Carlos | B15: GRJ7/8 | C15: 506 | D15: Uña LK 506 | E15: 0 | F15: =+IF(E15="","",IF(E15-O15>0,0,O15-E15)) -> 36 | G15: =+IFERROR(E15/I15,) -> 0 | I15: 36 | J15: 30 | K15: =+I15*M15 -> 49202.733 | L15: 0.02195 | M15: =+J15/L15 -> 1366.7426 | N15: =IFERROR(VLOOKUP(C15,'Estadistica Madre CH 23-01'!A:C,3,0),+VLOOKUP(C15,'Estadistica Madre LK 23-01 '!A:C,3,0)) -> 18840 | O15: 36 | Q15: GRJ9 | R15: 510 | S15: Uña Crom 510 | T15: A15 | U15: Cpo Uña Crom. LK C/M | V15: =+AC15/Z15 -> 0 | Y15: 0.018013333 | Z15: 30 | AA15: =+SUMIFS(F:F,C:$C,R15) -> 0 | AB15: =+SUMIFS(M:M,C:C,R15) -> 1363.6364 | AC15: =+(AB15*AA15)*Y15 -> 0
A16: Carlos | B16: GRJ15 | C16: 530-531-730-731-706-700 | D16: Pintura Azul Mate | E16: 3 | F16: =+IF(E16="","",IF(E16-O16>0,0,O16-E16)) -> 17 | G16: =+IFERROR(E16/I16,) -> 0.15 | I16: 20 | J16: =+I16*K16 -> 400 | K16: 20 | L16: 12.867568 | M16: =+SUMIFS('Consumo '!E:E,'Consumo '!A:A,'Garage Vacio 20-03'!B16) -> 9224 | N16: =+L16*1.5 -> 19.301351 | O16: 20 | Q16: GRJ9 | R16: 510 | S16: Uña Crom 510 | T16: C10 | U16: Uñas Zinc. | V16: =+AC16/Z16 -> 0 | Y16: 0.00353 | Z16: 30 | AA16: =+SUMIFS(F:F,C:$C,R16) -> 0 | AB16: =+SUMIFS(M:M,C:C,R16) -> 1363.6364 | AC16: =+(AB16*AA16)*Y16 -> 0
A17: Carlos | Q17: GJR10 | R17: 544 | S17: Batidor Pera | T17: LL9 | U17: Resorte Batidor Pera | V17: =+AC17/Z17 -> 7.2577778 | Y17: 0.0355 | Z17: 18 | AA17: =+SUMIFS(F:F,C:$C,R17) -> 23 | AB17: =+SUMIFS(M:M,C:C,R17) -> 160 | AC17: =+(AB17*AA17)*Y17 -> 130.64
A18: Carlos | Q18: GJR10 | R18: 544 | S18: Batidor Pera | T18: LLF7B | U18: Arandela Batidor Pera | V18: =+AC18/Z18 -> 0.18285 | Y18: 0.00159 | Z18: 32 | AA18: =+SUMIFS(F:F,C:$C,R18) -> 23 | AB18: =+SUMIFS(M:M,C:C,R18) -> 160 | AC18: =+(AB18*AA18)*Y18 -> 5.8512
A19: Carlos | Q19: GJR10 | R19: 544 | S19: Batidor Pera | T19: E4 | U19: Fleje Ø2 x 600 | V19: =+AC19/Z19 -> 12.21875 | Y19: 0.046484375 | Z19: 14 | AA19: =+SUMIFS(F:F,C:$C,R19) -> 23 | AB19: =+SUMIFS(M:M,C:C,R19) -> 160 | AC19: =+(AB19*AA19)*Y19 -> 171.0625
A20: Carlos | Q20: GJR10 | R20: 544 | S20: Batidor Pera | T20: E5 | U20: Fleje Ø2 x 665 | V20: =+AC20/Z20 -> 5.75 | Y20: 0.015625 | Z20: 10 | AA20: =+SUMIFS(F:F,C:$C,R20) -> 23 | AB20: =+SUMIFS(M:M,C:C,R20) -> 160 | AC20: =+(AB20*AA20)*Y20 -> 57.5
A21: Carlos | Q21: GRJ7/8 | R21: 506 | S21: Uña LK 506 | T21: A10 | U21: Cpo Uña LK C/M Pint. | V21: =+AC21/Z21 -> 88.368109 | Y21: 0.01796 | Z21: 30 | AA21: =+SUMIFS(F:F,C:$C,R21)*3/4 -> 54 | AB21: =+SUMIFS(M:M,C:C,R21) -> 2733.4852 | AC21: =+(AB21*AA21)*Y21 -> 2651.0433
A22: Carlos | Q22: GRJ7/8 | R22: 506 | S22: Uña LK 506 | T22: C10 | U22: Uñas Zinc. | V22: =+AC22/Z22 -> 17.368565 | Y22: 0.00353 | Z22: 30 | AA22: =+SUMIFS(F:F,C:$C,R22)*3/4 -> 54 | AB22: =+SUMIFS(M:M,C:C,R22) -> 2733.4852 | AC22: =+(AB22*AA22)*Y22 -> 521.05695
A23: Jade | Q23: GRJ15 | R23: 530-531-730-731-706-700 | S23: Pintura Azul Mate | V23: =+AC23/Z23 -> #DIV/0! | AA23: =+SUMIFS(F:F,C:$C,R23) -> 17 | AB23: =+SUMIFS(M:M,C:C,R23) -> 9224 | AC23: =+(AB23*AA23)*Y23 -> 0

Sheet Garage Vacio 13-03
D4: =+TODAY() -> 46101
I5: Informacion Cajones Garage | Q5: Cajones a Preparar | Y5: Informacion Partes
A6: Taller | B6: Sector | C6: Art | D6: Descripcion | E6: Stock Actual Cajon | F6: Pedido Cajon | G6: % Ocup | I6: Max Entra Caj | J6: Kg x Cajon | K6: Max Uni | L6: KG x Uni | M6: Uni x Cajon | N6: Est Madre Uni | O6: Stock Max Madre 3M | Q6: Sector Garage | R6: Cod | S6: Descripcion | T6: Sector Parte | U6: Descrip | V6: Cajon/ Paq a Enviar | Y6: Kg x Uni | Z6: Kg x Cajon | AA6: Cajones Pedido | AB6: Uni x Cajon | AC6: Kg a Enviar
A7: Martin | B7: GRJ 1 | C7: 500 | D7: Uña 500 LK | E7: 0 | F7: =+IF(E7="","",IF(E7-O7>0,0,O7-E7)) -> 4.7448 | G7: =+IFERROR(E7/I7,) -> 0 | I7: 5 | J7: 30 | K7: =+I7*M7 -> 4552.352 | L7: 0.03295 | M7: =+J7/L7 -> 910.47041 | N7: =IFERROR(VLOOKUP(C7,'Estadistica Madre CH 23-01'!A:C,3,0),+VLOOKUP(C7,'Estadistica Madre LK 23-01 '!A:C,3,0)) -> 1440 | O7: =3*N7/M7 -> 4.7448 | Q7: GRJ 1 | R7: 500 | S7: Uña 500 LK | T7: C1 | U7: Abrelata Pie Uña Serig | V7: =+AC7/Z7 -> 4.22544 | Y7: 0.029343333 | Z7: 30 | AA7: =+SUMIFS(F:F,C:$C,R7) -> 4.7448 | AB7: =+SUMIFS(M:M,C:C,R7) -> 910.47041 | AC7: =+(AB7*AA7)*Y7 -> 126.7632
A8: Martin | B8: GRJ7/8 | C8: 506 | D8: Uña LK 506 | E8: 12 | F8: =+IF(E8="","",IF(E8-O8>0,0,O8-E8)) -> 29.3538 | G8: =+IFERROR(E8/I8,) -> 0.33333333 | I8: 36 | J8: 30 | K8: =+I8*M8 -> 49202.733 | L8: 0.02195 | M8: =+J8/L8 -> 1366.7426 | N8: =IFERROR(VLOOKUP(C8,'Estadistica Madre CH 23-01'!A:C,3,0),+VLOOKUP(C8,'Estadistica Madre LK 23-01 '!A:C,3,0)) -> 18840 | O8: =3*N8/M8 -> 41.3538 | Q8: GRJ 1 | R8: 500 | S8: Uña 500 LK | T8: C10 | U8: Uñas Zinc. | V8: =+AC8/Z8 -> 0.50832 | Y8: 0.00353 | Z8: 30 | AA8: =+SUMIFS(F:F,C:$C,R8) -> 4.7448 | AB8: =+SUMIFS(M:M,C:C,R8) -> 910.47041 | AC8: =+(AB8*AA8)*Y8 -> 15.2496
A9: Martin | B9: GRJ 4 | C9: 654 | D9: Bomb Autolimp. 654 | E9: 0 | F9: =+IF(E9="","",IF(E9-O9>0,0,O9-E9)) -> 3.9216 | G9: =+IFERROR(E9/I9,) -> 0 | I9: 5 | J9: 15 | K9: =+I9*M9 -> 3488.3721 | L9: 0.0215 | M9: =+J9/L9 -> 697.67442 | N9: =IFERROR(VLOOKUP(C9,'Estadistica Madre CH 23-01'!A:C,3,0),+VLOOKUP(C9,'Estadistica Madre LK 23-01 '!A:C,3,0)) -> 912 | O9: =3*N9/M9 -> 3.9216 | Q9: GRJ7/8 | R9: 506 | S9: Uña LK 506 | T9: A10 | U9: Cpo Uña LK C/M Pint. | V9: =+AC9/Z9 -> 24.017961 | Y9: 0.01796 | Z9: 30 | AA9: =+SUMIFS(F:F,C:$C,R9)*1/4 -> 14.6769 | AB9: =+SUMIFS(M:M,C:C,R9) -> 2733.4852 | AC9: =+(AB9*AA9)*Y9 -> 720.53884
A10: Martin | B10: GRJ 5 | C10: 558 | D10: Bomb. Tradicional 558 | E10: 0 | F10: =+IF(E10="","",IF(E10-O10>0,0,O10-E10)) -> 54.87 | G10: =+IFERROR(E10/I10,) -> 0 | I10: 10 | J10: 1.8 | K10: =+I10*M10 -> 1161.2903 | L10: 0.0155 | M10: =+J10/L10 -> 116.12903 | N10: =IFERROR(VLOOKUP(C10,'Estadistica Madre CH 23-01'!A:C,3,0),+VLOOKUP(C10,'Estadistica Madre LK 23-01 '!A:C,3,0)) -> 2124 | O10: =3*N10/M10 -> 54.87 | Q10: GRJ7/8 | R10: 506 | S10: Uña LK 506 | T10: C10 | U10: Uñas Zinc. | V10: =+AC10/Z10 -> 4.7206795 | Y10: 0.00353 | Z10: 30 | AA10: =+SUMIFS(F:F,C:$C,R10)*1/4 -> 14.6769 | AB10: =+SUMIFS(M:M,C:C,R10) -> 2733.4852 | AC10: =+(AB10*AA10)*Y10 -> 141.62038
A11: Fabrica | B11: GRJ 6 | C11: 557 | D11: Bomb. Tradicional 557 | E11: 2 | F11: =+IF(E11="","",IF(E11-O11>0,0,O11-E11)) -> 35.1 | G11: =+IFERROR(E11/I11,) -> 0.25 | I11: 8 | J11: 1.8 | K11: =+I11*M11 -> 905.66038 | L11: 0.0159 | M11: =+J11/L11 -> 113.20755 | N11: =IFERROR(VLOOKUP(C11,'Estadistica Madre CH 23-01'!A:C,3,0),+VLOOKUP(C11,'Estadistica Madre LK 23-01 '!A:C,3,0)) -> 1400 | O11: =3*N11/M11 -> 37.1 | Q11: GRJ 4 | R11: 654 | S11: Bomb Autolimp. 654 | V11: =+AC11/Z11 -> #DIV/0! | AA11: =+SUMIFS(F:F,C:$C,R11) -> 3.9216 | AB11: =+SUMIFS(M:M,C:C,R11) -> 697.67442 | AC11: =+(AB11*AA11)*Y11 -> 0
A12: Cimarron | D12: Bomb. Pico de Loro | E12: 0 | F12: =+IF(E12="","",IF(E12-O12>0,0,O12-E12)) -> 0 | G12: =+IFERROR(E12/I12,) -> 0
A13: Fabrica | B13: GRJ9 | C13: 510 | D13: Uña Crom 510 | E13: 10 | F13: =+IF(E13="","",IF(E13-O13>0,0,O13-E13)) -> 4.2032 | G13: =+IFERROR(E13/I13,) -> 1.25 | I13: 8 | J13: 30 | K13: =+I13*M13 -> 10909.091 | L13: 0.022 | M13: =+J13/L13 -> 1363.6364 | N13: =IFERROR(VLOOKUP(C13,'Estadistica Madre CH 23-01'!A:C,3,0),+VLOOKUP(C13,'Estadistica Madre LK 23-01 '!A:C,3,0)) -> 6456 | O13: =3*N13/M13 -> 14.2032 | Q13: GRJ 5 | R13: 558 | S13: Bomb. Tradicional 558 | V13: =+AC13/Z13 -> 54.87 | Y13: 0.0155 | Z13: 1.8 | AA13: =+SUMIFS(F:F,C:$C,R13) -> 54.87 | AB13: =+SUMIFS(M:M,C:C,R13) -> 116.12903 | AC13: =+(AB13*AA13)*Y13 -> 98.766
A14: Fabrica | B14: GJR10 | C14: 544 | D14: Batidor Pera | E14: 31 | F14: =+IF(E14="","",IF(E14-O14>0,0,O14-E14)) -> 62.3 | G14: =+IFERROR(E14/I14,) -> 0.57407407 | I14: 54 | J14: 15.68 | K14: =+I14*M14 -> 8640 | L14: 0.098 | M14: =+J14/L14 -> 160 | N14: =IFERROR(VLOOKUP(C14,'Estadistica Madre CH 23-01'!A:C,3,0),+VLOOKUP(C14,'Estadistica Madre LK 23-01 '!A:C,3,0)) -> 7464 | O14: =2*N14/M14 -> 93.3 | Q14: GRJ 6 | R14: 557 | S14: Bomb. Tradicional 557 | T14: GRJ 6 | V14: =+AC14/Z14 -> 35.1 | Y14: 0.0159 | Z14: 1.8 | AA14: =+SUMIFS(F:F,C:$C,R14) -> 35.1 | AB14: =+SUMIFS(M:M,C:C,R14) -> 113.20755 | AC14: =+(AB14*AA14)*Y14 -> 63.18
A15: Carlos | B15: GRJ7/8 | C15: 506 | D15: Uña LK 506 | E15: 12 | F15: =+IF(E15="","",IF(E15-O15>0,0,O15-E15)) -> 29.3538 | G15: =+IFERROR(E15/I15,) -> 0.33333333 | I15: 36 | J15: 30 | K15: =+I15*M15 -> 49202.733 | L15: 0.02195 | M15: =+J15/L15 -> 1366.7426 | N15: =IFERROR(VLOOKUP(C15,'Estadistica Madre CH 23-01'!A:C,3,0),+VLOOKUP(C15,'Estadistica Madre LK 23-01 '!A:C,3,0)) -> 18840 | O15: =3*N15/M15 -> 41.3538 | Q15: GRJ9 | R15: 510 | S15: Uña Crom 510 | T15: A15 | U15: Cpo Uña Crom. LK C/M | V15: =+AC15/Z15 -> 3.4415292 | Y15: 0.018013333 | Z15: 30 | AA15: =+SUMIFS(F:F,C:$C,R15) -> 4.2032 | AB15: =+SUMIFS(M:M,C:C,R15) -> 1363.6364 | AC15: =+(AB15*AA15)*Y15 -> 103.24588
A16: Carlos | B16: GRJ15 | C16: 530-531-730-731-706-700 | D16: Pintura Azul Mate | E16: 3 | F16: =+IF(E16="","",IF(E16-O16>0,0,O16-E16)) -> 0 | G16: =+IFERROR(E16/I16,) -> 0.15 | I16: 20 | J16: =+I16*K16 -> 400 | K16: 20 | L16: 12.867568 | M16: =+SUMIFS('Consumo '!E:E,'Consumo '!A:A,'Garage Vacio 13-03'!B16) -> 9224 | N16: =+L16*1.5 -> 19.301351 | O16: =3*N16/M16 -> 0.0062775427 | Q16: GRJ9 | R16: 510 | S16: Uña Crom 510 | T16: C10 | U16: Uñas Zinc. | V16: =+AC16/Z16 -> 0.67442255 | Y16: 0.00353 | Z16: 30 | AA16: =+SUMIFS(F:F,C:$C,R16) -> 4.2032 | AB16: =+SUMIFS(M:M,C:C,R16) -> 1363.6364 | AC16: =+(AB16*AA16)*Y16 -> 20.232676
A17: Carlos | Q17: GJR10 | R17: 544 | S17: Batidor Pera | T17: LL9 | U17: Resorte Batidor Pera | V17: =+AC17/Z17 -> 19.659111 | Y17: 0.0355 | Z17: 18 | AA17: =+SUMIFS(F:F,C:$C,R17) -> 62.3 | AB17: =+SUMIFS(M:M,C:C,R17) -> 160 | AC17: =+(AB17*AA17)*Y17 -> 353.864
A18: Carlos | Q18: GJR10 | R18: 544 | S18: Batidor Pera | T18: LLF7B | U18: Arandela Batidor Pera | V18: =+AC18/Z18 -> 0.495285 | Y18: 0.00159 | Z18: 32 | AA18: =+SUMIFS(F:F,C:$C,R18) -> 62.3 | AB18: =+SUMIFS(M:M,C:C,R18) -> 160 | AC18: =+(AB18*AA18)*Y18 -> 15.84912
A19: Carlos | Q19: GJR10 | R19: 544 | S19: Batidor Pera | T19: E4 | U19: Fleje Ø2 x 600 | V19: =+AC19/Z19 -> 33.096875 | Y19: 0.046484375 | Z19: 14 | AA19: =+SUMIFS(F:F,C:$C,R19) -> 62.3 | AB19: =+SUMIFS(M:M,C:C,R19) -> 160 | AC19: =+(AB19*AA19)*Y19 -> 463.35625
A20: Carlos | Q20: GJR10 | R20: 544 | S20: Batidor Pera | T20: E5 | U20: Fleje Ø2 x 665 | V20: =+AC20/Z20 -> 15.575 | Y20: 0.015625 | Z20: 10 | AA20: =+SUMIFS(F:F,C:$C,R20) -> 62.3 | AB20: =+SUMIFS(M:M,C:C,R20) -> 160 | AC20: =+(AB20*AA20)*Y20 -> 155.75
A21: Carlos | Q21: GRJ7/8 | R21: 506 | S21: Uña LK 506 | T21: A10 | U21: Cpo Uña LK C/M Pint. | V21: =+AC21/Z21 -> 72.053884 | Y21: 0.01796 | Z21: 30 | AA21: =+SUMIFS(F:F,C:$C,R21)*3/4 -> 44.0307 | AB21: =+SUMIFS(M:M,C:C,R21) -> 2733.4852 | AC21: =+(AB21*AA21)*Y21 -> 2161.6165
A22: Carlos | Q22: GRJ7/8 | R22: 506 | S22: Uña LK 506 | T22: C10 | U22: Uñas Zinc. | V22: =+AC22/Z22 -> 14.162038 | Y22: 0.00353 | Z22: 30 | AA22: =+SUMIFS(F:F,C:$C,R22)*3/4 -> 44.0307 | AB22: =+SUMIFS(M:M,C:C,R22) -> 2733.4852 | AC22: =+(AB22*AA22)*Y22 -> 424.86115
A23: Jade | Q23: GRJ15 | R23: 530-531-730-731-706-700 | S23: Pintura Azul Mate | V23: =+AC23/Z23 -> #DIV/0! | AA23: =+SUMIFS(F:F,C:$C,R23) -> 0 | AB23: =+SUMIFS(M:M,C:C,R23) -> 9224 | AC23: =+(AB23*AA23)*Y23 -> 0

Sheet Garage Vacio 06-03
D4: =+TODAY() -> 46101
I5: Informacion Cajones Garage | Q5: Cajones a Preparar | Y5: Informacion Partes
A6: Taller | B6: Sector | C6: Art | D6: Descripcion | E6: Stock Actual Cajon | F6: Pedido Cajon | G6: % Ocup | I6: Max Entra Caj | J6: Kg x Cajon | K6: Max Uni | L6: KG x Uni | M6: Uni x Cajon | N6: Est Madre Uni | O6: Stock Max Madre 3M | Q6: Sector Garage | R6: Cod | S6: Descripcion | T6: Sector Parte | U6: Descrip | V6: Cajon/ Paq a Enviar | Y6: Kg x Uni | Z6: Kg x Cajon | AA6: Cajones Pedido | AB6: Uni x Cajon | AC6: Kg a Enviar
A7: Martin | B7: GRJ 1 | C7: 500 | D7: Uña 500 LK | E7: 2 | F7: =+IF(E7="","",IF(E7-O7>0,0,O7-E7)) -> 2.7448 | G7: =+IFERROR(E7/I7,) -> 0.4 | I7: 5 | J7: 30 | K7: =+I7*M7 -> 4552.352 | L7: 0.03295 | M7: =+J7/L7 -> 910.47041 | N7: =IFERROR(VLOOKUP(C7,'Estadistica Madre CH 23-01'!A:C,3,0),+VLOOKUP(C7,'Estadistica Madre LK 23-01 '!A:C,3,0)) -> 1440 | O7: =3*N7/M7 -> 4.7448 | Q7: GRJ 1 | R7: 500 | S7: Uña 500 LK | T7: C1 | U7: Abrelata Pie Uña Serig | V7: =+AC7/Z7 -> 2.4443576 | Y7: 0.029343333 | Z7: 30 | AA7: =+SUMIFS(F:F,C:$C,R7) -> 2.7448 | AB7: =+SUMIFS(M:M,C:C,R7) -> 910.47041 | AC7: =+(AB7*AA7)*Y7 -> 73.330727
A8: Martin | B8: GRJ7/8 | C8: 506 | D8: Uña LK 506 | E8: 12 | F8: =+IF(E8="","",IF(E8-O8>0,0,O8-E8)) -> 29.3538 | G8: =+IFERROR(E8/I8,) -> 0.33333333 | I8: 36 | J8: 30 | K8: =+I8*M8 -> 49202.733 | L8: 0.02195 | M8: =+J8/L8 -> 1366.7426 | N8: =IFERROR(VLOOKUP(C8,'Estadistica Madre CH 23-01'!A:C,3,0),+VLOOKUP(C8,'Estadistica Madre LK 23-01 '!A:C,3,0)) -> 18840 | O8: =3*N8/M8 -> 41.3538 | Q8: GRJ 1 | R8: 500 | S8: Uña 500 LK | T8: C10 | U8: Uñas Zinc. | V8: =+AC8/Z8 -> 0.29405596 | Y8: 0.00353 | Z8: 30 | AA8: =+SUMIFS(F:F,C:$C,R8) -> 2.7448 | AB8: =+SUMIFS(M:M,C:C,R8) -> 910.47041 | AC8: =+(AB8*AA8)*Y8 -> 8.8216789
A9: Martin | B9: GRJ 4 | C9: 654 | D9: Bomb Autolimp. 654 | E9: 0 | F9: =+IF(E9="","",IF(E9-O9>0,0,O9-E9)) -> 3.9216 | G9: =+IFERROR(E9/I9,) -> 0 | I9: 5 | J9: 15 | K9: =+I9*M9 -> 3488.3721 | L9: 0.0215 | M9: =+J9/L9 -> 697.67442 | N9: =IFERROR(VLOOKUP(C9,'Estadistica Madre CH 23-01'!A:C,3,0),+VLOOKUP(C9,'Estadistica Madre LK 23-01 '!A:C,3,0)) -> 912 | O9: =3*N9/M9 -> 3.9216 | Q9: GRJ7/8 | R9: 506 | S9: Uña LK 506 | T9: A10 | U9: Cpo Uña LK C/M Pint. | V9: =+AC9/Z9 -> 24.017961 | Y9: 0.01796 | Z9: 30 | AA9: =+SUMIFS(F:F,C:$C,R9)*1/4 -> 14.6769 | AB9: =+SUMIFS(M:M,C:C,R9) -> 2733.4852 | AC9: =+(AB9*AA9)*Y9 -> 720.53884
A10: Martin | B10: GRJ 5 | C10: 558 | D10: Bomb. Tradicional 558 | E10: 0 | F10: =+IF(E10="","",IF(E10-O10>0,0,O10-E10)) -> 54.87 | G10: =+IFERROR(E10/I10,) -> 0 | I10: 10 | J10: 1.8 | K10: =+I10*M10 -> 1161.2903 | L10: 0.0155 | M10: =+J10/L10 -> 116.12903 | N10: =IFERROR(VLOOKUP(C10,'Estadistica Madre CH 23-01'!A:C,3,0),+VLOOKUP(C10,'Estadistica Madre LK 23-01 '!A:C,3,0)) -> 2124 | O10: =3*N10/M10 -> 54.87 | Q10: GRJ7/8 | R10: 506 | S10: Uña LK 506 | T10: C10 | U10: Uñas Zinc. | V10: =+AC10/Z10 -> 4.7206795 | Y10: 0.00353 | Z10: 30 | AA10: =+SUMIFS(F:F,C:$C,R10)*1/4 -> 14.6769 | AB10: =+SUMIFS(M:M,C:C,R10) -> 2733.4852 | AC10: =+(AB10*AA10)*Y10 -> 141.62038
A11: Fabrica | B11: GRJ 6 | C11: 557 | D11: Bomb. Tradicional 557 | E11: 0 | F11: =+IF(E11="","",IF(E11-O11>0,0,O11-E11)) -> 37.1 | G11: =+IFERROR(E11/I11,) -> 0 | I11: 8 | J11: 1.8 | K11: =+I11*M11 -> 905.66038 | L11: 0.0159 | M11: =+J11/L11 -> 113.20755 | N11: =IFERROR(VLOOKUP(C11,'Estadistica Madre CH 23-01'!A:C,3,0),+VLOOKUP(C11,'Estadistica Madre LK 23-01 '!A:C,3,0)) -> 1400 | O11: =3*N11/M11 -> 37.1 | Q11: GRJ 4 | R11: 654 | S11: Bomb Autolimp. 654 | V11: =+AC11/Z11 -> #DIV/0! | AA11: =+SUMIFS(F:F,C:$C,R11) -> 3.9216 | AB11: =+SUMIFS(M:M,C:C,R11) -> 697.67442 | AC11: =+(AB11*AA11)*Y11 -> 0
A12: Cimarron | D12: Bomb. Pico de Loro | E12: 0 | F12: =+IF(E12="","",IF(E12-O12>0,0,O12-E12)) -> 0 | G12: =+IFERROR(E12/I12,) -> 0
A13: Fabrica | B13: GRJ9 | C13: 510 | D13: Uña Crom 510 | E13: 10 | F13: =+IF(E13="","",IF(E13-O13>0,0,O13-E13)) -> 4.2032 | G13: =+IFERROR(E13/I13,) -> 1.25 | I13: 8 | J13: 30 | K13: =+I13*M13 -> 10909.091 | L13: 0.022 | M13: =+J13/L13 -> 1363.6364 | N13: =IFERROR(VLOOKUP(C13,'Estadistica Madre CH 23-01'!A:C,3,0),+VLOOKUP(C13,'Estadistica Madre LK 23-01 '!A:C,3,0)) -> 6456 | O13: =3*N13/M13 -> 14.2032 | Q13: GRJ 5 | R13: 558 | S13: Bomb. Tradicional 558 | V13: =+AC13/Z13 -> 54.87 | Y13: 0.0155 | Z13: 1.8 | AA13: =+SUMIFS(F:F,C:$C,R13) -> 54.87 | AB13: =+SUMIFS(M:M,C:C,R13) -> 116.12903 | AC13: =+(AB13*AA13)*Y13 -> 98.766
A14: Fabrica | B14: GJR10 | C14: 544 | D14: Batidor Pera | E14: 30 | F14: =+IF(E14="","",IF(E14-O14>0,0,O14-E14)) -> 63.3 | G14: =+IFERROR(E14/I14,) -> 0.55555556 | I14: 54 | J14: 15.68 | K14: =+I14*M14 -> 8640 | L14: 0.098 | M14: =+J14/L14 -> 160 | N14: =IFERROR(VLOOKUP(C14,'Estadistica Madre CH 23-01'!A:C,3,0),+VLOOKUP(C14,'Estadistica Madre LK 23-01 '!A:C,3,0)) -> 7464 | O14: =2*N14/M14 -> 93.3 | Q14: GRJ 6 | R14: 557 | S14: Bomb. Tradicional 557 | T14: GRJ 6 | V14: =+AC14/Z14 -> 37.1 | Y14: 0.0159 | Z14: 1.8 | AA14: =+SUMIFS(F:F,C:$C,R14) -> 37.1 | AB14: =+SUMIFS(M:M,C:C,R14) -> 113.20755 | AC14: =+(AB14*AA14)*Y14 -> 66.78
A15: Carlos | B15: GRJ7/8 | C15: 506 | D15: Uña LK 506 | E15: 12 | F15: =+IF(E15="","",IF(E15-O15>0,0,O15-E15)) -> 29.3538 | G15: =+IFERROR(E15/I15,) -> 0.33333333 | I15: 36 | J15: 30 | K15: =+I15*M15 -> 49202.733 | L15: 0.02195 | M15: =+J15/L15 -> 1366.7426 | N15: =IFERROR(VLOOKUP(C15,'Estadistica Madre CH 23-01'!A:C,3,0),+VLOOKUP(C15,'Estadistica Madre LK 23-01 '!A:C,3,0)) -> 18840 | O15: =3*N15/M15 -> 41.3538 | Q15: GRJ9 | R15: 510 | S15: Uña Crom 510 | T15: A15 | U15: Cpo Uña Crom. LK C/M | V15: =+AC15/Z15 -> 3.4415292 | Y15: 0.018013333 | Z15: 30 | AA15: =+SUMIFS(F:F,C:$C,R15) -> 4.2032 | AB15: =+SUMIFS(M:M,C:C,R15) -> 1363.6364 | AC15: =+(AB15*AA15)*Y15 -> 103.24588
A16: Carlos | B16: GRJ15 | C16: 530-531-730-731-706-700 | D16: Pintura Azul Mate | E16: 3 | F16: =+IF(E16="","",IF(E16-O16>0,0,O16-E16)) -> 0 | G16: =+IFERROR(E16/I16,) -> 0.15 | I16: 20 | J16: =+I16*K16 -> 400 | K16: 20 | L16: 12.867568 | M16: =+SUMIFS('Consumo '!E:E,'Consumo '!A:A,'Garage Vacio 06-03'!B16) -> 9224 | N16: =+L16*1.5 -> 19.301351 | O16: =3*N16/M16 -> 0.0062775427 | Q16: GRJ9 | R16: 510 | S16: Uña Crom 510 | T16: C10 | U16: Uñas Zinc. | V16: =+AC16/Z16 -> 0.67442255 | Y16: 0.00353 | Z16: 30 | AA16: =+SUMIFS(F:F,C:$C,R16) -> 4.2032 | AB16: =+SUMIFS(M:M,C:C,R16) -> 1363.6364 | AC16: =+(AB16*AA16)*Y16 -> 20.232676
A17: Carlos | Q17: GJR10 | R17: 544 | S17: Batidor Pera | T17: LL9 | U17: Resorte Batidor Pera | V17: =+AC17/Z17 -> 19.974667 | Y17: 0.0355 | Z17: 18 | AA17: =+SUMIFS(F:F,C:$C,R17) -> 63.3 | AB17: =+SUMIFS(M:M,C:C,R17) -> 160 | AC17: =+(AB17*AA17)*Y17 -> 359.544
A18: Carlos | Q18: GJR10 | R18: 544 | S18: Batidor Pera | T18: LLF7B | U18: Arandela Batidor Pera | V18: =+AC18/Z18 -> 0.503235 | Y18: 0.00159 | Z18: 32 | AA18: =+SUMIFS(F:F,C:$C,R18) -> 63.3 | AB18: =+SUMIFS(M:M,C:C,R18) -> 160 | AC18: =+(AB18*AA18)*Y18 -> 16.10352
A19: Carlos | Q19: GJR10 | R19: 544 | S19: Batidor Pera | T19: E4 | U19: Fleje Ø2 x 600 | V19: =+AC19/Z19 -> 33.628125 | Y19: 0.046484375 | Z19: 14 | AA19: =+SUMIFS(F:F,C:$C,R19) -> 63.3 | AB19: =+SUMIFS(M:M,C:C,R19) -> 160 | AC19: =+(AB19*AA19)*Y19 -> 470.79375
A20: Carlos | Q20: GJR10 | R20: 544 | S20: Batidor Pera | T20: E5 | U20: Fleje Ø2 x 665 | V20: =+AC20/Z20 -> 15.825 | Y20: 0.015625 | Z20: 10 | AA20: =+SUMIFS(F:F,C:$C,R20) -> 63.3 | AB20: =+SUMIFS(M:M,C:C,R20) -> 160 | AC20: =+(AB20*AA20)*Y20 -> 158.25
A21: Carlos | Q21: GRJ7/8 | R21: 506 | S21: Uña LK 506 | T21: A10 | U21: Cpo Uña LK C/M Pint. | V21: =+AC21/Z21 -> 72.053884 | Y21: 0.01796 | Z21: 30 | AA21: =+SUMIFS(F:F,C:$C,R21)*3/4 -> 44.0307 | AB21: =+SUMIFS(M:M,C:C,R21) -> 2733.4852 | AC21: =+(AB21*AA21)*Y21 -> 2161.6165
A22: Carlos | Q22: GRJ7/8 | R22: 506 | S22: Uña LK 506 | T22: C10 | U22: Uñas Zinc. | V22: =+AC22/Z22 -> 14.162038 | Y22: 0.00353 | Z22: 30 | AA22: =+SUMIFS(F:F,C:$C,R22)*3/4 -> 44.0307 | AB22: =+SUMIFS(M:M,C:C,R22) -> 2733.4852 | AC22: =+(AB22*AA22)*Y22 -> 424.86115
A23: Jade | Q23: GRJ15 | R23: 530-531-730-731-706-700 | S23: Pintura Azul Mate | V23: =+AC23/Z23 -> #DIV/0! | AA23: =+SUMIFS(F:F,C:$C,R23) -> 0 | AB23: =+SUMIFS(M:M,C:C,R23) -> 9224 | AC23: =+(AB23*AA23)*Y23 -> 0

Sheet Garage Vacio 27-02
C4: =+TODAY() -> 46101
H5: Informacion Cajones Garage | P5: Cajones a Preparar | Y5: Informacion Partes
A6: Sector | B6: Art | C6: Descripcion | D6: Stock Actual Cajon | E6: Pedido Cajon | F6: % Ocup | H6: Max Entra Caj | I6: Kg x Cajon | J6: Max Uni | K6: KG x Uni | L6: Uni x Cajon | M6: Est Madre Uni | N6: Stock Max Madre 3M | P6: Taller | Q6: Sector Garage | R6: Cod | S6: Descripcion | T6: Sector Parte | U6: Descrip | V6: Cajon/ Paq a Enviar | Y6: Kg x Uni | Z6: Kg x Cajon | AA6: Cajones Pedido | AB6: Uni x Cajon | AC6: Kg a Enviar
A7: GRJ 1 | B7: 500 | C7: Uña 500 LK | D7: 2 | E7: =+IF(D7="","",IF(D7-N7>0,0,N7-D7)) -> 2.7448 | F7: =+IFERROR(D7/H7,) -> 0.4 | H7: 5 | I7: 30 | J7: =+H7*L7 -> 4552.352 | K7: 0.03295 | L7: =+I7/K7 -> 910.47041 | M7: =IFERROR(VLOOKUP(B7,'Estadistica Madre CH 23-01'!A:C,3,0),+VLOOKUP(B7,'Estadistica Madre LK 23-01 '!A:C,3,0)) -> 1440 | N7: =3*M7/L7 -> 4.7448 | P7: Martin | Q7: GRJ 1 | R7: 500 | S7: Uña 500 LK | T7: C1 | U7: Abrelata Pie Uña Serig | V7: =+AC7/Z7 -> 2.4443576 | Y7: 0.029343333 | Z7: 30 | AA7: =+SUMIFS(E:E,B:$B,R7) -> 2.7448 | AB7: =+SUMIFS(L:L,B:B,R7) -> 910.47041 | AC7: =+(AB7*AA7)*Y7 -> 73.330727
A8: GRJ7/8 | B8: 506 | C8: Uña LK 506 | D8: 21 | E8: =+IF(D8="","",IF(D8-N8>0,0,N8-D8)) -> 20.3538 | F8: =+IFERROR(D8/H8,) -> 0.58333333 | H8: 36 | I8: 30 | J8: =+H8*L8 -> 49202.733 | K8: 0.02195 | L8: =+I8/K8 -> 1366.7426 | M8: =IFERROR(VLOOKUP(B8,'Estadistica Madre CH 23-01'!A:C,3,0),+VLOOKUP(B8,'Estadistica Madre LK 23-01 '!A:C,3,0)) -> 18840 | N8: =3*M8/L8 -> 41.3538 | P8: Martin | Q8: GRJ 1 | R8: 500 | S8: Uña 500 LK | T8: C10 | U8: Uñas Zinc. | V8: =+AC8/Z8 -> 0.29405596 | Y8: 0.00353 | Z8: 30 | AA8: =+SUMIFS(E:E,B:$B,R8) -> 2.7448 | AB8: =+SUMIFS(L:L,B:B,R8) -> 910.47041 | AC8: =+(AB8*AA8)*Y8 -> 8.8216789
A9: GRJ 4 | B9: 654 | C9: Bomb Autolimp. 654 | D9: 0 | E9: =+IF(D9="","",IF(D9-N9>0,0,N9-D9)) -> 3.9216 | F9: =+IFERROR(D9/H9,) -> 0 | H9: 5 | I9: 15 | J9: =+H9*L9 -> 3488.3721 | K9: 0.0215 | L9: =+I9/K9 -> 697.67442 | M9: =IFERROR(VLOOKUP(B9,'Estadistica Madre CH 23-01'!A:C,3,0),+VLOOKUP(B9,'Estadistica Madre LK 23-01 '!A:C,3,0)) -> 912 | N9: =3*M9/L9 -> 3.9216 | P9: Martin | Q9: GRJ7/8 | R9: 506 | S9: Uña LK 506 | T9: A10 | U9: Cpo Uña LK C/M Pint. | V9: =+AC9/Z9 -> 16.653952 | Y9: 0.01796 | Z9: 30 | AA9: =+SUMIFS(E:E,B:$B,R9)*1/4 -> 10.1769 | AB9: =+SUMIFS(L:L,B:B,R9) -> 2733.4852 | AC9: =+(AB9*AA9)*Y9 -> 499.61856
A10: GRJ 5 | B10: 558 | C10: Bomb. Tradicional 558 | D10: 0 | E10: =+IF(D10="","",IF(D10-N10>0,0,N10-D10)) -> 54.87 | F10: =+IFERROR(D10/H10,) -> 0 | H10: 10 | I10: 1.8 | J10: =+H10*L10 -> 1161.2903 | K10: 0.0155 | L10: =+I10/K10 -> 116.12903 | M10: =IFERROR(VLOOKUP(B10,'Estadistica Madre CH 23-01'!A:C,3,0),+VLOOKUP(B10,'Estadistica Madre LK 23-01 '!A:C,3,0)) -> 2124 | N10: =3*M10/L10 -> 54.87 | P10: Martin | Q10: GRJ7/8 | R10: 506 | S10: Uña LK 506 | T10: C10 | U10: Uñas Zinc. | V10: =+AC10/Z10 -> 3.273299 | Y10: 0.00353 | Z10: 30 | AA10: =+SUMIFS(E:E,B:$B,R10)*1/4 -> 10.1769 | AB10: =+SUMIFS(L:L,B:B,R10) -> 2733.4852 | AC10: =+(AB10*AA10)*Y10 -> 98.198971
A11: GRJ 6 | B11: 557 | C11: Bomb. Tradicional 557 | D11: 1 | E11: =+IF(D11="","",IF(D11-N11>0,0,N11-D11)) -> 36.1 | F11: =+IFERROR(D11/H11,) -> 0.125 | H11: 8 | I11: 1.8 | J11: =+H11*L11 -> 905.66038 | K11: 0.0159 | L11: =+I11/K11 -> 113.20755 | M11: =IFERROR(VLOOKUP(B11,'Estadistica Madre CH 23-01'!A:C,3,0),+VLOOKUP(B11,'Estadistica Madre LK 23-01 '!A:C,3,0)) -> 1400 | N11: =3*M11/L11 -> 37.1 | P11: Fabrica | Q11: GRJ 4 | R11: 654 | S11: Bomb Autolimp. 654 | V11: =+AC11/Z11 -> #DIV/0! | AA11: =+SUMIFS(E:E,B:$B,R11) -> 3.9216 | AB11: =+SUMIFS(L:L,B:B,R11) -> 697.67442 | AC11: =+(AB11*AA11)*Y11 -> 0
C12: Bomb. Pico de Loro | D12: 0 | F12: =+IFERROR(D12/H12,) -> 0
A13: GRJ9 | B13: 510 | C13: Uña Crom 510 | D13: 8 | E13: =+IF(D13="","",IF(D13-N13>0,0,N13-D13)) -> 6.2032 | F13: =+IFERROR(D13/H13,) -> 1 | H13: 8 | I13: 30 | J13: =+H13*L13 -> 10909.091 | K13: 0.022 | L13: =+I13/K13 -> 1363.6364 | M13: =IFERROR(VLOOKUP(B13,'Estadistica Madre CH 23-01'!A:C,3,0),+VLOOKUP(B13,'Estadistica Madre LK 23-01 '!A:C,3,0)) -> 6456 | N13: =3*M13/L13 -> 14.2032 | P13: Fabrica | Q13: GRJ 5 | R13: 558 | S13: Bomb. Tradicional 558 | V13: =+AC13/Z13 -> 54.87 | Y13: 0.0155 | Z13: 1.8 | AA13: =+SUMIFS(E:E,B:$B,R13) -> 54.87 | AB13: =+SUMIFS(L:L,B:B,R13) -> 116.12903 | AC13: =+(AB13*AA13)*Y13 -> 98.766
A14: GJR10 | B14: 544 | C14: Batidor Pera | D14: 31 | E14: =+IF(D14="","",IF(D14-N14>0,0,N14-D14)) -> 108.95 | F14: =+IFERROR(D14/H14,) -> 0.57407407 | H14: 54 | I14: 15.68 | J14: =+H14*L14 -> 8640 | K14: 0.098 | L14: =+I14/K14 -> 160 | M14: =IFERROR(VLOOKUP(B14,'Estadistica Madre CH 23-01'!A:C,3,0),+VLOOKUP(B14,'Estadistica Madre LK 23-01 '!A:C,3,0)) -> 7464 | N14: =3*M14/L14 -> 139.95 | P14: Fabrica | Q14: GRJ 6 | R14: 557 | S14: Bomb. Tradicional 557 | T14: GRJ 6 | V14: =+AC14/Z14 -> 36.1 | Y14: 0.0159 | Z14: 1.8 | AA14: =+SUMIFS(E:E,B:$B,R14) -> 36.1 | AB14: =+SUMIFS(L:L,B:B,R14) -> 113.20755 | AC14: =+(AB14*AA14)*Y14 -> 64.98
A15: GRJ7/8 | B15: 506 | C15: Uña LK 506 | D15: 21 | E15: =+IF(D15="","",IF(D15-N15>0,0,N15-D15)) -> 20.3538 | F15: =+IFERROR(D15/H15,) -> 0.58333333 | H15: 36 | I15: 30 | J15: =+H15*L15 -> 49202.733 | K15: 0.02195 | L15: =+I15/K15 -> 1366.7426 | M15: =IFERROR(VLOOKUP(B15,'Estadistica Madre CH 23-01'!A:C,3,0),+VLOOKUP(B15,'Estadistica Madre LK 23-01 '!A:C,3,0)) -> 18840 | N15: =3*M15/L15 -> 41.3538 | P15: Carlos | Q15: GRJ9 | R15: 510 | S15: Uña Crom 510 | T15: A15 | U15: Cpo Uña Crom. LK C/M | V15: =+AC15/Z15 -> 5.079105 | Y15: 0.018013333 | Z15: 30 | AA15: =+SUMIFS(E:E,B:$B,R15) -> 6.2032 | AB15: =+SUMIFS(L:L,B:B,R15) -> 1363.6364 | AC15: =+(AB15*AA15)*Y15 -> 152.37315
A16: GRJ15 | B16: 530-531-730-731-706-700 | C16: Pintura Azul Mate | D16: 0 | E16: =+IF(D16="","",IF(D16-N16>0,0,N16-D16)) -> 0.0062775427 | F16: =+IFERROR(D16/H16,) -> 0 | H16: 20 | I16: =+H16*J16 -> 400 | J16: 20 | K16: 12.867568 | L16: =+SUMIFS('Consumo '!E:E,'Consumo '!A:A,'Garage Vacio 27-02'!A16) -> 9224 | M16: =+K16*1.5 -> 19.301351 | N16: =3*M16/L16 -> 0.0062775427 | P16: Carlos | Q16: GRJ9 | R16: 510 | S16: Uña Crom 510 | T16: C10 | U16: Uñas Zinc. | V16: =+AC16/Z16 -> 0.99533164 | Y16: 0.00353 | Z16: 30 | AA16: =+SUMIFS(E:E,B:$B,R16) -> 6.2032 | AB16: =+SUMIFS(L:L,B:B,R16) -> 1363.6364 | AC16: =+(AB16*AA16)*Y16 -> 29.859949
P17: Carlos | Q17: GJR10 | R17: 544 | S17: Batidor Pera | T17: LL9 | U17: Resorte Batidor Pera | V17: =+AC17/Z17 -> 34.379778 | Y17: 0.0355 | Z17: 18 | AA17: =+SUMIFS(E:E,B:$B,R17) -> 108.95 | AB17: =+SUMIFS(L:L,B:B,R17) -> 160 | AC17: =+(AB17*AA17)*Y17 -> 618.836
P18: Carlos | Q18: GJR10 | R18: 544 | S18: Batidor Pera | T18: LLF7B | U18: Arandela Batidor Pera | V18: =+AC18/Z18 -> 0.8661525 | Y18: 0.00159 | Z18: 32 | AA18: =+SUMIFS(E:E,B:$B,R18) -> 108.95 | AB18: =+SUMIFS(L:L,B:B,R18) -> 160 | AC18: =+(AB18*AA18)*Y18 -> 27.71688
P19: Carlos | Q19: GJR10 | R19: 544 | S19: Batidor Pera | T19: E4 | U19: Fleje Ø2 x 600 | V19: =+AC19/Z19 -> 57.879687 | Y19: 0.046484375 | Z19: 14 | AA19: =+SUMIFS(E:E,B:$B,R19) -> 108.95 | AB19: =+SUMIFS(L:L,B:B,R19) -> 160 | AC19: =+(AB19*AA19)*Y19 -> 810.31562
P20: Carlos | Q20: GJR10 | R20: 544 | S20: Batidor Pera | T20: E5 | U20: Fleje Ø2 x 665 | V20: =+AC20/Z20 -> 27.2375 | Y20: 0.015625 | Z20: 10 | AA20: =+SUMIFS(E:E,B:$B,R20) -> 108.95 | AB20: =+SUMIFS(L:L,B:B,R20) -> 160 | AC20: =+(AB20*AA20)*Y20 -> 272.375
P21: Carlos | Q21: GRJ7/8 | R21: 506 | S21: Uña LK 506 | T21: A10 | U21: Cpo Uña LK C/M Pint. | V21: =+AC21/Z21 -> 49.961856 | Y21: 0.01796 | Z21: 30 | AA21: =+SUMIFS(E:E,B:$B,R21)*3/4 -> 30.5307 | AB21: =+SUMIFS(L:L,B:B,R21) -> 2733.4852 | AC21: =+(AB21*AA21)*Y21 -> 1498.8557
P22: Carlos | Q22: GRJ7/8 | R22: 506 | S22: Uña LK 506 | T22: C10 | U22: Uñas Zinc. | V22: =+AC22/Z22 -> 9.8198971 | Y22: 0.00353 | Z22: 30 | AA22: =+SUMIFS(E:E,B:$B,R22)*3/4 -> 30.5307 | AB22: =+SUMIFS(L:L,B:B,R22) -> 2733.4852 | AC22: =+(AB22*AA22)*Y22 -> 294.59691
P23: Jade | Q23: GRJ15 | R23: 530-531-730-731-706-700 | S23: Pintura Azul Mate | V23: =+AC23/Z23 -> #DIV/0! | AA23: =+SUMIFS(E:E,B:$B,R23) -> 0.0062775427 | AB23: =+SUMIFS(L:L,B:B,R23) -> 9224 | AC23: =+(AB23*AA23)*Y23 -> 0

Sheet Garage Vacio 20-02
C4: =+TODAY() -> 46101
H5: Informacion Cajones Garage | P5: Cajones a Preparar | Y5: Informacion Partes
A6: Sector | B6: Art | C6: Descripcion | D6: Stock Actual Cajon | E6: Pedido Cajon | F6: % Ocup | H6: Max Entra Caj | I6: Kg x Cajon | J6: Max Uni | K6: KG x Uni | L6: Uni x Cajon | M6: Est Madre Uni | N6: Stock Max Madre 3M | P6: Taller | Q6: Sector Garage | R6: Cod | S6: Descripcion | T6: Sector Parte | U6: Descrip | V6: Cajon/ Paq a Enviar | Y6: Kg x Uni | Z6: Kg x Cajon | AA6: Cajones Pedido | AB6: Uni x Cajon | AC6: Kg a Enviar
A7: GRJ 1 | B7: 500 | C7: Uña 500 LK | D7: 0 | E7: =+IF(D7="","",IF(D7-N7>0,0,N7-D7)) -> 4.7448 | F7: =+IFERROR(D7/H7,) -> 0 | H7: 5 | I7: 30 | J7: =+H7*L7 -> 4552.352 | K7: 0.03295 | L7: =+I7/K7 -> 910.47041 | M7: =IFERROR(VLOOKUP(B7,'Estadistica Madre CH 23-01'!A:C,3,0),+VLOOKUP(B7,'Estadistica Madre LK 23-01 '!A:C,3,0)) -> 1440 | N7: =3*M7/L7 -> 4.7448 | P7: Martin | Q7: GRJ 1 | R7: 500 | S7: Uña 500 LK | T7: C1 | U7: Abrelata Pie Uña Serig | V7: =+AC7/Z7 -> 4.22544 | Y7: 0.029343333 | Z7: 30 | AA7: =+SUMIFS(E:E,B:$B,R7) -> 4.7448 | AB7: =+SUMIFS(L:L,B:B,R7) -> 910.47041 | AC7: =+(AB7*AA7)*Y7 -> 126.7632
A8: GRJ7/8 | B8: 506 | C8: Uña LK 506 | D8: 0 | E8: =+IF(D8="","",IF(D8-N8>0,0,N8-D8)) -> 41.3538 | F8: =+IFERROR(D8/H8,) -> 0 | H8: 36 | I8: 30 | J8: =+H8*L8 -> 49202.733 | K8: 0.02195 | L8: =+I8/K8 -> 1366.7426 | M8: =IFERROR(VLOOKUP(B8,'Estadistica Madre CH 23-01'!A:C,3,0),+VLOOKUP(B8,'Estadistica Madre LK 23-01 '!A:C,3,0)) -> 18840 | N8: =3*M8/L8 -> 41.3538 | P8: Martin | Q8: GRJ 1 | R8: 500 | S8: Uña 500 LK | T8: C10 | U8: Uñas Zinc. | V8: =+AC8/Z8 -> 0.50832 | Y8: 0.00353 | Z8: 30 | AA8: =+SUMIFS(E:E,B:$B,R8) -> 4.7448 | AB8: =+SUMIFS(L:L,B:B,R8) -> 910.47041 | AC8: =+(AB8*AA8)*Y8 -> 15.2496
A9: GRJ 4 | B9: 654 | C9: Bomb Autolimp. 654 | D9: 0 | E9: =+IF(D9="","",IF(D9-N9>0,0,N9-D9)) -> 3.9216 | F9: =+IFERROR(D9/H9,) -> 0 | H9: 5 | I9: 15 | J9: =+H9*L9 -> 3488.3721 | K9: 0.0215 | L9: =+I9/K9 -> 697.67442 | M9: =IFERROR(VLOOKUP(B9,'Estadistica Madre CH 23-01'!A:C,3,0),+VLOOKUP(B9,'Estadistica Madre LK 23-01 '!A:C,3,0)) -> 912 | N9: =3*M9/L9 -> 3.9216 | P9: Martin | Q9: GRJ7/8 | R9: 506 | S9: Uña LK 506 | T9: A10 | U9: Cpo Uña LK C/M Pint. | V9: =+AC9/Z9 -> 33.83664 | Y9: 0.01796 | Z9: 30 | AA9: =+SUMIFS(E:E,B:$B,R9)*1/4 -> 20.6769 | AB9: =+SUMIFS(L:L,B:B,R9) -> 2733.4852 | AC9: =+(AB9*AA9)*Y9 -> 1015.0992
A10: GRJ 5 | B10: 558 | C10: Bomb. Tradicional 558 | D10: 0 | E10: =+IF(D10="","",IF(D10-N10>0,0,N10-D10)) -> 54.87 | F10: =+IFERROR(D10/H10,) -> 0 | H10: 10 | I10: 1.8 | J10: =+H10*L10 -> 1161.2903 | K10: 0.0155 | L10: =+I10/K10 -> 116.12903 | M10: =IFERROR(VLOOKUP(B10,'Estadistica Madre CH 23-01'!A:C,3,0),+VLOOKUP(B10,'Estadistica Madre LK 23-01 '!A:C,3,0)) -> 2124 | N10: =3*M10/L10 -> 54.87 | P10: Martin | Q10: GRJ7/8 | R10: 506 | S10: Uña LK 506 | T10: C10 | U10: Uñas Zinc. | V10: =+AC10/Z10 -> 6.65052 | Y10: 0.00353 | Z10: 30 | AA10: =+SUMIFS(E:E,B:$B,R10)*1/4 -> 20.6769 | AB10: =+SUMIFS(L:L,B:B,R10) -> 2733.4852 | AC10: =+(AB10*AA10)*Y10 -> 199.5156
A11: GRJ 6 | B11: 557 | C11: Bomb. Tradicional 557 | D11: 1 | E11: =+IF(D11="","",IF(D11-N11>0,0,N11-D11)) -> 36.1 | F11: =+IFERROR(D11/H11,) -> 0.125 | H11: 8 | I11: 1.8 | J11: =+H11*L11 -> 905.66038 | K11: 0.0159 | L11: =+I11/K11 -> 113.20755 | M11: =IFERROR(VLOOKUP(B11,'Estadistica Madre CH 23-01'!A:C,3,0),+VLOOKUP(B11,'Estadistica Madre LK 23-01 '!A:C,3,0)) -> 1400 | N11: =3*M11/L11 -> 37.1 | P11: Fabrica | Q11: GRJ 4 | R11: 654 | S11: Bomb Autolimp. 654 | V11: =+AC11/Z11 -> #DIV/0! | AA11: =+SUMIFS(E:E,B:$B,R11) -> 3.9216 | AB11: =+SUMIFS(L:L,B:B,R11) -> 697.67442 | AC11: =+(AB11*AA11)*Y11 -> 0
C12: Bomb. Pico de Loro | D12: 0 | F12: =+IFERROR(D12/H12,) -> 0
A13: GRJ9 | B13: 510 | C13: Uña Crom 510 | D13: 8 | E13: =+IF(D13="","",IF(D13-N13>0,0,N13-D13)) -> 6.2032 | F13: =+IFERROR(D13/H13,) -> 1 | H13: 8 | I13: 30 | J13: =+H13*L13 -> 10909.091 | K13: 0.022 | L13: =+I13/K13 -> 1363.6364 | M13: =IFERROR(VLOOKUP(B13,'Estadistica Madre CH 23-01'!A:C,3,0),+VLOOKUP(B13,'Estadistica Madre LK 23-01 '!A:C,3,0)) -> 6456 | N13: =3*M13/L13 -> 14.2032 | P13: Fabrica | Q13: GRJ 5 | R13: 558 | S13: Bomb. Tradicional 558 | V13: =+AC13/Z13 -> #DIV/0! | AA13: =+SUMIFS(E:E,B:$B,R13) -> 54.87 | AB13: =+SUMIFS(L:L,B:B,R13) -> 116.12903 | AC13: =+(AB13*AA13)*Y13 -> 0
A14: GJR10 | B14: 544 | C14: Batidor Pera | D14: 31 | E14: =+IF(D14="","",IF(D14-N14>0,0,N14-D14)) -> 108.95 | F14: =+IFERROR(D14/H14,) -> 0.57407407 | H14: 54 | I14: 15.68 | J14: =+H14*L14 -> 8640 | K14: 0.098 | L14: =+I14/K14 -> 160 | M14: =IFERROR(VLOOKUP(B14,'Estadistica Madre CH 23-01'!A:C,3,0),+VLOOKUP(B14,'Estadistica Madre LK 23-01 '!A:C,3,0)) -> 7464 | N14: =3*M14/L14 -> 139.95 | P14: Fabrica | Q14: GRJ 6 | R14: 557 | S14: Bomb. Tradicional 557 | V14: =+AC14/Z14 -> #DIV/0! | AA14: =+SUMIFS(E:E,B:$B,R14) -> 36.1 | AB14: =+SUMIFS(L:L,B:B,R14) -> 113.20755 | AC14: =+(AB14*AA14)*Y14 -> 0
A15: GRJ7/8 | B15: 506 | C15: Uña LK 506 | D15: 0 | E15: =+IF(D15="","",IF(D15-N15>0,0,N15-D15)) -> 41.3538 | F15: =+IFERROR(D15/H15,) -> 0 | H15: 36 | I15: 30 | J15: =+H15*L15 -> 49202.733 | K15: 0.02195 | L15: =+I15/K15 -> 1366.7426 | M15: =IFERROR(VLOOKUP(B15,'Estadistica Madre CH 23-01'!A:C,3,0),+VLOOKUP(B15,'Estadistica Madre LK 23-01 '!A:C,3,0)) -> 18840 | N15: =3*M15/L15 -> 41.3538 | P15: Carlos | Q15: GRJ9 | R15: 510 | S15: Uña Crom 510 | T15: A15 | U15: Cpo Uña Crom. LK C/M | V15: =+AC15/Z15 -> 5.079105 | Y15: 0.018013333 | Z15: 30 | AA15: =+SUMIFS(E:E,B:$B,R15) -> 6.2032 | AB15: =+SUMIFS(L:L,B:B,R15) -> 1363.6364 | AC15: =+(AB15*AA15)*Y15 -> 152.37315
A16: GRJ15 | B16: 530-531-730-731-706-700 | C16: Pintura Azul Mate | D16: 0 | E16: =+IF(D16="","",IF(D16-N16>0,0,N16-D16)) -> 0.0062775427 | F16: =+IFERROR(D16/H16,) -> 0 | H16: 20 | I16: =+H16*J16 -> 400 | J16: 20 | K16: 12.867568 | L16: =+SUMIFS('Consumo '!E:E,'Consumo '!A:A,'Garage Vacio 20-02'!A16) -> 9224 | M16: =+K16*1.5 -> 19.301351 | N16: =3*M16/L16 -> 0.0062775427 | P16: Carlos | Q16: GRJ9 | R16: 510 | S16: Uña Crom 510 | T16: C10 | U16: Uñas Zinc. | V16: =+AC16/Z16 -> 0.99533164 | Y16: 0.00353 | Z16: 30 | AA16: =+SUMIFS(E:E,B:$B,R16) -> 6.2032 | AB16: =+SUMIFS(L:L,B:B,R16) -> 1363.6364 | AC16: =+(AB16*AA16)*Y16 -> 29.859949
P17: Carlos | Q17: GJR10 | R17: 544 | S17: Batidor Pera | T17: LL9 | U17: Resorte Batidor Pera | V17: =+AC17/Z17 -> 34.379778 | Y17: 0.0355 | Z17: 18 | AA17: =+SUMIFS(E:E,B:$B,R17) -> 108.95 | AB17: =+SUMIFS(L:L,B:B,R17) -> 160 | AC17: =+(AB17*AA17)*Y17 -> 618.836
P18: Carlos | Q18: GJR10 | R18: 544 | S18: Batidor Pera | T18: LLF7B | U18: Arandela Batidor Pera | V18: =+AC18/Z18 -> 0.8661525 | Y18: 0.00159 | Z18: 32 | AA18: =+SUMIFS(E:E,B:$B,R18) -> 108.95 | AB18: =+SUMIFS(L:L,B:B,R18) -> 160 | AC18: =+(AB18*AA18)*Y18 -> 27.71688
P19: Carlos | Q19: GJR10 | R19: 544 | S19: Batidor Pera | T19: E4 | U19: Fleje Ø2 x 600 | V19: =+AC19/Z19 -> 57.879687 | Y19: 0.046484375 | Z19: 14 | AA19: =+SUMIFS(E:E,B:$B,R19) -> 108.95 | AB19: =+SUMIFS(L:L,B:B,R19) -> 160 | AC19: =+(AB19*AA19)*Y19 -> 810.31562
P20: Carlos | Q20: GJR10 | R20: 544 | S20: Batidor Pera | T20: E5 | U20: Fleje Ø2 x 665 | V20: =+AC20/Z20 -> 27.2375 | Y20: 0.015625 | Z20: 10 | AA20: =+SUMIFS(E:E,B:$B,R20) -> 108.95 | AB20: =+SUMIFS(L:L,B:B,R20) -> 160 | AC20: =+(AB20*AA20)*Y20 -> 272.375
P21: Carlos | Q21: GRJ7/8 | R21: 506 | S21: Uña LK 506 | T21: A10 | U21: Cpo Uña LK C/M Pint. | V21: =+AC21/Z21 -> 101.50992 | Y21: 0.01796 | Z21: 30 | AA21: =+SUMIFS(E:E,B:$B,R21)*3/4 -> 62.0307 | AB21: =+SUMIFS(L:L,B:B,R21) -> 2733.4852 | AC21: =+(AB21*AA21)*Y21 -> 3045.2976
P22: Carlos | Q22: GRJ7/8 | R22: 506 | S22: Uña LK 506 | T22: C10 | U22: Uñas Zinc. | V22: =+AC22/Z22 -> 19.95156 | Y22: 0.00353 | Z22: 30 | AA22: =+SUMIFS(E:E,B:$B,R22)*3/4 -> 62.0307 | AB22: =+SUMIFS(L:L,B:B,R22) -> 2733.4852 | AC22: =+(AB22*AA22)*Y22 -> 598.5468
P23: Jade | Q23: GRJ15 | R23: 530-531-730-731-706-700 | S23: Pintura Azul Mate | V23: =+AC23/Z23 -> #DIV/0! | AA23: =+SUMIFS(E:E,B:$B,R23) -> 0.0062775427 | AB23: =+SUMIFS(L:L,B:B,R23) -> 9224 | AC23: =+(AB23*AA23)*Y23 -> 0

Sheet Garage 06-02
C4: =+TODAY() -> 46101
H5: Informacion Cajones Garage | P5: Cajones a Preparar | Y5: Informacion Partes
A6: Sector | B6: Art | C6: Descripcion | D6: Stock Actual Cajon | E6: Pedido Cajon | F6: % Ocup | H6: Max Entra Caj | I6: Kg x Cajon | J6: Max Uni | K6: KG x Uni | L6: Uni x Cajon | M6: Est Madre Uni | N6: Stock Max Madre 3M | P6: Taller | Q6: Sector Garage | R6: Cod | S6: Descripcion | T6: Sector Parte | U6: Descrip | V6: Cajon/ Paq a Enviar | Y6: Kg x Uni | Z6: Kg x Cajon | AA6: Cajones Pedido | AB6: Uni x Cajon | AC6: Kg a Enviar
A7: GRJ 1 | B7: 500 | C7: Uña 500 LK | D7: 3 | E7: =+IF(D7="","",IF(D7-N7>0,0,N7-D7)) -> 1.7448 | F7: =+IFERROR(D7/H7,) -> 0.6 | H7: 5 | I7: 30 | J7: =+H7*L7 -> 4552.352 | K7: 0.03295 | L7: =+I7/K7 -> 910.47041 | M7: =IFERROR(VLOOKUP(B7,'Estadistica Madre CH 23-01'!A:C,3,0),+VLOOKUP(B7,'Estadistica Madre LK 23-01 '!A:C,3,0)) -> 1440 | N7: =3*M7/L7 -> 4.7448 | P7: Martin | Q7: GRJ 1 | R7: 500 | S7: Uña 500 LK | T7: C1 | U7: Abrelata Pie Uña Serig | V7: =+AC7/Z7 -> 1.5538163 | Y7: 0.029343333 | Z7: 30 | AA7: =+SUMIFS(E:E,B:$B,R7) -> 1.7448 | AB7: =+SUMIFS(L:L,B:B,R7) -> 910.47041 | AC7: =+(AB7*AA7)*Y7 -> 46.61449
A8: GRJ7/8 | B8: 506 | C8: Uña LK 506 | D8: 0 | E8: =+IF(D8="","",IF(D8-N8>0,0,N8-D8)) -> 41.3538 | F8: =+IFERROR(D8/H8,) -> 0 | H8: 36 | I8: 30 | J8: =+H8*L8 -> 49202.733 | K8: 0.02195 | L8: =+I8/K8 -> 1366.7426 | M8: =IFERROR(VLOOKUP(B8,'Estadistica Madre CH 23-01'!A:C,3,0),+VLOOKUP(B8,'Estadistica Madre LK 23-01 '!A:C,3,0)) -> 18840 | N8: =3*M8/L8 -> 41.3538 | P8: Martin | Q8: GRJ 1 | R8: 500 | S8: Uña 500 LK | T8: C10 | U8: Uñas Zinc. | V8: =+AC8/Z8 -> 0.18692395 | Y8: 0.00353 | Z8: 30 | AA8: =+SUMIFS(E:E,B:$B,R8) -> 1.7448 | AB8: =+SUMIFS(L:L,B:B,R8) -> 910.47041 | AC8: =+(AB8*AA8)*Y8 -> 5.6077184
A9: GRJ 4 | B9: 654 | C9: Bomb Autolimp. 654 | D9: 0 | E9: =+IF(D9="","",IF(D9-N9>0,0,N9-D9)) -> 3.9216 | F9: =+IFERROR(D9/H9,) -> 0 | H9: 5 | I9: 15 | J9: =+H9*L9 -> 3488.3721 | K9: 0.0215 | L9: =+I9/K9 -> 697.67442 | M9: =IFERROR(VLOOKUP(B9,'Estadistica Madre CH 23-01'!A:C,3,0),+VLOOKUP(B9,'Estadistica Madre LK 23-01 '!A:C,3,0)) -> 912 | N9: =3*M9/L9 -> 3.9216 | P9: Martin | Q9: GRJ7/8 | R9: 506 | S9: Uña LK 506 | T9: A10 | U9: Cpo Uña LK C/M Pint. | V9: =+AC9/Z9 -> 33.83664 | Y9: 0.01796 | Z9: 30 | AA9: =+SUMIFS(E:E,B:$B,R9)*1/4 -> 20.6769 | AB9: =+SUMIFS(L:L,B:B,R9) -> 2733.4852 | AC9: =+(AB9*AA9)*Y9 -> 1015.0992
A10: GRJ 5 | B10: 558 | C10: Bomb. Tradicional 558 | D10: 0 | E10: =+IF(D10="","",IF(D10-N10>0,0,N10-D10)) -> 54.87 | F10: =+IFERROR(D10/H10,) -> 0 | H10: 10 | I10: 1.8 | J10: =+H10*L10 -> 1161.2903 | K10: 0.0155 | L10: =+I10/K10 -> 116.12903 | M10: =IFERROR(VLOOKUP(B10,'Estadistica Madre CH 23-01'!A:C,3,0),+VLOOKUP(B10,'Estadistica Madre LK 23-01 '!A:C,3,0)) -> 2124 | N10: =3*M10/L10 -> 54.87 | P10: Martin | Q10: GRJ7/8 | R10: 506 | S10: Uña LK 506 | T10: C10 | U10: Uñas Zinc. | V10: =+AC10/Z10 -> 6.65052 | Y10: 0.00353 | Z10: 30 | AA10: =+SUMIFS(E:E,B:$B,R10)*1/4 -> 20.6769 | AB10: =+SUMIFS(L:L,B:B,R10) -> 2733.4852 | AC10: =+(AB10*AA10)*Y10 -> 199.5156
A11: GRJ 6 | B11: 557 | C11: Bomb. Tradicional 557 | D11: 0 | E11: =+IF(D11="","",IF(D11-N11>0,0,N11-D11)) -> 37.1 | F11: =+IFERROR(D11/H11,) -> 0 | H11: 1 | I11: 1.8 | J11: =+H11*L11 -> 113.20755 | K11: 0.0159 | L11: =+I11/K11 -> 113.20755 | M11: =IFERROR(VLOOKUP(B11,'Estadistica Madre CH 23-01'!A:C,3,0),+VLOOKUP(B11,'Estadistica Madre LK 23-01 '!A:C,3,0)) -> 1400 | N11: =3*M11/L11 -> 37.1 | P11: Fabrica | Q11: GRJ 4 | R11: 654 | S11: Bomb Autolimp. 654 | V11: =+AC11/Z11 -> #DIV/0! | AA11: =+SUMIFS(E:E,B:$B,R11) -> 3.9216 | AB11: =+SUMIFS(L:L,B:B,R11) -> 697.67442 | AC11: =+(AB11*AA11)*Y11 -> 0
A12: GRJ9 | B12: 510 | C12: Uña Crom 510 | D12: 8 | E12: =+IF(D12="","",IF(D12-N12>0,0,N12-D12)) -> 6.2032 | F12: =+IFERROR(D12/H12,) -> 1 | H12: 8 | I12: 30 | J12: =+H12*L12 -> 10909.091 | K12: 0.022 | L12: =+I12/K12 -> 1363.6364 | M12: =IFERROR(VLOOKUP(B12,'Estadistica Madre CH 23-01'!A:C,3,0),+VLOOKUP(B12,'Estadistica Madre LK 23-01 '!A:C,3,0)) -> 6456 | N12: =3*M12/L12 -> 14.2032 | P12: Fabrica | Q12: GRJ 5 | R12: 558 | S12: Bomb. Tradicional 558 | V12: =+AC12/Z12 -> #DIV/0! | AA12: =+SUMIFS(E:E,B:$B,R12) -> 54.87 | AB12: =+SUMIFS(L:L,B:B,R12) -> 116.12903 | AC12: =+(AB12*AA12)*Y12 -> 0
A13: GJR10 | B13: 544 | C13: Batidor Pera | D13: 30 | E13: =+IF(D13="","",IF(D13-N13>0,0,N13-D13)) -> 109.95 | F13: =+IFERROR(D13/H13,) -> 0.55555556 | H13: 54 | I13: 15.68 | J13: =+H13*L13 -> 8640 | K13: 0.098 | L13: =+I13/K13 -> 160 | M13: =IFERROR(VLOOKUP(B13,'Estadistica Madre CH 23-01'!A:C,3,0),+VLOOKUP(B13,'Estadistica Madre LK 23-01 '!A:C,3,0)) -> 7464 | N13: =3*M13/L13 -> 139.95 | P13: Fabrica | Q13: GRJ 6 | R13: 557 | S13: Bomb. Tradicional 557 | V13: =+AC13/Z13 -> #DIV/0! | AA13: =+SUMIFS(E:E,B:$B,R13) -> 37.1 | AB13: =+SUMIFS(L:L,B:B,R13) -> 113.20755 | AC13: =+(AB13*AA13)*Y13 -> 0
A14: GRJ7/8 | B14: 506 | C14: Uña LK 506 | D14: 0 | E14: =+IF(D14="","",IF(D14-N14>0,0,N14-D14)) -> 41.3538 | F14: =+IFERROR(D14/H14,) -> 0 | H14: 36 | I14: 30 | J14: =+H14*L14 -> 49202.733 | K14: 0.02195 | L14: =+I14/K14 -> 1366.7426 | M14: =IFERROR(VLOOKUP(B14,'Estadistica Madre CH 23-01'!A:C,3,0),+VLOOKUP(B14,'Estadistica Madre LK 23-01 '!A:C,3,0)) -> 18840 | N14: =3*M14/L14 -> 41.3538 | P14: Carlos | Q14: GRJ9 | R14: 510 | S14: Uña Crom 510 | T14: A15 | U14: Cpo Uña Crom. LK C/M | V14: =+AC14/Z14 -> 5.079105 | Y14: 0.018013333 | Z14: 30 | AA14: =+SUMIFS(E:E,B:$B,R14) -> 6.2032 | AB14: =+SUMIFS(L:L,B:B,R14) -> 1363.6364 | AC14: =+(AB14*AA14)*Y14 -> 152.37315
A15: GRJ15 | B15: 530-531-730-731-706-700 | C15: Pintura Azul Mate | D15: 3 | E15: =+IF(D15="","",IF(D15-N15>0,0,N15-D15)) -> 0 | F15: =+IFERROR(D15/H15,) -> 0.15 | H15: 20 | I15: =+H15*J15 -> 400 | J15: 20 | K15: 12.867568 | L15: =+SUMIFS('Consumo '!E:E,'Consumo '!A:A,'Garage 06-02'!A15) -> 9224 | M15: =+K15*1.5 -> 19.301351 | N15: =3*M15/L15 -> 0.0062775427 | P15: Carlos | Q15: GRJ9 | R15: 510 | S15: Uña Crom 510 | T15: C10 | U15: Uñas Zinc. | V15: =+AC15/Z15 -> 0.99533164 | Y15: 0.00353 | Z15: 30 | AA15: =+SUMIFS(E:E,B:$B,R15) -> 6.2032 | AB15: =+SUMIFS(L:L,B:B,R15) -> 1363.6364 | AC15: =+(AB15*AA15)*Y15 -> 29.859949
P16: Carlos | Q16: GJR10 | R16: 544 | S16: Batidor Pera | T16: LL9 | U16: Resorte Batidor Pera | V16: =+AC16/Z16 -> 34.695333 | Y16: 0.0355 | Z16: 18 | AA16: =+SUMIFS(E:E,B:$B,R16) -> 109.95 | AB16: =+SUMIFS(L:L,B:B,R16) -> 160 | AC16: =+(AB16*AA16)*Y16 -> 624.516
P17: Carlos | Q17: GJR10 | R17: 544 | S17: Batidor Pera | T17: LLF7B | U17: Arandela Batidor Pera | V17: =+AC17/Z17 -> 0.8741025 | Y17: 0.00159 | Z17: 32 | AA17: =+SUMIFS(E:E,B:$B,R17) -> 109.95 | AB17: =+SUMIFS(L:L,B:B,R17) -> 160 | AC17: =+(AB17*AA17)*Y17 -> 27.97128
P18: Carlos | Q18: GJR10 | R18: 544 | S18: Batidor Pera | T18: E4 | U18: Fleje Ø2 x 600 | V18: =+AC18/Z18 -> 58.410937 | Y18: 0.046484375 | Z18: 14 | AA18: =+SUMIFS(E:E,B:$B,R18) -> 109.95 | AB18: =+SUMIFS(L:L,B:B,R18) -> 160 | AC18: =+(AB18*AA18)*Y18 -> 817.75312
P19: Carlos | Q19: GJR10 | R19: 544 | S19: Batidor Pera | T19: E5 | U19: Fleje Ø2 x 665 | V19: =+AC19/Z19 -> 27.4875 | Y19: 0.015625 | Z19: 10 | AA19: =+SUMIFS(E:E,B:$B,R19) -> 109.95 | AB19: =+SUMIFS(L:L,B:B,R19) -> 160 | AC19: =+(AB19*AA19)*Y19 -> 274.875
P20: Carlos | Q20: GRJ7/8 | R20: 506 | S20: Uña LK 506 | T20: A10 | U20: Cpo Uña LK C/M Pint. | V20: =+AC20/Z20 -> 101.50992 | Y20: 0.01796 | Z20: 30 | AA20: =+SUMIFS(E:E,B:$B,R20)*3/4 -> 62.0307 | AB20: =+SUMIFS(L:L,B:B,R20) -> 2733.4852 | AC20: =+(AB20*AA20)*Y20 -> 3045.2976
P21: Carlos | Q21: GRJ7/8 | R21: 506 | S21: Uña LK 506 | T21: C10 | U21: Uñas Zinc. | V21: =+AC21/Z21 -> 19.95156 | Y21: 0.00353 | Z21: 30 | AA21: =+SUMIFS(E:E,B:$B,R21)*3/4 -> 62.0307 | AB21: =+SUMIFS(L:L,B:B,R21) -> 2733.4852 | AC21: =+(AB21*AA21)*Y21 -> 598.5468
P22: Jade | Q22: GRJ15 | R22: 530-531-730-731-706-700 | S22: Pintura Azul Mate | V22: =+AC22/Z22 -> #DIV/0! | AA22: =+SUMIFS(E:E,B:$B,R22) -> 0 | AB22: =+SUMIFS(L:L,B:B,R22) -> 9224 | AC22: =+(AB22*AA22)*Y22 -> 0

Sheet Garage Vacio 27-01
C4: =+TODAY() -> 46101
I5: Informacion Cajones Garage | Q5: Cajones a Preparar | Z5: Informacion Partes
A6: Sector | B6: Art | C6: Descripcion | D6: Stock Actual Cajon | E6: KG | F6: Pedido Cajon | G6: % Ocup | I6: Max Entra Caj | J6: Kg x Cajon | K6: Max Uni | L6: KG x Uni | M6: Uni x Cajon | N6: Est Madre Uni | O6: Stock Max Madre 3M | Q6: Taller | R6: Sector Garage | S6: Cod | T6: Descripcion | U6: Sector Parte | V6: Descrip | W6: Cajon/ Paq a Enviar | Z6: Kg x Uni | AA6: Kg x Cajon | AB6: Cajones Pedido | AC6: Uni x Cajon | AD6: Kg a Enviar
A7: GRJ 1 | B7: 500 | C7: Uña 500 LK | F7: =+IF(D7="","",IF(D7-O7>0,0,O7-D7)) | G7: =+IFERROR(D7/I7,) -> 0 | I7: 5 | J7: 30 | K7: =+I7*M7 -> 4552.352 | L7: 0.03295 | M7: =+J7/L7 -> 910.47041 | N7: =IFERROR(VLOOKUP(B7,'Estadistica Madre CH 23-01'!A:C,3,0),+VLOOKUP(B7,'Estadistica Madre LK 23-01 '!A:C,3,0)) -> 1440 | O7: =3*N7/M7 -> 4.7448 | Q7: Martin | R7: GRJ 1 | S7: 500 | T7: Uña 500 LK | U7: C1 | V7: Abrelata Pie Uña Serig | W7: =+AD7/AA7 -> 0 | Z7: 0.029343333 | AA7: 30 | AB7: =+SUMIFS(F:F,B:$B,S7) -> 0 | AC7: =+SUMIFS(M:M,B:B,S7) -> 910.47041 | AD7: =+(AC7*AB7)*Z7 -> 0
A8: GRJ7/8 | B8: 506 | C8: Uña LK 506 | F8: =+IF(D8="","",IF(D8-O8>0,0,O8-D8)) | G8: =+IFERROR(D8/I8,) -> 0 | I8: 36 | J8: 30 | K8: =+I8*M8 -> 49202.733 | L8: 0.02195 | M8: =+J8/L8 -> 1366.7426 | N8: =IFERROR(VLOOKUP(B8,'Estadistica Madre CH 23-01'!A:C,3,0),+VLOOKUP(B8,'Estadistica Madre LK 23-01 '!A:C,3,0)) -> 18840 | O8: =3*N8/M8 -> 41.3538 | Q8: Martin | R8: GRJ 1 | S8: 500 | T8: Uña 500 LK | U8: C10 | V8: Uñas Zinc. | W8: =+AD8/AA8 -> 0 | Z8: 0.00353 | AA8: 30 | AB8: =+SUMIFS(F:F,B:$B,S8) -> 0 | AC8: =+SUMIFS(M:M,B:B,S8) -> 910.47041 | AD8: =+(AC8*AB8)*Z8 -> 0
A9: GRJ 4 | B9: 654 | C9: Bomb Autolimp. 654 | F9: =+IF(D9="","",IF(D9-O9>0,0,O9-D9)) | G9: =+IFERROR(D9/I9,) -> 0 | I9: 5 | J9: 15 | K9: =+I9*M9 -> 3488.3721 | L9: 0.0215 | M9: =+J9/L9 -> 697.67442 | N9: =IFERROR(VLOOKUP(B9,'Estadistica Madre CH 23-01'!A:C,3,0),+VLOOKUP(B9,'Estadistica Madre LK 23-01 '!A:C,3,0)) -> 912 | O9: =3*N9/M9 -> 3.9216 | Q9: Martin | R9: GRJ7/8 | S9: 506 | T9: Uña LK 506 | U9: A10 | V9: Cpo Uña LK C/M Pint. | W9: =+AD9/AA9 -> 0 | Z9: 0.01796 | AA9: 30 | AB9: =+SUMIFS(F:F,B:$B,S9)*1/4 -> 0 | AC9: =+SUMIFS(M:M,B:B,S9) -> 2733.4852 | AD9: =+(AC9*AB9)*Z9 -> 0
A10: GRJ 5 | B10: 558 | C10: Bomb. Tradicional 558 | F10: =+IF(D10="","",IF(D10-O10>0,0,O10-D10)) | G10: =+IFERROR(D10/I10,) -> 0 | I10: 10 | J10: 1.8 | K10: =+I10*M10 -> 1161.2903 | L10: 0.0155 | M10: =+J10/L10 -> 116.12903 | N10: =IFERROR(VLOOKUP(B10,'Estadistica Madre CH 23-01'!A:C,3,0),+VLOOKUP(B10,'Estadistica Madre LK 23-01 '!A:C,3,0)) -> 2124 | O10: =3*N10/M10 -> 54.87 | Q10: Martin | R10: GRJ7/8 | S10: 506 | T10: Uña LK 506 | U10: C10 | V10: Uñas Zinc. | W10: =+AD10/AA10 -> 0 | Z10: 0.00353 | AA10: 30 | AB10: =+SUMIFS(F:F,B:$B,S10)*1/4 -> 0 | AC10: =+SUMIFS(M:M,B:B,S10) -> 2733.4852 | AD10: =+(AC10*AB10)*Z10 -> 0
A11: GRJ 6 | B11: 557 | C11: Bomb. Tradicional 557 | F11: =+IF(D11="","",IF(D11-O11>0,0,O11-D11)) | G11: =+IFERROR(D11/I11,) -> 0 | I11: 1 | J11: 1.8 | K11: =+I11*M11 -> 113.20755 | L11: 0.0159 | M11: =+J11/L11 -> 113.20755 | N11: =IFERROR(VLOOKUP(B11,'Estadistica Madre CH 23-01'!A:C,3,0),+VLOOKUP(B11,'Estadistica Madre LK 23-01 '!A:C,3,0)) -> 1400 | O11: =3*N11/M11 -> 37.1 | Q11: Fabrica | R11: GRJ 4 | S11: 654 | T11: Bomb Autolimp. 654 | W11: =+AD11/AA11 -> #DIV/0! | AB11: =+SUMIFS(F:F,B:$B,S11) -> 0 | AC11: =+SUMIFS(M:M,B:B,S11) -> 697.67442 | AD11: =+(AC11*AB11)*Z11 -> 0
A12: GRJ9 | B12: 510 | C12: Uña Crom 510 | D12: 8 | E12: 214.6 | F12: =+IF(D12="","",IF(D12-O12>0,0,O12-D12)) -> 6.2032 | G12: =+IFERROR(D12/I12,) -> 1 | I12: 8 | J12: 30 | K12: =+I12*M12 -> 10909.091 | L12: 0.022 | M12: =+J12/L12 -> 1363.6364 | N12: =IFERROR(VLOOKUP(B12,'Estadistica Madre CH 23-01'!A:C,3,0),+VLOOKUP(B12,'Estadistica Madre LK 23-01 '!A:C,3,0)) -> 6456 | O12: =3*N12/M12 -> 14.2032 | Q12: Fabrica | R12: GRJ 5 | S12: 558 | T12: Bomb. Tradicional 558 | W12: =+AD12/AA12 -> #DIV/0! | AB12: =+SUMIFS(F:F,B:$B,S12) -> 0 | AC12: =+SUMIFS(M:M,B:B,S12) -> 116.12903 | AD12: =+(AC12*AB12)*Z12 -> 0
A13: GJR10 | B13: 544 | C13: Batidor Pera | D13: 31 | E13: 459.792 | F13: =+IF(D13="","",IF(D13-O13>0,0,O13-D13)) -> 117.27135 | G13: =+IFERROR(D13/I13,) -> 0.57407407 | I13: 54 | J13: 14.8 | K13: =+I13*M13 -> 8155.102 | L13: 0.098 | M13: =+J13/L13 -> 151.02041 | N13: =IFERROR(VLOOKUP(B13,'Estadistica Madre CH 23-01'!A:C,3,0),+VLOOKUP(B13,'Estadistica Madre LK 23-01 '!A:C,3,0)) -> 7464 | O13: =3*N13/M13 -> 148.27135 | Q13: Fabrica | R13: GRJ 6 | S13: 557 | T13: Bomb. Tradicional 557 | W13: =+AD13/AA13 -> #DIV/0! | AB13: =+SUMIFS(F:F,B:$B,S13) -> 0 | AC13: =+SUMIFS(M:M,B:B,S13) -> 113.20755 | AD13: =+(AC13*AB13)*Z13 -> 0
A14: GRJ7/8 | B14: 506 | C14: Uña LK 506 | F14: =+IF(D14="","",IF(D14-O14>0,0,O14-D14)) | G14: =+IFERROR(D14/I14,) -> 0 | I14: 36 | J14: 30 | K14: =+I14*M14 -> 49202.733 | L14: 0.02195 | M14: =+J14/L14 -> 1366.7426 | N14: =IFERROR(VLOOKUP(B14,'Estadistica Madre CH 23-01'!A:C,3,0),+VLOOKUP(B14,'Estadistica Madre LK 23-01 '!A:C,3,0)) -> 18840 | O14: =3*N14/M14 -> 41.3538 | Q14: Carlos | R14: GRJ9 | S14: 510 | T14: Uña Crom 510 | U14: A15 | V14: Cpo Uña Crom. LK C/M | W14: =+AD14/AA14 -> 5.079105 | Z14: 0.018013333 | AA14: 30 | AB14: =+SUMIFS(F:F,B:$B,S14) -> 6.2032 | AC14: =+SUMIFS(M:M,B:B,S14) -> 1363.6364 | AD14: =+(AC14*AB14)*Z14 -> 152.37315
A15: GRJ15 | B15: 530-531-730-731-706-700 | C15: Pintura Azul Mate | F15: =+IF(D15="","",IF(D15-O15>0,0,O15-D15)) | G15: =+IFERROR(D15/I15,) -> 0 | I15: 20 | J15: =+I15*K15 -> 400 | K15: 20 | L15: 12.867568 | M15: =+SUMIFS('Consumo '!E:E,'Consumo '!A:A,'Garage Vacio 27-01'!A15) -> 9224 | N15: =+L15*1.5 -> 19.301351 | O15: =3*N15/M15 -> 0.0062775427 | Q15: Carlos | R15: GRJ9 | S15: 510 | T15: Uña Crom 510 | U15: C10 | V15: Uñas Zinc. | W15: =+AD15/AA15 -> 0.99533164 | Z15: 0.00353 | AA15: 30 | AB15: =+SUMIFS(F:F,B:$B,S15) -> 6.2032 | AC15: =+SUMIFS(M:M,B:B,S15) -> 1363.6364 | AD15: =+(AC15*AB15)*Z15 -> 29.859949
Q16: Carlos | R16: GJR10 | S16: 544 | T16: Batidor Pera | U16: LL9 | V16: Resorte Batidor Pera | W16: =+AD16/AA16 -> 34.92878 | Z16: 0.0355 | AA16: 18 | AB16: =+SUMIFS(F:F,B:$B,S16) -> 117.27135 | AC16: =+SUMIFS(M:M,B:B,S16) -> 151.02041 | AD16: =+(AC16*AB16)*Z16 -> 628.71804
Q17: Carlos | R17: GJR10 | S17: 544 | T17: Batidor Pera | U17: LLF7B | V17: Arandela Batidor Pera | W17: =+AD17/AA17 -> 0.87998388 | Z17: 0.00159 | AA17: 32 | AB17: =+SUMIFS(F:F,B:$B,S17) -> 117.27135 | AC17: =+SUMIFS(M:M,B:B,S17) -> 151.02041 | AD17: =+(AC17*AB17)*Z17 -> 28.159484
Q18: Carlos | R18: GJR10 | S18: 544 | T18: Batidor Pera | U18: E4 | V18: Fleje Ø2 x 600 | W18: =+AD18/AA18 -> 58.803954 | Z18: 0.046484375 | AA18: 14 | AB18: =+SUMIFS(F:F,B:$B,S18) -> 117.27135 | AC18: =+SUMIFS(M:M,B:B,S18) -> 151.02041 | AD18: =+(AC18*AB18)*Z18 -> 823.25536
Q19: Carlos | R19: GJR10 | S19: 544 | T19: Batidor Pera | U19: E5 | V19: Fleje Ø2 x 665 | W19: =+AD19/AA19 -> 27.672449 | Z19: 0.015625 | AA19: 10 | AB19: =+SUMIFS(F:F,B:$B,S19) -> 117.27135 | AC19: =+SUMIFS(M:M,B:B,S19) -> 151.02041 | AD19: =+(AC19*AB19)*Z19 -> 276.72449
Q20: Carlos | R20: GRJ7/8 | S20: 506 | T20: Uña LK 506 | U20: A10 | V20: Cpo Uña LK C/M Pint. | W20: =+AD20/AA20 -> 0 | Z20: 0.01796 | AA20: 30 | AB20: =+SUMIFS(F:F,B:$B,S20)*3/4 -> 0 | AC20: =+SUMIFS(M:M,B:B,S20) -> 2733.4852 | AD20: =+(AC20*AB20)*Z20 -> 0
Q21: Carlos | R21: GRJ7/8 | S21: 506 | T21: Uña LK 506 | U21: C10 | V21: Uñas Zinc. | W21: =+AD21/AA21 -> 0 | Z21: 0.00353 | AA21: 30 | AB21: =+SUMIFS(F:F,B:$B,S21)*3/4 -> 0 | AC21: =+SUMIFS(M:M,B:B,S21) -> 2733.4852 | AD21: =+(AC21*AB21)*Z21 -> 0
Q22: Jade | R22: GRJ15 | S22: 530-531-730-731-706-700 | T22: Pintura Azul Mate | W22: =+AD22/AA22 -> #DIV/0! | AB22: =+SUMIFS(F:F,B:$B,S22) -> 0 | AC22: =+SUMIFS(M:M,B:B,S22) -> 9224 | AD22: =+(AC22*AB22)*Z22 -> 0

Sheet Garage 22-01-26
A3: Conteo GARAGE
C4: =+TODAY() -> 46101
C5: Garage | H5: Informacion Cajones Garage | P5: Cajones a Preparar | Y5: Informacion Partes
A6: Sector | B6: Art | C6: Descripcion | D6: Stock Actual Cajon | E6: Pedido Cajon | F6: % Ocup | H6: Max Entra Caj | I6: Kg x Cajon | J6: Max Uni | K6: KG x Uni | L6: Uni x Cajon | M6: Est Madre Uni | N6: Stock Max Madre 3M | P6: Taller | Q6: Sector Garage | R6: Cod | S6: Descripcion | T6: Sector Parte | U6: Descrip | V6: Cajon/ Paq a Enviar | W6: Kg | Y6: Kg x Uni | Z6: Kg x Cajon | AA6: Cajones Pedido | AB6: Uni x Cajon | AC6: Kg a Enviar
A7: GRJ 1 | B7: 500 | C7: Uña 500 LK | D7: 0 | E7: =+IF(D7="","",IF(D7-N7>0,0,N7-D7)) -> 4.7448 | F7: =+IFERROR(D7/H7,) -> 0 | H7: 5 | I7: 30 | J7: =+H7*L7 -> 4552.352 | K7: 0.03295 | L7: =+I7/K7 -> 910.47041 | M7: =IFERROR(VLOOKUP(B7,'Estadistica Madre CH 23-01'!A:C,3,0),+VLOOKUP(B7,'Estadistica Madre LK 23-01 '!A:C,3,0)) -> 1440 | N7: =3*M7/L7 -> 4.7448 | P7: Martin | Q7: GRJ 1 | R7: 500 | S7: Uña 500 LK | T7: C1 | U7: Abrelata Pie Uña Serig | V7: =+AC7/Z7 -> 4.22544 | Y7: 0.029343333 | Z7: 30 | AA7: =+SUMIFS(E:E,B:$B,R7) -> 4.7448 | AB7: =+SUMIFS(L:L,B:B,R7) -> 910.47041 | AC7: =+(AB7*AA7)*Y7 -> 126.7632
A8: GRJ7/8 | B8: 506 | C8: Uña LK 506 | D8: 0 | E8: =+IF(D8="","",IF(D8-N8>0,0,N8-D8)) -> 41.3538 | F8: =+IFERROR(D8/H8,) -> 0 | H8: 36 | I8: 30 | J8: =+H8*L8 -> 49202.733 | K8: 0.02195 | L8: =+I8/K8 -> 1366.7426 | M8: =IFERROR(VLOOKUP(B8,'Estadistica Madre CH 23-01'!A:C,3,0),+VLOOKUP(B8,'Estadistica Madre LK 23-01 '!A:C,3,0)) -> 18840 | N8: =3*M8/L8 -> 41.3538 | P8: Martin | Q8: GRJ 1 | R8: 500 | S8: Uña 500 LK | T8: C10 | U8: Uñas Zinc. | V8: =+AC8/Z8 -> 0.50832 | Y8: 0.00353 | Z8: 30 | AA8: =+SUMIFS(E:E,B:$B,R8) -> 4.7448 | AB8: =+SUMIFS(L:L,B:B,R8) -> 910.47041 | AC8: =+(AB8*AA8)*Y8 -> 15.2496
A9: GRJ 4 | B9: 654 | C9: Bomb Autolimp. 654 | D9: 0 | E9: =+IF(D9="","",IF(D9-N9>0,0,N9-D9)) -> 3.9216 | F9: =+IFERROR(D9/H9,) -> 0 | H9: 5 | I9: 15 | J9: =+H9*L9 -> 3488.3721 | K9: 0.0215 | L9: =+I9/K9 -> 697.67442 | M9: =IFERROR(VLOOKUP(B9,'Estadistica Madre CH 23-01'!A:C,3,0),+VLOOKUP(B9,'Estadistica Madre LK 23-01 '!A:C,3,0)) -> 912 | N9: =3*M9/L9 -> 3.9216 | P9: Martin | Q9: GRJ7/8 | R9: 506 | S9: Uña LK 506 | T9: A10 | U9: Cpo Uña LK C/M Pint. | V9: =+AC9/Z9 -> 33.83664 | Y9: 0.01796 | Z9: 30 | AA9: =+SUMIFS(E:E,B:$B,R9)*1/4 -> 20.6769 | AB9: =+SUMIFS(L:L,B:B,R9) -> 2733.4852 | AC9: =+(AB9*AA9)*Y9 -> 1015.0992
A10: GRJ 5 | B10: 558 | C10: Bomb. Tradicional 558 | D10: 0 | E10: =+IF(D10="","",IF(D10-N10>0,0,N10-D10)) -> 54.87 | F10: =+IFERROR(D10/H10,) -> 0 | H10: 10 | I10: 1.8 | J10: =+H10*L10 -> 1161.2903 | K10: 0.0155 | L10: =+I10/K10 -> 116.12903 | M10: =IFERROR(VLOOKUP(B10,'Estadistica Madre CH 23-01'!A:C,3,0),+VLOOKUP(B10,'Estadistica Madre LK 23-01 '!A:C,3,0)) -> 2124 | N10: =3*M10/L10 -> 54.87 | P10: Martin | Q10: GRJ7/8 | R10: 506 | S10: Uña LK 506 | T10: C10 | U10: Uñas Zinc. | V10: =+AC10/Z10 -> 6.65052 | Y10: 0.00353 | Z10: 30 | AA10: =+SUMIFS(E:E,B:$B,R10)*1/4 -> 20.6769 | AB10: =+SUMIFS(L:L,B:B,R10) -> 2733.4852 | AC10: =+(AB10*AA10)*Y10 -> 199.5156
A11: GRJ 6 | B11: 557 | C11: Bomb. Tradicional 557 | D11: 0 | E11: =+IF(D11="","",IF(D11-N11>0,0,N11-D11)) -> 37.1 | F11: =+IFERROR(D11/H11,) -> 0 | H11: 1 | I11: 1.8 | J11: =+H11*L11 -> 113.20755 | K11: 0.0159 | L11: =+I11/K11 -> 113.20755 | M11: =IFERROR(VLOOKUP(B11,'Estadistica Madre CH 23-01'!A:C,3,0),+VLOOKUP(B11,'Estadistica Madre LK 23-01 '!A:C,3,0)) -> 1400 | N11: =3*M11/L11 -> 37.1 | P11: Fabrica | Q11: GRJ 4 | R11: 654 | S11: Bomb Autolimp. 654 | U11: Bombilla autolimpiante | V11: =+AC11/Z11 -> 3.8 | Y11: =+Z11/720 -> 0.0196125 | Z11: =+Z12*1.25 -> 14.121 | AA11: =+SUMIFS(E:E,B:$B,R11) -> 3.9216 | AB11: =+SUMIFS(L:L,B:B,R11) -> 697.67442 | AC11: =+(AB11*AA11)*Y11 -> 53.6598
A12: GRJ9 | B12: 510 | C12: Uña Crom 510 | D12: 0 | E12: =+IF(D12="","",IF(D12-N12>0,0,N12-D12)) -> 14.2032 | F12: =+IFERROR(D12/H12,) -> 0 | H12: 8 | I12: 30 | J12: =+H12*L12 -> 10909.091 | K12: 0.022 | L12: =+I12/K12 -> 1363.6364 | M12: =IFERROR(VLOOKUP(B12,'Estadistica Madre CH 23-01'!A:C,3,0),+VLOOKUP(B12,'Estadistica Madre LK 23-01 '!A:C,3,0)) -> 6456 | N12: =3*M12/L12 -> 14.2032 | P12: Fabrica | Q12: GRJ 5 | R12: 558 | S12: Bomb. Tradicional 558 | U12: Bombilla Tradicional | V12: =+AC12/Z12 -> 8.85 | Y12: =+Z12/720 -> 0.01569 | Z12: 11.2968 | AA12: =+SUMIFS(E:E,B:$B,R12) -> 54.87 | AB12: =+SUMIFS(L:L,B:B,R12) -> 116.12903 | AC12: =+(AB12*AA12)*Y12 -> 99.97668
A13: GJR10 | B13: 544 | C13: Batidor Pera | D13: 31 | E13: =+IF(D13="","",IF(D13-N13>0,0,N13-D13)) -> 108.95 | F13: =+IFERROR(D13/H13,) -> 0.57407407 | H13: 54 | I13: 15.68 | J13: =+H13*L13 -> 8640 | K13: 0.098 | L13: =+I13/K13 -> 160 | M13: =IFERROR(VLOOKUP(B13,'Estadistica Madre CH 23-01'!A:C,3,0),+VLOOKUP(B13,'Estadistica Madre LK 23-01 '!A:C,3,0)) -> 7464 | N13: =3*M13/L13 -> 139.95 | P13: Fabrica | Q13: GRJ 6 | R13: 557 | S13: Bomb. Tradicional 557 | U13: Bombilla Chata | V13: =+AC13/Z13 -> 5.8333333 | Y13: =+Z13/720 -> 0.01569 | Z13: 11.2968 | AA13: =+SUMIFS(E:E,B:$B,R13) -> 37.1 | AB13: =+SUMIFS(L:L,B:B,R13) -> 113.20755 | AC13: =+(AB13*AA13)*Y13 -> 65.898
A14: GRJ7/8 | B14: 506 | C14: Uña LK 506 | D14: 0 | E14: =+IF(D14="","",IF(D14-N14>0,0,N14-D14)) -> 41.3538 | F14: =+IFERROR(D14/H14,) -> 0 | H14: 36 | I14: 30 | J14: =+H14*L14 -> 49202.733 | K14: 0.02195 | L14: =+I14/K14 -> 1366.7426 | M14: =IFERROR(VLOOKUP(B14,'Estadistica Madre CH 23-01'!A:C,3,0),+VLOOKUP(B14,'Estadistica Madre LK 23-01 '!A:C,3,0)) -> 18840 | N14: =3*M14/L14 -> 41.3538 | P14: Carlos | Q14: GRJ9 | R14: 510 | S14: Uña Crom 510 | T14: A15 | U14: Cpo Uña Crom. LK C/M | V14: =+AC14/Z14 -> 11.629408 | Y14: 0.018013333 | Z14: 30 | AA14: =+SUMIFS(E:E,B:$B,R14) -> 14.2032 | AB14: =+SUMIFS(L:L,B:B,R14) -> 1363.6364 | AC14: =+(AB14*AA14)*Y14 -> 348.88224
A15: GRJ15 | B15: 530-531-730-731-706-700 | C15: Pintura Azul Mate | D15: 3 | E15: =+IF(D15="","",IF(D15-N15>0,0,N15-D15)) -> 0 | F15: =+IFERROR(D15/H15,) -> 0.15 | H15: 20 | I15: =+H15*J15 -> 400 | J15: 20 | K15: 12.867568 | L15: =+SUMIFS('Consumo '!E:E,'Consumo '!A:A,'Garage 22-01-26'!A15) -> 9224 | M15: =+K15*1.5 -> 19.301351 | N15: =3*M15/L15 -> 0.0062775427 | P15: Carlos | Q15: GRJ9 | R15: 510 | S15: Uña Crom 510 | T15: C10 | U15: Uñas Zinc. | V15: =+AC15/Z15 -> 2.278968 | Y15: 0.00353 | Z15: 30 | AA15: =+SUMIFS(E:E,B:$B,R15) -> 14.2032 | AB15: =+SUMIFS(L:L,B:B,R15) -> 1363.6364 | AC15: =+(AB15*AA15)*Y15 -> 68.36904
P16: Carlos | Q16: GJR10 | R16: 544 | S16: Batidor Pera | T16: LL9 | U16: Resorte Batidor Pera | V16: =+AC16/Z16 -> 34.379778 | Y16: 0.0355 | Z16: 18 | AA16: =+SUMIFS(E:E,B:$B,R16) -> 108.95 | AB16: =+SUMIFS(L:L,B:B,R16) -> 160 | AC16: =+(AB16*AA16)*Y16 -> 618.836
P17: Carlos | Q17: GJR10 | R17: 544 | S17: Batidor Pera | T17: LLF7B | U17: Arandela Batidor Pera | V17: =+AC17/Z17 -> 0.8661525 | Y17: 0.00159 | Z17: 32 | AA17: =+SUMIFS(E:E,B:$B,R17) -> 108.95 | AB17: =+SUMIFS(L:L,B:B,R17) -> 160 | AC17: =+(AB17*AA17)*Y17 -> 27.71688
P18: Carlos | Q18: GJR10 | R18: 544 | S18: Batidor Pera | T18: E4 | U18: Fleje Ø2 x 600 | V18: =+AC18/Z18 -> 57.879687 | Y18: 0.046484375 | Z18: 14 | AA18: =+SUMIFS(E:E,B:$B,R18) -> 108.95 | AB18: =+SUMIFS(L:L,B:B,R18) -> 160 | AC18: =+(AB18*AA18)*Y18 -> 810.31562
P19: Carlos | Q19: GJR10 | R19: 544 | S19: Batidor Pera | T19: E5 | U19: Fleje Ø2 x 665 | V19: =+AC19/Z19 -> 27.2375 | Y19: 0.015625 | Z19: 10 | AA19: =+SUMIFS(E:E,B:$B,R19) -> 108.95 | AB19: =+SUMIFS(L:L,B:B,R19) -> 160 | AC19: =+(AB19*AA19)*Y19 -> 272.375
P20: Carlos | Q20: GRJ7/8 | R20: 506 | S20: Uña LK 506 | T20: A10 | U20: Cpo Uña LK C/M Pint. | V20: =+AC20/Z20 -> 101.50992 | Y20: 0.01796 | Z20: 30 | AA20: =+SUMIFS(E:E,B:$B,R20)*3/4 -> 62.0307 | AB20: =+SUMIFS(L:L,B:B,R20) -> 2733.4852 | AC20: =+(AB20*AA20)*Y20 -> 3045.2976
P21: Carlos | Q21: GRJ7/8 | R21: 506 | S21: Uña LK 506 | T21: C10 | U21: Uñas Zinc. | V21: =+AC21/Z21 -> 19.95156 | Y21: 0.00353 | Z21: 30 | AA21: =+SUMIFS(E:E,B:$B,R21)*3/4 -> 62.0307 | AB21: =+SUMIFS(L:L,B:B,R21) -> 2733.4852 | AC21: =+(AB21*AA21)*Y21 -> 598.5468
P22: Jade | Q22: GRJ15 | R22: 530-531-730-731-706-700 | S22: Pintura Azul Mate | V22: =+AC22/Z22 -> #DIV/0! | AA22: =+SUMIFS(E:E,B:$B,R22) -> 0 | AB22: =+SUMIFS(L:L,B:B,R22) -> 9224 | AC22: =+(AB22*AA22)*Y22 -> 0

Sheet Garage 9-1
C4: =+TODAY() -> 46101
H5: Informacion Cajones Garage | P5: Cajones a Preparar | Y5: Informacion Partes
A6: Sector | B6: Art | C6: Descripcion | D6: Stock Actual Cajon | E6: Pedido Cajon | F6: % Ocup | H6: Max Entra Caj | I6: Kg x Cajon | J6: Max Uni | K6: KG x Uni | L6: Uni x Cajon | M6: Est Madre Uni | N6: Stock Max Madre 3M | P6: Taller | Q6: Sector Garage | R6: Cod | S6: Descripcion | T6: Sector Parte | U6: Descrip | V6: Cajon/ Paq a Enviar | Y6: Kg x Uni | Z6: Kg x Cajon | AA6: Cajones Pedido | AB6: Uni x Cajon | AC6: Kg a Enviar
A7: GRJ 1 | B7: 500 | C7: Uña 500 LK | D7: 2 | E7: =+IF(D7="","",IF(D7-N7>0,0,N7-D7)) -> 2.7448 | F7: =+IFERROR(D7/H7,) -> 0.4 | H7: 5 | I7: 30 | J7: =+H7*L7 -> 4552.352 | K7: 0.03295 | L7: =+I7/K7 -> 910.47041 | M7: =IFERROR(VLOOKUP(B7,'Estadistica Madre CH 23-01'!A:C,3,0),+VLOOKUP(B7,'Estadistica Madre LK 23-01 '!A:C,3,0)) -> 1440 | N7: =3*M7/L7 -> 4.7448 | P7: Martin | Q7: GRJ 1 | R7: 500 | S7: Uña 500 LK | T7: C1 | U7: Abrelata Pie Uña Serig | V7: =+AC7/Z7 -> 2.4443576 | Y7: 0.029343333 | Z7: 30 | AA7: =+SUMIFS(E:E,B:$B,R7) -> 2.7448 | AB7: =+SUMIFS(L:L,B:B,R7) -> 910.47041 | AC7: =+(AB7*AA7)*Y7 -> 73.330727
A8: GRJ7/8 | B8: 506 | C8: Uña LK 506 | D8: 12 | E8: =+IF(D8="","",IF(D8-N8>0,0,N8-D8)) -> 29.3538 | F8: =+IFERROR(D8/H8,) -> 0.33333333 | H8: 36 | I8: 30 | J8: =+H8*L8 -> 49202.733 | K8: 0.02195 | L8: =+I8/K8 -> 1366.7426 | M8: =IFERROR(VLOOKUP(B8,'Estadistica Madre CH 23-01'!A:C,3,0),+VLOOKUP(B8,'Estadistica Madre LK 23-01 '!A:C,3,0)) -> 18840 | N8: =3*M8/L8 -> 41.3538 | P8: Martin | Q8: GRJ 1 | R8: 500 | S8: Uña 500 LK | T8: C10 | U8: Uñas Zinc. | V8: =+AC8/Z8 -> 0.29405596 | Y8: 0.00353 | Z8: 30 | AA8: =+SUMIFS(E:E,B:$B,R8) -> 2.7448 | AB8: =+SUMIFS(L:L,B:B,R8) -> 910.47041 | AC8: =+(AB8*AA8)*Y8 -> 8.8216789
A9: GRJ 4 | B9: 654 | C9: Bomb Autolimp. 654 | D9: 0 | E9: =+IF(D9="","",IF(D9-N9>0,0,N9-D9)) -> 3.9216 | F9: =+IFERROR(D9/H9,) -> 0 | H9: 5 | I9: 15 | J9: =+H9*L9 -> 3488.3721 | K9: 0.0215 | L9: =+I9/K9 -> 697.67442 | M9: =IFERROR(VLOOKUP(B9,'Estadistica Madre CH 23-01'!A:C,3,0),+VLOOKUP(B9,'Estadistica Madre LK 23-01 '!A:C,3,0)) -> 912 | N9: =3*M9/L9 -> 3.9216 | P9: Martin | Q9: GRJ7/8 | R9: 506 | S9: Uña LK 506 | T9: A10 | U9: Cpo Uña LK C/M Pint. | V9: =+AC9/Z9 -> 24.017961 | Y9: 0.01796 | Z9: 30 | AA9: =+SUMIFS(E:E,B:$B,R9)*1/4 -> 14.6769 | AB9: =+SUMIFS(L:L,B:B,R9) -> 2733.4852 | AC9: =+(AB9*AA9)*Y9 -> 720.53884
A10: GRJ 5 | B10: 558 | C10: Bomb. Tradicional 558 | D10: 0 | E10: =+IF(D10="","",IF(D10-N10>0,0,N10-D10)) -> 54.87 | F10: =+IFERROR(D10/H10,) -> 0 | H10: 10 | I10: 1.8 | J10: =+H10*L10 -> 1161.2903 | K10: 0.0155 | L10: =+I10/K10 -> 116.12903 | M10: =IFERROR(VLOOKUP(B10,'Estadistica Madre CH 23-01'!A:C,3,0),+VLOOKUP(B10,'Estadistica Madre LK 23-01 '!A:C,3,0)) -> 2124 | N10: =3*M10/L10 -> 54.87 | P10: Martin | Q10: GRJ7/8 | R10: 506 | S10: Uña LK 506 | T10: C10 | U10: Uñas Zinc. | V10: =+AC10/Z10 -> 4.7206795 | Y10: 0.00353 | Z10: 30 | AA10: =+SUMIFS(E:E,B:$B,R10)*1/4 -> 14.6769 | AB10: =+SUMIFS(L:L,B:B,R10) -> 2733.4852 | AC10: =+(AB10*AA10)*Y10 -> 141.62038
A11: GRJ 6 | B11: 557 | C11: Bomb. Tradicional 557 | D11: 0 | E11: =+IF(D11="","",IF(D11-N11>0,0,N11-D11)) -> 37.1 | F11: =+IFERROR(D11/H11,) -> 0 | H11: 1 | I11: 1.8 | J11: =+H11*L11 -> 113.20755 | K11: 0.0159 | L11: =+I11/K11 -> 113.20755 | M11: =IFERROR(VLOOKUP(B11,'Estadistica Madre CH 23-01'!A:C,3,0),+VLOOKUP(B11,'Estadistica Madre LK 23-01 '!A:C,3,0)) -> 1400 | N11: =3*M11/L11 -> 37.1 | P11: Fabrica | Q11: GRJ 4 | R11: 654 | S11: Bomb Autolimp. 654 | V11: =+AC11/Z11 -> #DIV/0! | AA11: =+SUMIFS(E:E,B:$B,R11) -> 3.9216 | AB11: =+SUMIFS(L:L,B:B,R11) -> 697.67442 | AC11: =+(AB11*AA11)*Y11 -> 0
A12: GRJ9 | B12: 510 | C12: Uña Crom 510 | D12: 0 | E12: =+IF(D12="","",IF(D12-N12>0,0,N12-D12)) -> 14.2032 | F12: =+IFERROR(D12/H12,) -> 0 | H12: 8 | I12: 30 | J12: =+H12*L12 -> 10909.091 | K12: 0.022 | L12: =+I12/K12 -> 1363.6364 | M12: =IFERROR(VLOOKUP(B12,'Estadistica Madre CH 23-01'!A:C,3,0),+VLOOKUP(B12,'Estadistica Madre LK 23-01 '!A:C,3,0)) -> 6456 | N12: =3*M12/L12 -> 14.2032 | P12: Fabrica | Q12: GRJ 5 | R12: 558 | S12: Bomb. Tradicional 558 | V12: =+AC12/Z12 -> #DIV/0! | AA12: =+SUMIFS(E:E,B:$B,R12) -> 54.87 | AB12: =+SUMIFS(L:L,B:B,R12) -> 116.12903 | AC12: =+(AB12*AA12)*Y12 -> 0
A13: GJR10 | B13: 544 | C13: Batidor Pera | D13: 30 | E13: =+IF(D13="","",IF(D13-N13>0,0,N13-D13)) -> 109.95 | F13: =+IFERROR(D13/H13,) -> 0.55555556 | H13: 54 | I13: 15.68 | J13: =+H13*L13 -> 8640 | K13: 0.098 | L13: =+I13/K13 -> 160 | M13: =IFERROR(VLOOKUP(B13,'Estadistica Madre CH 23-01'!A:C,3,0),+VLOOKUP(B13,'Estadistica Madre LK 23-01 '!A:C,3,0)) -> 7464 | N13: =3*M13/L13 -> 139.95 | P13: Fabrica | Q13: GRJ 6 | R13: 557 | S13: Bomb. Tradicional 557 | V13: =+AC13/Z13 -> #DIV/0! | AA13: =+SUMIFS(E:E,B:$B,R13) -> 37.1 | AB13: =+SUMIFS(L:L,B:B,R13) -> 113.20755 | AC13: =+(AB13*AA13)*Y13 -> 0
A14: GRJ7/8 | B14: 506 | C14: Uña LK 506 | D14: 12 | E14: =+IF(D14="","",IF(D14-N14>0,0,N14-D14)) -> 29.3538 | F14: =+IFERROR(D14/H14,) -> 0.33333333 | H14: 36 | I14: 30 | J14: =+H14*L14 -> 49202.733 | K14: 0.02195 | L14: =+I14/K14 -> 1366.7426 | M14: =IFERROR(VLOOKUP(B14,'Estadistica Madre CH 23-01'!A:C,3,0),+VLOOKUP(B14,'Estadistica Madre LK 23-01 '!A:C,3,0)) -> 18840 | N14: =3*M14/L14 -> 41.3538 | P14: Carlos | Q14: GRJ9 | R14: 510 | S14: Uña Crom 510 | T14: A15 | U14: Cpo Uña Crom. LK C/M | V14: =+AC14/Z14 -> 11.629408 | Y14: 0.018013333 | Z14: 30 | AA14: =+SUMIFS(E:E,B:$B,R14) -> 14.2032 | AB14: =+SUMIFS(L:L,B:B,R14) -> 1363.6364 | AC14: =+(AB14*AA14)*Y14 -> 348.88224
A15: GRJ15 | B15: 530-531-730-731-706-700 | C15: Pintura Azul Mate | D15: 4 | E15: =+IF(D15="","",IF(D15-N15>0,0,N15-D15)) -> 0 | F15: =+IFERROR(D15/H15,) -> 0.2 | H15: 20 | I15: =+H15*J15 -> 400 | J15: 20 | K15: 12.867568 | L15: =+SUMIFS('Consumo '!E:E,'Consumo '!A:A,'Garage 9-1'!A15) -> 9224 | M15: =+K15*1.5 -> 19.301351 | N15: =3*M15/L15 -> 0.0062775427 | P15: Carlos | Q15: GRJ9 | R15: 510 | S15: Uña Crom 510 | T15: C10 | U15: Uñas Zinc. | V15: =+AC15/Z15 -> 2.278968 | Y15: 0.00353 | Z15: 30 | AA15: =+SUMIFS(E:E,B:$B,R15) -> 14.2032 | AB15: =+SUMIFS(L:L,B:B,R15) -> 1363.6364 | AC15: =+(AB15*AA15)*Y15 -> 68.36904
P16: Carlos | Q16: GJR10 | R16: 544 | S16: Batidor Pera | T16: LL9 | U16: Resorte Batidor Pera | V16: =+AC16/Z16 -> 34.695333 | Y16: 0.0355 | Z16: 18 | AA16: =+SUMIFS(E:E,B:$B,R16) -> 109.95 | AB16: =+SUMIFS(L:L,B:B,R16) -> 160 | AC16: =+(AB16*AA16)*Y16 -> 624.516
P17: Carlos | Q17: GJR10 | R17: 544 | S17: Batidor Pera | T17: LLF7B | U17: Arandela Batidor Pera | V17: =+AC17/Z17 -> 0.8741025 | Y17: 0.00159 | Z17: 32 | AA17: =+SUMIFS(E:E,B:$B,R17) -> 109.95 | AB17: =+SUMIFS(L:L,B:B,R17) -> 160 | AC17: =+(AB17*AA17)*Y17 -> 27.97128
P18: Carlos | Q18: GJR10 | R18: 544 | S18: Batidor Pera | T18: E4 | U18: Fleje Ø2 x 600 | V18: =+AC18/Z18 -> 58.410937 | Y18: 0.046484375 | Z18: 14 | AA18: =+SUMIFS(E:E,B:$B,R18) -> 109.95 | AB18: =+SUMIFS(L:L,B:B,R18) -> 160 | AC18: =+(AB18*AA18)*Y18 -> 817.75312
P19: Carlos | Q19: GJR10 | R19: 544 | S19: Batidor Pera | T19: E5 | U19: Fleje Ø2 x 665 | V19: =+AC19/Z19 -> 27.4875 | Y19: 0.015625 | Z19: 10 | AA19: =+SUMIFS(E:E,B:$B,R19) -> 109.95 | AB19: =+SUMIFS(L:L,B:B,R19) -> 160 | AC19: =+(AB19*AA19)*Y19 -> 274.875
P20: Carlos | Q20: GRJ7/8 | R20: 506 | S20: Uña LK 506 | T20: A10 | U20: Cpo Uña LK C/M Pint. | V20: =+AC20/Z20 -> 72.053884 | Y20: 0.01796 | Z20: 30 | AA20: =+SUMIFS(E:E,B:$B,R20)*3/4 -> 44.0307 | AB20: =+SUMIFS(L:L,B:B,R20) -> 2733.4852 | AC20: =+(AB20*AA20)*Y20 -> 2161.6165
P21: Carlos | Q21: GRJ7/8 | R21: 506 | S21: Uña LK 506 | T21: C10 | U21: Uñas Zinc. | V21: =+AC21/Z21 -> 14.162038 | Y21: 0.00353 | Z21: 30 | AA21: =+SUMIFS(E:E,B:$B,R21)*3/4 -> 44.0307 | AB21: =+SUMIFS(L:L,B:B,R21) -> 2733.4852 | AC21: =+(AB21*AA21)*Y21 -> 424.86115
P22: Jade | Q22: GRJ15 | R22: 530-531-730-731-706-700 | S22: Pintura Azul Mate | V22: =+AC22/Z22 -> #DIV/0! | AA22: =+SUMIFS(E:E,B:$B,R22) -> 0 | AB22: =+SUMIFS(L:L,B:B,R22) -> 9224 | AC22: =+(AB22*AA22)*Y22 -> 0

Sheet Garage 02-01
C4: =+TODAY() -> 46101
H5: Informacion Cajones Garage | P5: Cajones a Preparar | Y5: Informacion Partes
A6: Sector | B6: Art | C6: Descripcion | D6: Stock Actual Cajon | E6: Pedido Cajon | F6: % Ocup | H6: Max Entra Caj | I6: Kg x Cajon | J6: Max Uni | K6: KG x Uni | L6: Uni x Cajon | M6: Est Madre Uni | N6: Stock Max Madre 3M | P6: Taller | Q6: Sector Garage | R6: Cod | S6: Descripcion | T6: Sector Parte | U6: Descrip | V6: Cajon/ Paq a Enviar | Y6: Kg x Uni | Z6: Kg x Cajon | AA6: Cajones Pedido | AB6: Uni x Cajon | AC6: Kg a Enviar
A7: GRJ 1 | B7: 500 | C7: Uña 500 LK | D7: 2 | E7: =+IF(D7="","",IF(D7-N7>0,0,N7-D7)) -> 2.7448 | F7: =+IFERROR(D7/H7,) -> 0.4 | H7: 5 | I7: 30 | J7: =+H7*L7 -> 4552.352 | K7: 0.03295 | L7: =+I7/K7 -> 910.47041 | M7: =IFERROR(VLOOKUP(B7,'Estadistica Madre CH 23-01'!A:C,3,0),+VLOOKUP(B7,'Estadistica Madre LK 23-01 '!A:C,3,0)) -> 1440 | N7: =3*M7/L7 -> 4.7448 | P7: Martin | Q7: GRJ 1 | R7: 500 | S7: Uña 500 LK | T7: C1 | U7: Abrelata Pie Uña Serig | V7: =+AC7/Z7 -> 2.4443576 | Y7: 0.029343333 | Z7: 30 | AA7: =+SUMIFS(E:E,B:$B,R7) -> 2.7448 | AB7: =+SUMIFS(L:L,B:B,R7) -> 910.47041 | AC7: =+(AB7*AA7)*Y7 -> 73.330727
A8: GRJ7/8 | B8: 506 | C8: Uña LK 506 | D8: 12 | E8: =+IF(D8="","",IF(D8-N8>0,0,N8-D8)) -> 29.3538 | F8: =+IFERROR(D8/H8,) -> 0.33333333 | H8: 36 | I8: 30 | J8: =+H8*L8 -> 49202.733 | K8: 0.02195 | L8: =+I8/K8 -> 1366.7426 | M8: =IFERROR(VLOOKUP(B8,'Estadistica Madre CH 23-01'!A:C,3,0),+VLOOKUP(B8,'Estadistica Madre LK 23-01 '!A:C,3,0)) -> 18840 | N8: =3*M8/L8 -> 41.3538 | P8: Martin | Q8: GRJ 1 | R8: 500 | S8: Uña 500 LK | T8: C10 | U8: Uñas Zinc. | V8: =+AC8/Z8 -> 0.29405596 | Y8: 0.00353 | Z8: 30 | AA8: =+SUMIFS(E:E,B:$B,R8) -> 2.7448 | AB8: =+SUMIFS(L:L,B:B,R8) -> 910.47041 | AC8: =+(AB8*AA8)*Y8 -> 8.8216789
A9: GRJ 4 | B9: 654 | C9: Bomb Autolimp. 654 | D9: 0 | E9: =+IF(D9="","",IF(D9-N9>0,0,N9-D9)) -> 3.9216 | F9: =+IFERROR(D9/H9,) -> 0 | H9: 5 | I9: 15 | J9: =+H9*L9 -> 3488.3721 | K9: 0.0215 | L9: =+I9/K9 -> 697.67442 | M9: =IFERROR(VLOOKUP(B9,'Estadistica Madre CH 23-01'!A:C,3,0),+VLOOKUP(B9,'Estadistica Madre LK 23-01 '!A:C,3,0)) -> 912 | N9: =3*M9/L9 -> 3.9216 | P9: Martin | Q9: GRJ7/8 | R9: 506 | S9: Uña LK 506 | T9: A10 | U9: Cpo Uña LK C/M Pint. | V9: =+AC9/Z9 -> 24.017961 | Y9: 0.01796 | Z9: 30 | AA9: =+SUMIFS(E:E,B:$B,R9)*1/4 -> 14.6769 | AB9: =+SUMIFS(L:L,B:B,R9) -> 2733.4852 | AC9: =+(AB9*AA9)*Y9 -> 720.53884
A10: GRJ 5 | B10: 558 | C10: Bomb. Tradicional 558 | D10: 0 | E10: =+IF(D10="","",IF(D10-N10>0,0,N10-D10)) -> 54.87 | F10: =+IFERROR(D10/H10,) -> 0 | H10: 10 | I10: 1.8 | J10: =+H10*L10 -> 1161.2903 | K10: 0.0155 | L10: =+I10/K10 -> 116.12903 | M10: =IFERROR(VLOOKUP(B10,'Estadistica Madre CH 23-01'!A:C,3,0),+VLOOKUP(B10,'Estadistica Madre LK 23-01 '!A:C,3,0)) -> 2124 | N10: =3*M10/L10 -> 54.87 | P10: Martin | Q10: GRJ7/8 | R10: 506 | S10: Uña LK 506 | T10: C10 | U10: Uñas Zinc. | V10: =+AC10/Z10 -> 4.7206795 | Y10: 0.00353 | Z10: 30 | AA10: =+SUMIFS(E:E,B:$B,R10)*1/4 -> 14.6769 | AB10: =+SUMIFS(L:L,B:B,R10) -> 2733.4852 | AC10: =+(AB10*AA10)*Y10 -> 141.62038
A11: GRJ 6 | B11: 557 | C11: Bomb. Tradicional 557 | D11: 0 | E11: =+IF(D11="","",IF(D11-N11>0,0,N11-D11)) -> 37.1 | F11: =+IFERROR(D11/H11,) -> 0 | H11: 1 | I11: 1.8 | J11: =+H11*L11 -> 113.20755 | K11: 0.0159 | L11: =+I11/K11 -> 113.20755 | M11: =IFERROR(VLOOKUP(B11,'Estadistica Madre CH 23-01'!A:C,3,0),+VLOOKUP(B11,'Estadistica Madre LK 23-01 '!A:C,3,0)) -> 1400 | N11: =3*M11/L11 -> 37.1 | P11: Fabrica | Q11: GRJ 4 | R11: 654 | S11: Bomb Autolimp. 654 | V11: =+AC11/Z11 -> #DIV/0! | AA11: =+SUMIFS(E:E,B:$B,R11) -> 3.9216 | AB11: =+SUMIFS(L:L,B:B,R11) -> 697.67442 | AC11: =+(AB11*AA11)*Y11 -> 0
A12: GRJ9 | B12: 510 | C12: Uña Crom 510 | D12: 4 | E12: =+IF(D12="","",IF(D12-N12>0,0,N12-D12)) -> 10.2032 | F12: =+IFERROR(D12/H12,) -> 0.5 | H12: 8 | I12: 30 | J12: =+H12*L12 -> 10909.091 | K12: 0.022 | L12: =+I12/K12 -> 1363.6364 | M12: =IFERROR(VLOOKUP(B12,'Estadistica Madre CH 23-01'!A:C,3,0),+VLOOKUP(B12,'Estadistica Madre LK 23-01 '!A:C,3,0)) -> 6456 | N12: =3*M12/L12 -> 14.2032 | P12: Fabrica | Q12: GRJ 5 | R12: 558 | S12: Bomb. Tradicional 558 | V12: =+AC12/Z12 -> #DIV/0! | AA12: =+SUMIFS(E:E,B:$B,R12) -> 54.87 | AB12: =+SUMIFS(L:L,B:B,R12) -> 116.12903 | AC12: =+(AB12*AA12)*Y12 -> 0
A13: GJR10 | B13: 544 | C13: Batidor Pera | D13: 0 | E13: =+IF(D13="","",IF(D13-N13>0,0,N13-D13)) -> 139.95 | F13: =+IFERROR(D13/H13,) -> 0 | H13: 54 | I13: 15.68 | J13: =+H13*L13 -> 8640 | K13: 0.098 | L13: =+I13/K13 -> 160 | M13: =IFERROR(VLOOKUP(B13,'Estadistica Madre CH 23-01'!A:C,3,0),+VLOOKUP(B13,'Estadistica Madre LK 23-01 '!A:C,3,0)) -> 7464 | N13: =3*M13/L13 -> 139.95 | P13: Fabrica | Q13: GRJ 6 | R13: 557 | S13: Bomb. Tradicional 557 | V13: =+AC13/Z13 -> #DIV/0! | AA13: =+SUMIFS(E:E,B:$B,R13) -> 37.1 | AB13: =+SUMIFS(L:L,B:B,R13) -> 113.20755 | AC13: =+(AB13*AA13)*Y13 -> 0
A14: GRJ7/8 | B14: 506 | C14: Uña LK 506 | D14: 12 | E14: =+IF(D14="","",IF(D14-N14>0,0,N14-D14)) -> 29.3538 | F14: =+IFERROR(D14/H14,) -> 0.33333333 | H14: 36 | I14: 30 | J14: =+H14*L14 -> 49202.733 | K14: 0.02195 | L14: =+I14/K14 -> 1366.7426 | M14: =IFERROR(VLOOKUP(B14,'Estadistica Madre CH 23-01'!A:C,3,0),+VLOOKUP(B14,'Estadistica Madre LK 23-01 '!A:C,3,0)) -> 18840 | N14: =3*M14/L14 -> 41.3538 | P14: Carlos | Q14: GRJ9 | R14: 510 | S14: Uña Crom 510 | T14: A15 | U14: Cpo Uña Crom. LK C/M | V14: =+AC14/Z14 -> 8.3542565 | Y14: 0.018013333 | Z14: 30 | AA14: =+SUMIFS(E:E,B:$B,R14) -> 10.2032 | AB14: =+SUMIFS(L:L,B:B,R14) -> 1363.6364 | AC14: =+(AB14*AA14)*Y14 -> 250.62769
A15: GRJ15 | B15: 530-531-730-731-706-700 | C15: Pintura Azul Mate | E15: =+IF(D15="","",IF(D15-N15>0,0,N15-D15)) | F15: =+IFERROR(D15/H15,) -> 0 | H15: 20 | I15: =+H15*J15 -> 400 | J15: 20 | K15: 12.867568 | L15: =+SUMIFS('Consumo '!E:E,'Consumo '!A:A,'Garage 02-01'!A15) -> 9224 | M15: =+K15*1.5 -> 19.301351 | N15: =3*M15/L15 -> 0.0062775427 | P15: Carlos | Q15: GRJ9 | R15: 510 | S15: Uña Crom 510 | T15: C10 | U15: Uñas Zinc. | V15: =+AC15/Z15 -> 1.6371498 | Y15: 0.00353 | Z15: 30 | AA15: =+SUMIFS(E:E,B:$B,R15) -> 10.2032 | AB15: =+SUMIFS(L:L,B:B,R15) -> 1363.6364 | AC15: =+(AB15*AA15)*Y15 -> 49.114495
P16: Carlos | Q16: GJR10 | R16: 544 | S16: Batidor Pera | T16: LL9 | U16: Resorte Batidor Pera | V16: =+AC16/Z16 -> 44.162 | Y16: 0.0355 | Z16: 18 | AA16: =+SUMIFS(E:E,B:$B,R16) -> 139.95 | AB16: =+SUMIFS(L:L,B:B,R16) -> 160 | AC16: =+(AB16*AA16)*Y16 -> 794.916
P17: Carlos | Q17: GJR10 | R17: 544 | S17: Batidor Pera | T17: LLF7B | U17: Arandela Batidor Pera | V17: =+AC17/Z17 -> 1.1126025 | Y17: 0.00159 | Z17: 32 | AA17: =+SUMIFS(E:E,B:$B,R17) -> 139.95 | AB17: =+SUMIFS(L:L,B:B,R17) -> 160 | AC17: =+(AB17*AA17)*Y17 -> 35.60328
P18: Carlos | Q18: GJR10 | R18: 544 | S18: Batidor Pera | T18: E4 | U18: Fleje Ø2 x 600 | V18: =+AC18/Z18 -> 74.348437 | Y18: 0.046484375 | Z18: 14 | AA18: =+SUMIFS(E:E,B:$B,R18) -> 139.95 | AB18: =+SUMIFS(L:L,B:B,R18) -> 160 | AC18: =+(AB18*AA18)*Y18 -> 1040.8781
P19: Carlos | Q19: GJR10 | R19: 544 | S19: Batidor Pera | T19: E5 | U19: Fleje Ø2 x 665 | V19: =+AC19/Z19 -> 34.9875 | Y19: 0.015625 | Z19: 10 | AA19: =+SUMIFS(E:E,B:$B,R19) -> 139.95 | AB19: =+SUMIFS(L:L,B:B,R19) -> 160 | AC19: =+(AB19*AA19)*Y19 -> 349.875
P20: Carlos | Q20: GRJ7/8 | R20: 506 | S20: Uña LK 506 | T20: A10 | U20: Cpo Uña LK C/M Pint. | V20: =+AC20/Z20 -> 72.053884 | Y20: 0.01796 | Z20: 30 | AA20: =+SUMIFS(E:E,B:$B,R20)*3/4 -> 44.0307 | AB20: =+SUMIFS(L:L,B:B,R20) -> 2733.4852 | AC20: =+(AB20*AA20)*Y20 -> 2161.6165
P21: Carlos | Q21: GRJ7/8 | R21: 506 | S21: Uña LK 506 | T21: C10 | U21: Uñas Zinc. | V21: =+AC21/Z21 -> 14.162038 | Y21: 0.00353 | Z21: 30 | AA21: =+SUMIFS(E:E,B:$B,R21)*3/4 -> 44.0307 | AB21: =+SUMIFS(L:L,B:B,R21) -> 2733.4852 | AC21: =+(AB21*AA21)*Y21 -> 424.86115
P22: Jade | Q22: GRJ15 | R22: 530-531-730-731-706-700 | S22: Pintura Azul Mate | V22: =+AC22/Z22 -> #DIV/0! | AA22: =+SUMIFS(E:E,B:$B,R22) -> 0 | AB22: =+SUMIFS(L:L,B:B,R22) -> 9224 | AC22: =+(AB22*AA22)*Y22 -> 0

Sheet Consumo 
A1: Sector | B1: Descripción | C1: Cod Art | D1: Kg x Uni | E1: Est Madre Uni | F1: Est Madre Kg
A2: GRJ15 | B2: Pintura Azul Mate | C2: 530 | D2: 0.0018018018 | E2: =+IFERROR(VLOOKUP(C2,'Estadistica Madre LK 23-01 '!A:C,3,0),VLOOKUP(C2,'Estadistica Madre CH 23-01'!A:C,3,0)) -> 3600 | F2: =+D2*E2 -> 6.4864865
A3: GRJ15 | B3: Pintura Azul Mate | C3: 531 | D3: 0.0018018018 | E3: =+IFERROR(VLOOKUP(C3,'Estadistica Madre LK 23-01 '!A:C,3,0),VLOOKUP(C3,'Estadistica Madre CH 23-01'!A:C,3,0)) -> 1440 | F3: =+D3*E3 -> 2.5945946
A4: GRJ15 | B4: Pintura Azul Mate | C4: 730 | D4: 0.0018018018 | E4: =+IFERROR(VLOOKUP(C4,'Estadistica Madre LK 23-01 '!A:C,3,0),VLOOKUP(C4,'Estadistica Madre CH 23-01'!A:C,3,0)) -> 1080 | F4: =+D4*E4 -> 1.9459459
A5: GRJ15 | B5: Pintura Azul Mate | C5: 731 | D5: 0.0018018018 | E5: =+IFERROR(VLOOKUP(C5,'Estadistica Madre LK 23-01 '!A:C,3,0),VLOOKUP(C5,'Estadistica Madre CH 23-01'!A:C,3,0)) -> 504 | F5: =+D5*E5 -> 0.90810811
A6: GRJ15 | B6: Pintura Azul Mate | C6: 706 | D6: 0.000175 | E6: =+IFERROR(VLOOKUP(C6,'Estadistica Madre LK 23-01 '!A:C,3,0),VLOOKUP(C6,'Estadistica Madre CH 23-01'!A:C,3,0)) -> 2400 | F6: =+D6*E6 -> 0.42
A7: GRJ15 | B7: Pintura Azul Mate | C7: 700 | D7: 0.0004 | E7: =+IFERROR(VLOOKUP(C7,'Estadistica Madre LK 23-01 '!A:C,3,0),VLOOKUP(C7,'Estadistica Madre CH 23-01'!A:C,3,0)) -> 200 | F7: =+D7*E7 -> 0.08

Sheet Estadistica Madre LK 23-01 
A5: Cod Nuevo Isis | B5: Descripcion | C5: E.Madre Sugerencia Uni x Mes
A6: 505 | B6: Pelador Mgo Plastico | C6: 30000
A7: 506 | B7: Abrelatas Uña | C7: 18840
A8: 513 | B8: Pelador Mgo Metalico | C8: 18204
A9: 31 | B9: Filtro De Cafe | C9: 18192
A10: 586 | B10: Pelapapas Mgo Ergonomico | C10: 6996
A11: 530 | B11: Sacacorcho Tipo Mozo Color | C11: 3600
A12: 546 | B12: Corta Queso | C12: 7200
A13: 544 | B13: Batidor Pera Alambre | C13: 7464
A14: 504 | B14: Afila Cuchillos | C14: 6996
A15: 501 | B15: Abrelatas A Manija | C15: 6912
A16: 502 | B16: Abrelatas A Mariposa | C16: 5796
A17: 321 | B17: Rallador Cilindrico | C17: 3120
... A25: 30 | B25: Colador N°20 | C25: 0
A26: 529E | B26: Sacacorcho Doble Impulso | C26: 4400
A27: 224 | B27: Cuchara Madera 30 Cm X 12 | C27: 588
A28: 29 | B28: Colador N°16 | C28: 0
A29: 558 | B29: Bombilla Resorte Tradicio | C29: 2124
A30: 523 | B30: Sacacorcho Doble Aleta | C30: 2400
A31: 512 | B31: Abrelata Mariposa Plastic | C31: 1656
A32: 521 | B32: Sacacorcho Combinado Crom | C32: 2220
A33: 581 | B33: Sacacorcho Cabo Plastico | C33: 768
A34: 531 | B34: Sacacorcho Combinado Color | C34: 1440
A35: 248 | B35: Cuchara De Cocina 33 Cm X 12 | C35: 924
A36: 555 | B36: Cepillo Limpia Bombilla | C36: 1800
A37: 575 | B37: Tapon De Vino/Cerv X1 Negro | C37: 1092
A38: 66 | B38: Abrelata Super Mariposa | C38: 2100
... A43: 562 | B43: Corta Pizza Mgo 6cm | C43: 1200
A44: 816E | B44: Pelador "V" Horizontal | C44: 1872
A45: 229 | B45: Ñoquera Madera | C45: 1008
A46: 500 | B46: Abrelata Uña Pie Color | C46: 1440
A47: 654 | B47: Bombilla Autolimpiante In | C47: 912
A48: 564 | B48: Corta Pizza Gastronomico | C48: 444
A49: 525 | B49: Sacacorcho Cabo De Madera | C49: 0
A50: 560 | B50: Pinza Chica | C50: 660
A51: 225 | B51: Cuchara Madera 35 Cm X 12 | C51: 2400
A52: 518 | B52: Sacafuente Gastronomico | C52: 780
A53: 580 | B53: Batidor Mini | C53: 684
A54: 577 | B54: Tapon De Vino/Cerveza Premium | C54: 984
A55: 280 | B55: Manga Repostera + 4 Boqui | C55: 1300
A56: 507 | B56: Rompenueces | C56: 792
... A72: 223 | B72: Cuchara Madera 25 Cm X 12 | C72: 276
A73: 811E | B73: Corta Pizza C/Mgo Ergonom | C73: 360
A74: 543 | B74: Ahueca Frutas | C74: 396
A75: 569 | B75: Pelanaranjas X 1 Display | C75: 168
A76: 392 | B76: Cucharon Nylon 1 Pza | C76: 312
A77: 595 | B77: Pinza De Fiambre Mgo Plas X 12 | C77: 288
A78: 312 | B78: Pala De Torta Acero Inox | C78: 204
A79: 515 | B79: Batidor Resorte | C79: 441.6
A80: 579 | B80: Tapon De Vino/Cerv X 1 Color | C80: 660
A81: 532 | B81: Cuchara De Helado | C81: 312
A82: 511 | B82: 3 En 1 | C82: 484
A83: 394 | B83: Espatula Lisa Nylon 1 Pza | C83: 360
A84: 542 | B84: Ahueca Papas | C84: 384
A85: 299 | B85: Muñeco Silicona Antiderra | C85: 324
... A107: 509 | B107: Paleta Batidora | C107: 192
A108: 814E | B108: Mariposa Manopla Magnetic | C108: 36
A109: 585E | B109: Sac.Doble Aleta Fundicion | C109: 600
A110: 819E | B110: Sacacorcho "Fish" Grande | C110: 600
A111: 580E | B111: Batidor Mini | C111: 0
A112: 503E | B112: Abrelatas Doble Engranaje | C112: 360
A113: 809E | B113: Corta Pizza Familiar | C113: 120
A114: 516 | B114: Destapacorona Suelto | C114: 500
A115: 554 | B115: Cucharita Matera | C115: 192
A116: 438E | B116: Colador Acero Inox 20 Cm | C116: 700
A117: 335 | B117: Cuchara Calada Ac.Inox. | C117: 120
A118: 390 | B118: Cuchara Calada Nylon 1 Pz | C118: 120
A119: 389 | B119: Espumadera Nylon c/ Mgo | C119: 0
A120: 534 | B120: Cepillo Lava Vajilla | C120: 144
A121: 339 | B121: Cuchara Spaghetti Ac Inox. | C121: 0
A122: 338 | B122: Espatula Lisa Ac.Inox. | C122: 240
A123: 498 | B123: Destapador Pie Cromado | C123: 144
A124: 337 | B124: Tenedor Ac Inox | C124: 96
A125: 547 | B125: Corta Torta | C125: 24
A126: 435E | B126: Colador Acero Inox 10 Cm | C126: 0
A127: 478E | B127: Sacacorcho Doble Impulso
A128: 525E | B128: Sacacorcho Cabo Madera | C128: 1800
A129: 574 | B129: Corta Queso De Alambre | C129: 0
A130: 28 | B130: Colador N°13 Discontinuo | C130: 0
A131: 250 | B131: Mate Forrado | C131: 0
A132: 253 | B132: Mate Calabaza C/Virola | C132: 0
A133: 254 | B133: Mate Calabaza S/Virola | C133: 0
A134: 578 | B134: Descarozador De Aceitunas | C134: 0
A135: 574E | B135: Corta Queso De Alambre | C135: 648
A136: 361E | B136: Rallador 4 Lados Ac Inox( | C136: 480
A137: R | B137: Cuchillo De Untar Suelto | C137: 0
A138: 328E | B138: Rallador Plano 3 Usos Ac | C138: 312
A139: 360E | B139: Rallador 4 Lados A/I Mgo | C139: 180
A140: 363E | B140: Rallador Gurmet Grano Fin | C140: 144
A141: 438E | B141: Colador Acero Inox 20 Cm | C141: 700
A142: 810E | B142: Corta Queso Semiduros A/I | C142: 240
A143: 230 | B143: Palo Amasar 30cm | C143: 0
A144: 233 | B144: Palo Amasar 50cm | C144: 0
A145: 436E | B145: Colador Acero Inox 14 Cm | C145: 0
A146: 812E | B146: Corta Huevo | C146: 600
A147: 437E | B147: Colador Acero Inox 16 Cm | C147: 912
A148: 231 | B148: Palo Amasar 40cm | C148: 0
A149: 322 | B149: Tenedor De Copetin X 6 Un | C149: 0
A150: 517 | B150: Pinza Articulada Gastro Proximamente | C150: 0
A151: 558D | B151: Bombilla Resorte Tradicio | C151: 0
...

Sheet Estadistica Madre CH 23-01
A5: Cod.Art. | B5: Descripcion | C5: Est Madre
A6: 43 | B6: Tres En Uno | C6: 240
A7: 52 | B7: Lavavajilla C/Mgo.Arte | C7: 110
A8: 53 | B8: Pinza De Fiambre*Arte* X 12 | C8: 100
A9: 54 | B9: Pinza De Fideos*Arte* | C9: 60
A10: 55 | B10: Pinza De Ensalada*Arte* | C10: 144
A11: 61 | B11: Pinza Chica Detalles Bco Azul | C11: 0
A12: 97 | B12: Afila Cuchillo Con Base V | C12: 450
A13: 99 | B13: Pelapapas Mgo Plast Verde | C13: 1476
A14: 307 | B14: Limpia Mamadera A/I | C14: 480
A15: 452 | B15: Espumadera Nylon C/Mgo
A16: 453 | B16: Cuchara Fideos Nylon C/Mgo
A17: 454 | B17: Cucharon Nylon C/Mgo
A18: 455 | B18: Espatula Calada Nylon C/Mgo
A19: 456 | B19: Espatula Lisa Nylon C/Mgo
A20: 609 | B20: Pisa Papas | C20: 600
A21: 613 | B21: Cuchara Calada 1 Pieza Ac. Inox
A22: 615 | B22: Batidor Resorte | C22: 150
A23: 617 | B23: Pinza Del Chef
A24: 618 | B24: Espat. Repost. Goma Gastr
A25: 619 | B25: Espatula Repost. Goma Com
A26: 630 | B26: Cucharon Ac Inox C/Mgo Ch | C26: 100
A27: 631 | B27: Espumadera Ac Inox C/Mgo | C27: 72
A28: 632 | B28: Pinche Ac Inox C/Mgo Chef | C28: 48
A29: 633 | B29: Cuchara Salsera Ac Inox | C29: 36
A30: 634 | B30: Cuchara Calada Ac Inox | C30: 24
A31: 635 | B31: Espatula Lisa Ac Inox | C31: 48
A32: 636 | B32: Espatula Calada Ac Inox | C32: 60
A33: 637 | B33: Cuchara Spaghetti Ac. Inox | C33: 24
A34: 700 | B34: Destapaca Corona Pint. X | C34: 200
A35: 701 | B35: Abrelatas A Manija | C35: 800
A36: 702 | B36: Abrelatas Mariposa | C36: 1000
A37: 706 | B37: Abrelatas Uñas | C37: 2400
... A67: 800 | B67: Pinza Chica Display | C67: 110
A68: 801 | B68: Pinza Grande Display
A69: 802 | B69: Batidor Pera Display | C69: 1800
A70: 809 | B70: Corta Queso | C70: 800
A71: 816 | B71: Tapon Gaseosa | C71: 200
A72: 817 | B72: Tapon De Gaseosa X 2 Negr | C72: 88
A73: 818 | B73: Corta Torta Plast | C73: 36
A74: 823 | B74: Colador 7 Cm | C74: 540
A75: 824 | B75: Colador 8 Cm | C75: 1344
A76: 825 | B76: Colador 10 Cm | C76: 1608
A77: 836 | B77: Filtro Para Cafe | C77: 3000
A78: 839 | B78: Rallador Chico Chocolate | C78: 204
A79: 840 | B79: Rallador Cilindrico | C79: 800
A80: 842 | B80: Espatula Lisa Plastica | C80: 200
... A110: 922 | B110: Cuchara Madera 25 Display X 12 | C110: 160
A111: 690E | B111: Mariposa Magnetica
A112: 692E | B112: Pelador "V" Horizontal | C112: 0
A113: 702E | B113: Abrelatas Mariposa | C113: 0
A114: 712E | B114: Pelador Mgo Plastico Econ | C114: 240
A115: 725E | B115: Sacacorcho Cabo De Madera | C115: 0
A116: 727E | B116: Sacacorcho Doble Impulso | C116: 0
A117: 729E | B117: Sac Doble Aleta Fund Eco | C117: 0
A118: 733E | B118: Sacacorcho Doble Impulso | C118: 0
A119: 809E | B119: Corta Queso Blandos Mango Alambre | C119: 0
A120: 865E | B120: Rallador Plano A/I 3 Usos | C120: 0
A121: 868E | B121: Rallador 4 Lados A/I Mgo | C121: 0
A122: 877E | B122: Corta Pizza Con Mgo Chino | C122: 0
A123: 98 | B123: Afila Cuchillo Mgo GE
A124: 828 | B124: COLADOR 16 CM | C124: 250
A125: 830 | B125: COLADOR 20 CM | C125: 400
A126: 977 | B126: PLATOS INDIVIDUALES PIZZA X 6
A130: Cod.Art. | B130: Descripcion
A131: 110K | B131: Abrelatas Manija Krea
A132: 111K | B132: Abrelatas Mariposa Krea | C132: 0
A133: 112K | B133: Abrelata Uña | C133: 0
A134: 114K | B134: Sacacorcho Combinado Pint
A135: 115K | B135: Sacacorcho Tipo Mozo Pint | C135: 0
A136: 118K | B136: Afila Cuchillo
A137: 121K | B137: Corta Queso | C137: 0
A138: 126K | B138: Pelador Mgo Metalico | C138: 0
A139: 128K | B139: Batidor Pera | C139: 0
A140: 129K | B140: Cuchillo De Untae X2 | C140: 0
A141: 139K | B141: Pisa Papa | C141: 0
A142: 150K | B142: Cuchara De Madera 35Cm | C142: 0
A143: 163K | B143: Cuchara De Madera De 30 C | C143: 0
A145: 64 | B145: Pinche Brochette X4
A146: 711 | B146: Pelador Mgo Plastico
A147: 750 | B147: Bombilla Basica Corta Cur
A148: 751 | B148: Bombilla Basica Corta Rec
A149: 766 | B149: Bomb Super Niquelada Recta
A150: 756 | B150: Bombilla Coco Curva Entr
A151: 767 | B151: Bomb.Super Niquel.Larg.Cu
A152: 770 | B152: Mate Calabaza S/Virola
A153: 790 | B153: Mate Calabaza C/Virola
A154: 792 | B154: Mate Forrado
A155: 903 | B155: Palo de Amasar 30Cm
A156: 904 | B156: Palo de Amasar 40Cm
A157: 905 | B157: Palo de Amasar de 50Cm
A158: 111E | B158: Abrelata Mariposa Blanco
B159: Batidor Pera
A160: 263KE | B160: Rallador 4 Lados A/I Mgo
A161: 435E | B161: Colador Acero Inox.10Cm
A162: 436E | B162: Colador Acero Inox.14 Cm
A163: 437E | B163: Colador Acero Inox.16 Cm
A164: 438E | B164: Colador Acero Inox.20 Cm
A165: 439E | B165: Colador Metal Perforado A
A166: 440E | B166: Colador Extensible 34X24X
...

Sheet Garage 05-12-25
C4: =+TODAY() -> 46101
H5: Informacion Cajones Garage | P5: Cajones a Preparar | Y5: Informacion Partes
A6: Sector | B6: Art | C6: Descripcion | D6: Stock Actual Cajon | E6: Pedido Cajon | F6: % Ocup | H6: Max Entra Caj | I6: Kg x Cajon | J6: Max Uni | K6: KG x Uni | L6: Uni x Cajon | M6: Est Madre Uni | N6: Stock Max Madre 3M | P6: Taller | Q6: Sector Garage | R6: Cod | S6: Descripcion | T6: Sector Parte | U6: Descrip | V6: Cajon/ Paq a Enviar | Y6: Kg x Uni | Z6: Kg x Cajon | AA6: Cajones Pedido | AB6: Uni x Cajon | AC6: Kg a Enviar
A7: GRJ 1 | B7: 500 | C7: Uña 500 LK | D7: 2 | E7: =+IF(D7="","",IF(D7-N7>0,0,N7-D7)) -> 2.7448 | F7: =+IFERROR(D7/H7,) -> 0.4 | H7: 5 | I7: 30 | J7: =+H7*L7 -> 4552.352 | K7: 0.03295 | L7: =+I7/K7 -> 910.47041 | M7: =IFERROR(VLOOKUP(B7,'Estadistica Madre CH 23-01'!A:C,3,0),+VLOOKUP(B7,'Estadistica Madre LK 23-01 '!A:C,3,0)) -> 1440 | N7: =3*M7/L7 -> 4.7448 | P7: Martin | Q7: GRJ 1 | R7: 500 | S7: Uña 500 LK | T7: C1 | U7: Abrelata Pie Uña Serig | V7: =+AC7/Z7 -> 2.4443576 | Y7: 0.029343333 | Z7: 30 | AA7: =+SUMIFS(E:E,B:$B,R7) -> 2.7448 | AB7: =+SUMIFS(L:L,B:B,R7) -> 910.47041 | AC7: =+(AB7*AA7)*Y7 -> 73.330727
A8: GRJ7/8 | B8: 506 | C8: Uña LK 506 | D8: 11 | E8: =+IF(D8="","",IF(D8-N8>0,0,N8-D8)) -> 30.3538 | F8: =+IFERROR(D8/H8,) -> 0.30555556 | H8: 36 | I8: 30 | J8: =+H8*L8 -> 49202.733 | K8: 0.02195 | L8: =+I8/K8 -> 1366.7426 | M8: =IFERROR(VLOOKUP(B8,'Estadistica Madre CH 23-01'!A:C,3,0),+VLOOKUP(B8,'Estadistica Madre LK 23-01 '!A:C,3,0)) -> 18840 | N8: =3*M8/L8 -> 41.3538 | P8: Martin | Q8: GRJ 1 | R8: 500 | S8: Uña 500 LK | T8: C10 | U8: Uñas Zinc. | V8: =+AC8/Z8 -> 0.29405596 | Y8: 0.00353 | Z8: 30 | AA8: =+SUMIFS(E:E,B:$B,R8) -> 2.7448 | AB8: =+SUMIFS(L:L,B:B,R8) -> 910.47041 | AC8: =+(AB8*AA8)*Y8 -> 8.8216789
A9: GRJ 4 | B9: 654 | C9: Bomb Autolimp. 654 | D9: 0 | E9: =+IF(D9="","",IF(D9-N9>0,0,N9-D9)) -> 3.9216 | F9: =+IFERROR(D9/H9,) -> 0 | H9: 5 | I9: 15 | J9: =+H9*L9 -> 3488.3721 | K9: 0.0215 | L9: =+I9/K9 -> 697.67442 | M9: =IFERROR(VLOOKUP(B9,'Estadistica Madre CH 23-01'!A:C,3,0),+VLOOKUP(B9,'Estadistica Madre LK 23-01 '!A:C,3,0)) -> 912 | N9: =3*M9/L9 -> 3.9216 | P9: Martin | Q9: GRJ7/8 | R9: 506 | S9: Uña LK 506 | T9: A10 | U9: Cpo Uña LK C/M Pint. | V9: =+AC9/Z9 -> 24.836184 | Y9: 0.01796 | Z9: 30 | AA9: =+SUMIFS(E:E,B:$B,R9)*1/4 -> 15.1769 | AB9: =+SUMIFS(L:L,B:B,R9) -> 2733.4852 | AC9: =+(AB9*AA9)*Y9 -> 745.08553
A10: GRJ 5 | B10: 558 | C10: Bomb. Tradicional 558 | D10: 1 | E10: =+IF(D10="","",IF(D10-N10>0,0,N10-D10)) -> 53.87 | F10: =+IFERROR(D10/H10,) -> 0.1 | H10: 10 | I10: 1.8 | J10: =+H10*L10 -> 1161.2903 | K10: 0.0155 | L10: =+I10/K10 -> 116.12903 | M10: =IFERROR(VLOOKUP(B10,'Estadistica Madre CH 23-01'!A:C,3,0),+VLOOKUP(B10,'Estadistica Madre LK 23-01 '!A:C,3,0)) -> 2124 | N10: =3*M10/L10 -> 54.87 | P10: Martin | Q10: GRJ7/8 | R10: 506 | S10: Uña LK 506 | T10: C10 | U10: Uñas Zinc. | V10: =+AC10/Z10 -> 4.8814995 | Y10: 0.00353 | Z10: 30 | AA10: =+SUMIFS(E:E,B:$B,R10)*1/4 -> 15.1769 | AB10: =+SUMIFS(L:L,B:B,R10) -> 2733.4852 | AC10: =+(AB10*AA10)*Y10 -> 146.44498
A11: GRJ 6 | B11: 557 | C11: Bomb. Tradicional 557 | D11: 0 | E11: =+IF(D11="","",IF(D11-N11>0,0,N11-D11)) -> 37.1 | F11: =+IFERROR(D11/H11,) -> 0 | H11: 1 | I11: 1.8 | J11: =+H11*L11 -> 113.20755 | K11: 0.0159 | L11: =+I11/K11 -> 113.20755 | M11: =IFERROR(VLOOKUP(B11,'Estadistica Madre CH 23-01'!A:C,3,0),+VLOOKUP(B11,'Estadistica Madre LK 23-01 '!A:C,3,0)) -> 1400 | N11: =3*M11/L11 -> 37.1 | P11: Fabrica | Q11: GRJ 4 | R11: 654 | S11: Bomb Autolimp. 654 | V11: =+AC11/Z11 -> #DIV/0! | AA11: =+SUMIFS(E:E,B:$B,R11) -> 3.9216 | AB11: =+SUMIFS(L:L,B:B,R11) -> 697.67442 | AC11: =+(AB11*AA11)*Y11 -> 0
A12: GRJ9 | B12: 510 | C12: Uña Crom 510 | D12: 0 | E12: =+IF(D12="","",IF(D12-N12>0,0,N12-D12)) -> 14.2032 | F12: =+IFERROR(D12/H12,) -> 0 | H12: 8 | I12: 30 | J12: =+H12*L12 -> 10909.091 | K12: 0.022 | L12: =+I12/K12 -> 1363.6364 | M12: =IFERROR(VLOOKUP(B12,'Estadistica Madre CH 23-01'!A:C,3,0),+VLOOKUP(B12,'Estadistica Madre LK 23-01 '!A:C,3,0)) -> 6456 | N12: =3*M12/L12 -> 14.2032 | P12: Fabrica | Q12: GRJ 5 | R12: 558 | S12: Bomb. Tradicional 558 | V12: =+AC12/Z12 -> #DIV/0! | AA12: =+SUMIFS(E:E,B:$B,R12) -> 53.87 | AB12: =+SUMIFS(L:L,B:B,R12) -> 116.12903 | AC12: =+(AB12*AA12)*Y12 -> 0
A13: GJR10 | B13: 544 | C13: Batidor Pera | D13: 0 | E13: =+IF(D13="","",IF(D13-N13>0,0,N13-D13)) -> 139.95 | F13: =+IFERROR(D13/H13,) -> 0 | H13: 54 | I13: 15.68 | J13: =+H13*L13 -> 8640 | K13: 0.098 | L13: =+I13/K13 -> 160 | M13: =IFERROR(VLOOKUP(B13,'Estadistica Madre CH 23-01'!A:C,3,0),+VLOOKUP(B13,'Estadistica Madre LK 23-01 '!A:C,3,0)) -> 7464 | N13: =3*M13/L13 -> 139.95 | P13: Fabrica | Q13: GRJ 6 | R13: 557 | S13: Bomb. Tradicional 557 | V13: =+AC13/Z13 -> #DIV/0! | AA13: =+SUMIFS(E:E,B:$B,R13) -> 37.1 | AB13: =+SUMIFS(L:L,B:B,R13) -> 113.20755 | AC13: =+(AB13*AA13)*Y13 -> 0
A14: GRJ7/8 | B14: 506 | C14: Uña LK 506 | D14: 11 | E14: =+IF(D14="","",IF(D14-N14>0,0,N14-D14)) -> 30.3538 | F14: =+IFERROR(D14/H14,) -> 0.30555556 | H14: 36 | I14: 30 | J14: =+H14*L14 -> 49202.733 | K14: 0.02195 | L14: =+I14/K14 -> 1366.7426 | M14: =IFERROR(VLOOKUP(B14,'Estadistica Madre CH 23-01'!A:C,3,0),+VLOOKUP(B14,'Estadistica Madre LK 23-01 '!A:C,3,0)) -> 18840 | N14: =3*M14/L14 -> 41.3538 | P14: Carlos | Q14: GRJ9 | R14: 510 | S14: Uña Crom 510 | T14: A15 | U14: Cpo Uña Crom. LK C/M | V14: =+AC14/Z14 -> 11.629408 | Y14: 0.018013333 | Z14: 30 | AA14: =+SUMIFS(E:E,B:$B,R14) -> 14.2032 | AB14: =+SUMIFS(L:L,B:B,R14) -> 1363.6364 | AC14: =+(AB14*AA14)*Y14 -> 348.88224
A15: GRJ15 | B15: 530-531-730-731-706-700 | C15: Pintura Azul Mate | D15: 5 | E15: =+IF(D15="","",IF(D15-N15>0,0,N15-D15)) -> 0 | F15: =+IFERROR(D15/H15,) -> 0.25 | H15: 20 | I15: =+H15*J15 -> 400 | J15: 20 | K15: 12.867568 | L15: =+SUMIFS('Consumo '!E:E,'Consumo '!A:A,'Garage 05-12-25'!A15) -> 9224 | M15: =+K15*1.5 -> 19.301351 | N15: =3*M15/L15 -> 0.0062775427 | P15: Carlos | Q15: GRJ9 | R15: 510 | S15: Uña Crom 510 | T15: C10 | U15: Uñas Zinc. | V15: =+AC15/Z15 -> 2.278968 | Y15: 0.00353 | Z15: 30 | AA15: =+SUMIFS(E:E,B:$B,R15) -> 14.2032 | AB15: =+SUMIFS(L:L,B:B,R15) -> 1363.6364 | AC15: =+(AB15*AA15)*Y15 -> 68.36904
P16: Carlos | Q16: GJR10 | R16: 544 | S16: Batidor Pera | T16: LL9 | U16: Resorte Batidor Pera | V16: =+AC16/Z16 -> 44.162 | Y16: 0.0355 | Z16: 18 | AA16: =+SUMIFS(E:E,B:$B,R16) -> 139.95 | AB16: =+SUMIFS(L:L,B:B,R16) -> 160 | AC16: =+(AB16*AA16)*Y16 -> 794.916
P17: Carlos | Q17: GJR10 | R17: 544 | S17: Batidor Pera | T17: LLF7B | U17: Arandela Batidor Pera | V17: =+AC17/Z17 -> 1.1126025 | Y17: 0.00159 | Z17: 32 | AA17: =+SUMIFS(E:E,B:$B,R17) -> 139.95 | AB17: =+SUMIFS(L:L,B:B,R17) -> 160 | AC17: =+(AB17*AA17)*Y17 -> 35.60328
P18: Carlos | Q18: GJR10 | R18: 544 | S18: Batidor Pera | T18: E4 | U18: Fleje Ø2 x 600 | V18: =+AC18/Z18 -> 74.348437 | Y18: 0.046484375 | Z18: 14 | AA18: =+SUMIFS(E:E,B:$B,R18) -> 139.95 | AB18: =+SUMIFS(L:L,B:B,R18) -> 160 | AC18: =+(AB18*AA18)*Y18 -> 1040.8781
P19: Carlos | Q19: GJR10 | R19: 544 | S19: Batidor Pera | T19: E5 | U19: Fleje Ø2 x 665 | V19: =+AC19/Z19 -> 34.9875 | Y19: 0.015625 | Z19: 10 | AA19: =+SUMIFS(E:E,B:$B,R19) -> 139.95 | AB19: =+SUMIFS(L:L,B:B,R19) -> 160 | AC19: =+(AB19*AA19)*Y19 -> 349.875
P20: Carlos | Q20: GRJ7/8 | R20: 506 | S20: Uña LK 506 | T20: A10 | U20: Cpo Uña LK C/M Pint. | V20: =+AC20/Z20 -> 74.508553 | Y20: 0.01796 | Z20: 30 | AA20: =+SUMIFS(E:E,B:$B,R20)*3/4 -> 45.5307 | AB20: =+SUMIFS(L:L,B:B,R20) -> 2733.4852 | AC20: =+(AB20*AA20)*Y20 -> 2235.2566
P21: Carlos | Q21: GRJ7/8 | R21: 506 | S21: Uña LK 506 | T21: C10 | U21: Uñas Zinc. | V21: =+AC21/Z21 -> 14.644498 | Y21: 0.00353 | Z21: 30 | AA21: =+SUMIFS(E:E,B:$B,R21)*3/4 -> 45.5307 | AB21: =+SUMIFS(L:L,B:B,R21) -> 2733.4852 | AC21: =+(AB21*AA21)*Y21 -> 439.33495
P22: Jade | Q22: GRJ15 | R22: 530-531-730-731-706-700 | S22: Pintura Azul Mate | V22: =+AC22/Z22 -> #DIV/0! | AA22: =+SUMIFS(E:E,B:$B,R22) -> 0 | AB22: =+SUMIFS(L:L,B:B,R22) -> 9224 | AC22: =+(AB22*AA22)*Y22 -> 0

Sheet Garage 28-11
C4: =+TODAY() -> 46101
H5: Informacion Cajones Garage | P5: Cajones a Preparar | Y5: Informacion Partes
A6: Sector | B6: Art | C6: Descripcion | D6: Stock Actual Cajon | E6: Pedido Cajon | F6: % Ocup | H6: Max Entra Caj | I6: Kg x Cajon | J6: Max Uni | K6: KG x Uni | L6: Uni x Cajon | M6: Est Madre Uni | N6: Stock Max Madre 3M | P6: Taller | Q6: Sector Garage | R6: Cod | S6: Descripcion | T6: Sector Parte | U6: Descrip | V6: Cajon/ Paq a Enviar | Y6: Kg x Uni | Z6: Kg x Cajon | AA6: Cajones Pedido | AB6: Uni x Cajon | AC6: Kg a Enviar
A7: GRJ 1 | B7: 500 | C7: Uña 500 LK | D7: 2 | E7: =+IF(D7="","",IF(D7-N7>0,0,N7-D7)) -> 2.7448 | F7: =+IFERROR(D7/H7,) -> 0.4 | H7: 5 | I7: 30 | J7: =+H7*L7 -> 4552.352 | K7: 0.03295 | L7: =+I7/K7 -> 910.47041 | M7: =IFERROR(VLOOKUP(B7,'Estadistica Madre CH 23-01'!A:C,3,0),+VLOOKUP(B7,'Estadistica Madre LK 23-01 '!A:C,3,0)) -> 1440 | N7: =3*M7/L7 -> 4.7448 | P7: Martin | Q7: GRJ 1 | R7: 500 | S7: Uña 500 LK | T7: C1 | U7: Abrelata Pie Uña Serig | V7: =+AC7/Z7 -> 2.4443576 | Y7: 0.029343333 | Z7: 30 | AA7: =+SUMIFS(E:E,B:$B,R7) -> 2.7448 | AB7: =+SUMIFS(L:L,B:B,R7) -> 910.47041 | AC7: =+(AB7*AA7)*Y7 -> 73.330727
A8: GRJ7/8 | B8: 506 | C8: Uña LK 506 | D8: 22 | E8: =+IF(D8="","",IF(D8-N8>0,0,N8-D8)) -> 19.3538 | F8: =+IFERROR(D8/H8,) -> 0.61111111 | H8: 36 | I8: 30 | J8: =+H8*L8 -> 49202.733 | K8: 0.02195 | L8: =+I8/K8 -> 1366.7426 | M8: =IFERROR(VLOOKUP(B8,'Estadistica Madre CH 23-01'!A:C,3,0),+VLOOKUP(B8,'Estadistica Madre LK 23-01 '!A:C,3,0)) -> 18840 | N8: =3*M8/L8 -> 41.3538 | P8: Martin | Q8: GRJ 1 | R8: 500 | S8: Uña 500 LK | T8: C10 | U8: Uñas Zinc. | V8: =+AC8/Z8 -> 0.29405596 | Y8: 0.00353 | Z8: 30 | AA8: =+SUMIFS(E:E,B:$B,R8) -> 2.7448 | AB8: =+SUMIFS(L:L,B:B,R8) -> 910.47041 | AC8: =+(AB8*AA8)*Y8 -> 8.8216789
A9: GRJ 4 | B9: 654 | C9: Bomb Autolimp. 654 | D9: 0 | E9: =+IF(D9="","",IF(D9-N9>0,0,N9-D9)) -> 3.9216 | F9: =+IFERROR(D9/H9,) -> 0 | H9: 5 | I9: 15 | J9: =+H9*L9 -> 3488.3721 | K9: 0.0215 | L9: =+I9/K9 -> 697.67442 | M9: =IFERROR(VLOOKUP(B9,'Estadistica Madre CH 23-01'!A:C,3,0),+VLOOKUP(B9,'Estadistica Madre LK 23-01 '!A:C,3,0)) -> 912 | N9: =3*M9/L9 -> 3.9216 | P9: Martin | Q9: GRJ7/8 | R9: 506 | S9: Uña LK 506 | T9: A10 | U9: Cpo Uña LK C/M Pint. | V9: =+AC9/Z9 -> 24.836184 | Y9: 0.01796 | Z9: 30 | AA9: =+SUMIFS(E:E,B:$B,R9)*1/4 -> 15.1769 | AB9: =+SUMIFS(L:L,B:B,R9) -> 2733.4852 | AC9: =+(AB9*AA9)*Y9 -> 745.08553
A10: GRJ 5 | B10: 558 | C10: Bomb. Tradicional 558 | D10: 1 | E10: =+IF(D10="","",IF(D10-N10>0,0,N10-D10)) -> 53.87 | F10: =+IFERROR(D10/H10,) -> 0.1 | H10: 10 | I10: 1.8 | J10: =+H10*L10 -> 1161.2903 | K10: 0.0155 | L10: =+I10/K10 -> 116.12903 | M10: =IFERROR(VLOOKUP(B10,'Estadistica Madre CH 23-01'!A:C,3,0),+VLOOKUP(B10,'Estadistica Madre LK 23-01 '!A:C,3,0)) -> 2124 | N10: =3*M10/L10 -> 54.87 | P10: Martin | Q10: GRJ7/8 | R10: 506 | S10: Uña LK 506 | T10: C10 | U10: Uñas Zinc. | V10: =+AC10/Z10 -> 4.8814995 | Y10: 0.00353 | Z10: 30 | AA10: =+SUMIFS(E:E,B:$B,R10)*1/4 -> 15.1769 | AB10: =+SUMIFS(L:L,B:B,R10) -> 2733.4852 | AC10: =+(AB10*AA10)*Y10 -> 146.44498
A11: GRJ 6 | B11: 557 | C11: Bomb. Tradicional 557 | D11: 0 | E11: =+IF(D11="","",IF(D11-N11>0,0,N11-D11)) -> 37.1 | F11: =+IFERROR(D11/H11,) -> 0 | H11: 1 | I11: 1.8 | J11: =+H11*L11 -> 113.20755 | K11: 0.0159 | L11: =+I11/K11 -> 113.20755 | M11: =IFERROR(VLOOKUP(B11,'Estadistica Madre CH 23-01'!A:C,3,0),+VLOOKUP(B11,'Estadistica Madre LK 23-01 '!A:C,3,0)) -> 1400 | N11: =3*M11/L11 -> 37.1 | P11: Fabrica | Q11: GRJ 4 | R11: 654 | S11: Bomb Autolimp. 654 | V11: =+AC11/Z11 -> #DIV/0! | AA11: =+SUMIFS(E:E,B:$B,R11) -> 3.9216 | AB11: =+SUMIFS(L:L,B:B,R11) -> 697.67442 | AC11: =+(AB11*AA11)*Y11 -> 0
A12: GRJ9 | B12: 510 | C12: Uña Crom 510 | D12: 0 | E12: =+IF(D12="","",IF(D12-N12>0,0,N12-D12)) -> 14.2032 | F12: =+IFERROR(D12/H12,) -> 0 | H12: 8 | I12: 30 | J12: =+H12*L12 -> 10909.091 | K12: 0.022 | L12: =+I12/K12 -> 1363.6364 | M12: =IFERROR(VLOOKUP(B12,'Estadistica Madre CH 23-01'!A:C,3,0),+VLOOKUP(B12,'Estadistica Madre LK 23-01 '!A:C,3,0)) -> 6456 | N12: =3*M12/L12 -> 14.2032 | P12: Fabrica | Q12: GRJ 5 | R12: 558 | S12: Bomb. Tradicional 558 | V12: =+AC12/Z12 -> #DIV/0! | AA12: =+SUMIFS(E:E,B:$B,R12) -> 53.87 | AB12: =+SUMIFS(L:L,B:B,R12) -> 116.12903 | AC12: =+(AB12*AA12)*Y12 -> 0
A13: GJR10 | B13: 544 | C13: Batidor Pera | D13: 30 | E13: =+IF(D13="","",IF(D13-N13>0,0,N13-D13)) -> 109.95 | F13: =+IFERROR(D13/H13,) -> 0.55555556 | H13: 54 | I13: 15.68 | J13: =+H13*L13 -> 8640 | K13: 0.098 | L13: =+I13/K13 -> 160 | M13: =IFERROR(VLOOKUP(B13,'Estadistica Madre CH 23-01'!A:C,3,0),+VLOOKUP(B13,'Estadistica Madre LK 23-01 '!A:C,3,0)) -> 7464 | N13: =3*M13/L13 -> 139.95 | P13: Fabrica | Q13: GRJ 6 | R13: 557 | S13: Bomb. Tradicional 557 | V13: =+AC13/Z13 -> #DIV/0! | AA13: =+SUMIFS(E:E,B:$B,R13) -> 37.1 | AB13: =+SUMIFS(L:L,B:B,R13) -> 113.20755 | AC13: =+(AB13*AA13)*Y13 -> 0
A14: GRJ7/8 | B14: 506 | C14: Uña LK 506 | D14: 0 | E14: =+IF(D14="","",IF(D14-N14>0,0,N14-D14)) -> 41.3538 | F14: =+IFERROR(D14/H14,) -> 0 | H14: 36 | I14: 30 | J14: =+H14*L14 -> 49202.733 | K14: 0.02195 | L14: =+I14/K14 -> 1366.7426 | M14: =IFERROR(VLOOKUP(B14,'Estadistica Madre CH 23-01'!A:C,3,0),+VLOOKUP(B14,'Estadistica Madre LK 23-01 '!A:C,3,0)) -> 18840 | N14: =3*M14/L14 -> 41.3538 | P14: Carlos | Q14: GRJ9 | R14: 510 | S14: Uña Crom 510 | T14: A15 | U14: Cpo Uña Crom. LK C/M | V14: =+AC14/Z14 -> 11.629408 | Y14: 0.018013333 | Z14: 30 | AA14: =+SUMIFS(E:E,B:$B,R14) -> 14.2032 | AB14: =+SUMIFS(L:L,B:B,R14) -> 1363.6364 | AC14: =+(AB14*AA14)*Y14 -> 348.88224
A15: GRJ15 | B15: 530-531-730-731-706-700 | C15: Pintura Azul Mate | D15: 5 | E15: =+IF(D15="","",IF(D15-N15>0,0,N15-D15)) -> 0 | F15: =+IFERROR(D15/H15,) -> 0.25 | H15: 20 | I15: =+H15*J15 -> 400 | J15: 20 | K15: 12.867568 | L15: =+SUMIFS('Consumo '!E:E,'Consumo '!A:A,'Garage 28-11'!A15) -> 9224 | M15: =+K15*1.5 -> 19.301351 | N15: =3*M15/L15 -> 0.0062775427 | P15: Carlos | Q15: GRJ9 | R15: 510 | S15: Uña Crom 510 | T15: C10 | U15: Uñas Zinc. | V15: =+AC15/Z15 -> 2.278968 | Y15: 0.00353 | Z15: 30 | AA15: =+SUMIFS(E:E,B:$B,R15) -> 14.2032 | AB15: =+SUMIFS(L:L,B:B,R15) -> 1363.6364 | AC15: =+(AB15*AA15)*Y15 -> 68.36904
P16: Carlos | Q16: GJR10 | R16: 544 | S16: Batidor Pera | T16: LL9 | U16: Resorte Batidor Pera | V16: =+AC16/Z16 -> 34.695333 | Y16: 0.0355 | Z16: 18 | AA16: =+SUMIFS(E:E,B:$B,R16) -> 109.95 | AB16: =+SUMIFS(L:L,B:B,R16) -> 160 | AC16: =+(AB16*AA16)*Y16 -> 624.516
P17: Carlos | Q17: GJR10 | R17: 544 | S17: Batidor Pera | T17: LLF7B | U17: Arandela Batidor Pera | V17: =+AC17/Z17 -> 0.8741025 | Y17: 0.00159 | Z17: 32 | AA17: =+SUMIFS(E:E,B:$B,R17) -> 109.95 | AB17: =+SUMIFS(L:L,B:B,R17) -> 160 | AC17: =+(AB17*AA17)*Y17 -> 27.97128
P18: Carlos | Q18: GJR10 | R18: 544 | S18: Batidor Pera | T18: E4 | U18: Fleje Ø2 x 600 | V18: =+AC18/Z18 -> 58.410937 | Y18: 0.046484375 | Z18: 14 | AA18: =+SUMIFS(E:E,B:$B,R18) -> 109.95 | AB18: =+SUMIFS(L:L,B:B,R18) -> 160 | AC18: =+(AB18*AA18)*Y18 -> 817.75312
P19: Carlos | Q19: GJR10 | R19: 544 | S19: Batidor Pera | T19: E5 | U19: Fleje Ø2 x 665 | V19: =+AC19/Z19 -> 27.4875 | Y19: 0.015625 | Z19: 10 | AA19: =+SUMIFS(E:E,B:$B,R19) -> 109.95 | AB19: =+SUMIFS(L:L,B:B,R19) -> 160 | AC19: =+(AB19*AA19)*Y19 -> 274.875
P20: Carlos | Q20: GRJ7/8 | R20: 506 | S20: Uña LK 506 | T20: A10 | U20: Cpo Uña LK C/M Pint. | V20: =+AC20/Z20 -> 74.508553 | Y20: 0.01796 | Z20: 30 | AA20: =+SUMIFS(E:E,B:$B,R20)*3/4 -> 45.5307 | AB20: =+SUMIFS(L:L,B:B,R20) -> 2733.4852 | AC20: =+(AB20*AA20)*Y20 -> 2235.2566
P21: Carlos | Q21: GRJ7/8 | R21: 506 | S21: Uña LK 506 | T21: C10 | U21: Uñas Zinc. | V21: =+AC21/Z21 -> 14.644498 | Y21: 0.00353 | Z21: 30 | AA21: =+SUMIFS(E:E,B:$B,R21)*3/4 -> 45.5307 | AB21: =+SUMIFS(L:L,B:B,R21) -> 2733.4852 | AC21: =+(AB21*AA21)*Y21 -> 439.33495
P22: Jade | Q22: GRJ15 | R22: 530-531-730-731-706-700 | S22: Pintura Azul Mate | V22: =+AC22/Z22 -> #DIV/0! | AA22: =+SUMIFS(E:E,B:$B,R22) -> 0 | AB22: =+SUMIFS(L:L,B:B,R22) -> 9224 | AC22: =+(AB22*AA22)*Y22 -> 0

Sheet Garage Vacio 
C4: =+TODAY() -> 46101
H5: Informacion Cajones Garage | P5: Cajones a Preparar | Y5: Informacion Partes
A6: Sector | B6: Art | C6: Descripcion | D6: Stock Actual Cajon | E6: Pedido Cajon | F6: % Ocup | H6: Max Entra Caj | I6: Kg x Cajon | J6: Max Uni | K6: KG x Uni | L6: Uni x Cajon | M6: Est Madre Uni | N6: Stock Max Madre 3M | P6: Taller | Q6: Sector Garage | R6: Cod | S6: Descripcion | T6: Sector Parte | U6: Descrip | V6: Cajon/ Paq a Enviar | Y6: Kg x Uni | Z6: Kg x Cajon | AA6: Cajones Pedido | AB6: Uni x Cajon | AC6: Kg a Enviar
A7: GRJ 1 | B7: 500 | C7: Uña 500 LK | D7: 0 | E7: =+IF(D7="","",IF(D7-N7>0,0,N7-D7)) -> 4.7448 | F7: =+IFERROR(D7/H7,) -> 0 | H7: 5 | I7: 30 | J7: =+H7*L7 -> 4552.352 | K7: 0.03295 | L7: =+I7/K7 -> 910.47041 | M7: =IFERROR(VLOOKUP(B7,'Estadistica Madre CH 23-01'!A:C,3,0),+VLOOKUP(B7,'Estadistica Madre LK 23-01 '!A:C,3,0)) -> 1440 | N7: =3*M7/L7 -> 4.7448 | P7: Martin | Q7: GRJ 1 | R7: 500 | S7: Uña 500 LK | T7: C1 | U7: Abrelata Pie Uña Serig | V7: =+AC7/Z7 -> 4.22544 | Y7: 0.029343333 | Z7: 30 | AA7: =+SUMIFS(E:E,B:$B,R7) -> 4.7448 | AB7: =+SUMIFS(L:L,B:B,R7) -> 910.47041 | AC7: =+(AB7*AA7)*Y7 -> 126.7632
A8: GRJ7/8 | B8: 506 | C8: Uña LK 506 | D8: 9 | E8: =+IF(D8="","",IF(D8-N8>0,0,N8-D8)) -> 32.3538 | F8: =+IFERROR(D8/H8,) -> 0.25 | H8: 36 | I8: 30 | J8: =+H8*L8 -> 49202.733 | K8: 0.02195 | L8: =+I8/K8 -> 1366.7426 | M8: =IFERROR(VLOOKUP(B8,'Estadistica Madre CH 23-01'!A:C,3,0),+VLOOKUP(B8,'Estadistica Madre LK 23-01 '!A:C,3,0)) -> 18840 | N8: =3*M8/L8 -> 41.3538 | P8: Martin | Q8: GRJ 1 | R8: 500 | S8: Uña 500 LK | T8: C10 | U8: Uñas Zinc. | V8: =+AC8/Z8 -> 0.50832 | Y8: 0.00353 | Z8: 30 | AA8: =+SUMIFS(E:E,B:$B,R8) -> 4.7448 | AB8: =+SUMIFS(L:L,B:B,R8) -> 910.47041 | AC8: =+(AB8*AA8)*Y8 -> 15.2496
A9: GRJ 4 | B9: 654 | C9: Bomb Autolimp. 654 | D9: 0 | E9: =+IF(D9="","",IF(D9-N9>0,0,N9-D9)) -> 3.9216 | F9: =+IFERROR(D9/H9,) -> 0 | H9: 5 | I9: 15 | J9: =+H9*L9 -> 3488.3721 | K9: 0.0215 | L9: =+I9/K9 -> 697.67442 | M9: =IFERROR(VLOOKUP(B9,'Estadistica Madre CH 23-01'!A:C,3,0),+VLOOKUP(B9,'Estadistica Madre LK 23-01 '!A:C,3,0)) -> 912 | N9: =3*M9/L9 -> 3.9216 | P9: Martin | Q9: GRJ7/8 | R9: 506 | S9: Uña LK 506 | T9: A10 | U9: Cpo Uña LK C/M Pint. | V9: =+AC9/Z9 -> 26.472631 | Y9: 0.01796 | Z9: 30 | AA9: =+SUMIFS(E:E,B:$B,R9)*1/4 -> 16.1769 | AB9: =+SUMIFS(L:L,B:B,R9) -> 2733.4852 | AC9: =+(AB9*AA9)*Y9 -> 794.17893
A10: GRJ 5 | B10: 558 | C10: Bomb. Tradicional 558 | D10: 3 | E10: =+IF(D10="","",IF(D10-N10>0,0,N10-D10)) -> 51.87 | F10: =+IFERROR(D10/H10,) -> 0.3 | H10: 10 | I10: 1.8 | J10: =+H10*L10 -> 1161.2903 | K10: 0.0155 | L10: =+I10/K10 -> 116.12903 | M10: =IFERROR(VLOOKUP(B10,'Estadistica Madre CH 23-01'!A:C,3,0),+VLOOKUP(B10,'Estadistica Madre LK 23-01 '!A:C,3,0)) -> 2124 | N10: =3*M10/L10 -> 54.87 | P10: Martin | Q10: GRJ7/8 | R10: 506 | S10: Uña LK 506 | T10: C10 | U10: Uñas Zinc. | V10: =+AC10/Z10 -> 5.2031396 | Y10: 0.00353 | Z10: 30 | AA10: =+SUMIFS(E:E,B:$B,R10)*1/4 -> 16.1769 | AB10: =+SUMIFS(L:L,B:B,R10) -> 2733.4852 | AC10: =+(AB10*AA10)*Y10 -> 156.09419
A11: GRJ 6 | B11: 557 | C11: Bomb. Tradicional 557 | D11: 0 | E11: =+IF(D11="","",IF(D11-N11>0,0,N11-D11)) -> 37.1 | F11: =+IFERROR(D11/H11,) -> 0 | H11: 1 | I11: 1.8 | J11: =+H11*L11 -> 113.20755 | K11: 0.0159 | L11: =+I11/K11 -> 113.20755 | M11: =IFERROR(VLOOKUP(B11,'Estadistica Madre CH 23-01'!A:C,3,0),+VLOOKUP(B11,'Estadistica Madre LK 23-01 '!A:C,3,0)) -> 1400 | N11: =3*M11/L11 -> 37.1 | P11: Fabrica | Q11: GRJ 4 | R11: 654 | S11: Bomb Autolimp. 654 | V11: =+AC11/Z11 -> #DIV/0! | AA11: =+SUMIFS(E:E,B:$B,R11) -> 3.9216 | AB11: =+SUMIFS(L:L,B:B,R11) -> 697.67442 | AC11: =+(AB11*AA11)*Y11 -> 0
A12: GRJ9 | B12: 510 | C12: Uña Crom 510 | D12: 0 | E12: =+IF(D12="","",IF(D12-N12>0,0,N12-D12)) -> 14.2032 | F12: =+IFERROR(D12/H12,) -> 0 | H12: 8 | I12: 30 | J12: =+H12*L12 -> 10909.091 | K12: 0.022 | L12: =+I12/K12 -> 1363.6364 | M12: =IFERROR(VLOOKUP(B12,'Estadistica Madre CH 23-01'!A:C,3,0),+VLOOKUP(B12,'Estadistica Madre LK 23-01 '!A:C,3,0)) -> 6456 | N12: =3*M12/L12 -> 14.2032 | P12: Fabrica | Q12: GRJ 5 | R12: 558 | S12: Bomb. Tradicional 558 | V12: =+AC12/Z12 -> #DIV/0! | AA12: =+SUMIFS(E:E,B:$B,R12) -> 51.87 | AB12: =+SUMIFS(L:L,B:B,R12) -> 116.12903 | AC12: =+(AB12*AA12)*Y12 -> 0
A13: GJR10 | B13: 544 | C13: Batidor Pera | D13: 30 | E13: =+IF(D13="","",IF(D13-N13>0,0,N13-D13)) -> 109.95 | F13: =+IFERROR(D13/H13,) -> 0.55555556 | H13: 54 | I13: 15.68 | J13: =+H13*L13 -> 8640 | K13: 0.098 | L13: =+I13/K13 -> 160 | M13: =IFERROR(VLOOKUP(B13,'Estadistica Madre CH 23-01'!A:C,3,0),+VLOOKUP(B13,'Estadistica Madre LK 23-01 '!A:C,3,0)) -> 7464 | N13: =3*M13/L13 -> 139.95 | P13: Fabrica | Q13: GRJ 6 | R13: 557 | S13: Bomb. Tradicional 557 | V13: =+AC13/Z13 -> #DIV/0! | AA13: =+SUMIFS(E:E,B:$B,R13) -> 37.1 | AB13: =+SUMIFS(L:L,B:B,R13) -> 113.20755 | AC13: =+(AB13*AA13)*Y13 -> 0
A14: GRJ7/8 | B14: 506 | C14: Uña LK 506 | D14: 9 | E14: =+IF(D14="","",IF(D14-N14>0,0,N14-D14)) -> 32.3538 | F14: =+IFERROR(D14/H14,) -> 0.25 | H14: 36 | I14: 30 | J14: =+H14*L14 -> 49202.733 | K14: 0.02195 | L14: =+I14/K14 -> 1366.7426 | M14: =IFERROR(VLOOKUP(B14,'Estadistica Madre CH 23-01'!A:C,3,0),+VLOOKUP(B14,'Estadistica Madre LK 23-01 '!A:C,3,0)) -> 18840 | N14: =3*M14/L14 -> 41.3538 | P14: Carlos | Q14: GRJ9 | R14: 510 | S14: Uña Crom 510 | T14: A15 | U14: Cpo Uña Crom. LK C/M | V14: =+AC14/Z14 -> 11.629408 | Y14: 0.018013333 | Z14: 30 | AA14: =+SUMIFS(E:E,B:$B,R14) -> 14.2032 | AB14: =+SUMIFS(L:L,B:B,R14) -> 1363.6364 | AC14: =+(AB14*AA14)*Y14 -> 348.88224
A15: GRJ15 | B15: 530-531-730-731-706-700 | C15: Pintura Azul Mate | D15: 5 | E15: =+IF(D15="","",IF(D15-N15>0,0,N15-D15)) -> 0 | F15: =+IFERROR(D15/H15,) -> 0.25 | H15: 20 | I15: =+H15*J15 -> 400 | J15: 20 | K15: 12.867568 | L15: =+SUMIFS('Consumo '!E:E,'Consumo '!A:A,'Garage Vacio '!A15) -> 9224 | M15: =+K15*1.5 -> 19.301351 | N15: =3*M15/L15 -> 0.0062775427 | P15: Carlos | Q15: GRJ9 | R15: 510 | S15: Uña Crom 510 | T15: C10 | U15: Uñas Zinc. | V15: =+AC15/Z15 -> 2.278968 | Y15: 0.00353 | Z15: 30 | AA15: =+SUMIFS(E:E,B:$B,R15) -> 14.2032 | AB15: =+SUMIFS(L:L,B:B,R15) -> 1363.6364 | AC15: =+(AB15*AA15)*Y15 -> 68.36904
P16: Carlos | Q16: GJR10 | R16: 544 | S16: Batidor Pera | T16: LL9 | U16: Resorte Batidor Pera | V16: =+AC16/Z16 -> 34.695333 | Y16: 0.0355 | Z16: 18 | AA16: =+SUMIFS(E:E,B:$B,R16) -> 109.95 | AB16: =+SUMIFS(L:L,B:B,R16) -> 160 | AC16: =+(AB16*AA16)*Y16 -> 624.516
P17: Carlos | Q17: GJR10 | R17: 544 | S17: Batidor Pera | T17: LLF7B | U17: Arandela Batidor Pera | V17: =+AC17/Z17 -> 0.8741025 | Y17: 0.00159 | Z17: 32 | AA17: =+SUMIFS(E:E,B:$B,R17) -> 109.95 | AB17: =+SUMIFS(L:L,B:B,R17) -> 160 | AC17: =+(AB17*AA17)*Y17 -> 27.97128
P18: Carlos | Q18: GJR10 | R18: 544 | S18: Batidor Pera | T18: E4 | U18: Fleje Ø2 x 600 | V18: =+AC18/Z18 -> 58.410937 | Y18: 0.046484375 | Z18: 14 | AA18: =+SUMIFS(E:E,B:$B,R18) -> 109.95 | AB18: =+SUMIFS(L:L,B:B,R18) -> 160 | AC18: =+(AB18*AA18)*Y18 -> 817.75312
P19: Carlos | Q19: GJR10 | R19: 544 | S19: Batidor Pera | T19: E5 | U19: Fleje Ø2 x 665 | V19: =+AC19/Z19 -> 27.4875 | Y19: 0.015625 | Z19: 10 | AA19: =+SUMIFS(E:E,B:$B,R19) -> 109.95 | AB19: =+SUMIFS(L:L,B:B,R19) -> 160 | AC19: =+(AB19*AA19)*Y19 -> 274.875
P20: Carlos | Q20: GRJ7/8 | R20: 506 | S20: Uña LK 506 | T20: A10 | U20: Cpo Uña LK C/M Pint. | V20: =+AC20/Z20 -> 79.417893 | Y20: 0.01796 | Z20: 30 | AA20: =+SUMIFS(E:E,B:$B,R20)*3/4 -> 48.5307 | AB20: =+SUMIFS(L:L,B:B,R20) -> 2733.4852 | AC20: =+(AB20*AA20)*Y20 -> 2382.5368
P21: Carlos | Q21: GRJ7/8 | R21: 506 | S21: Uña LK 506 | T21: C10 | U21: Uñas Zinc. | V21: =+AC21/Z21 -> 15.609419 | Y21: 0.00353 | Z21: 30 | AA21: =+SUMIFS(E:E,B:$B,R21)*3/4 -> 48.5307 | AB21: =+SUMIFS(L:L,B:B,R21) -> 2733.4852 | AC21: =+(AB21*AA21)*Y21 -> 468.28256
P22: Jade | Q22: GRJ15 | R22: 530-531-730-731-706-700 | S22: Pintura Azul Mate | V22: =+AC22/Z22 -> #DIV/0! | AA22: =+SUMIFS(E:E,B:$B,R22) -> 0 | AB22: =+SUMIFS(L:L,B:B,R22) -> 9224 | AC22: =+(AB22*AA22)*Y22 -> 0

Sheet Garage 20-11
C4: =+TODAY() -> 46101
H5: Informacion Cajones Garage | P5: Cajones a Preparar | Y5: Informacion Partes
A6: Sector | B6: Art | C6: Descripcion | D6: Stock Actual Cajon | E6: Pedido Cajon | F6: % Ocup | H6: Max Entra Caj | I6: Kg x Cajon | J6: Max Uni | K6: KG x Uni | L6: Uni x Cajon | M6: Est Madre Uni | N6: Stock Max Madre 3M | P6: Taller | Q6: Sector Garage | R6: Cod | S6: Descripcion | T6: Sector Parte | U6: Descrip | V6: Cajon/ Paq a Enviar | Y6: Kg x Uni | Z6: Kg x Cajon | AA6: Cajones Pedido | AB6: Uni x Cajon | AC6: Kg a Enviar
A7: GRJ 1 | B7: 500 | C7: Uña 500 LK | D7: 2 | E7: =+IF(D7="","",IF(D7-N7>0,0,N7-D7)) -> 2.7448 | F7: =+IFERROR(D7/H7,) -> 0.4 | H7: 5 | I7: 30 | J7: =+H7*L7 -> 4552.352 | K7: 0.03295 | L7: =+I7/K7 -> 910.47041 | M7: =IFERROR(VLOOKUP(B7,'Estadistica Madre CH 23-01'!A:C,3,0),+VLOOKUP(B7,'Estadistica Madre LK 23-01 '!A:C,3,0)) -> 1440 | N7: =3*M7/L7 -> 4.7448 | P7: Martin | Q7: GRJ 1 | R7: 500 | S7: Uña 500 LK | T7: C1 | U7: Abrelata Pie Uña Serig | V7: =+IFERROR(AC7/Z7,"") -> 2.4443576 | Y7: 0.029343333 | Z7: 30 | AA7: =+SUMIFS(E:E,B:$B,R7) -> 2.7448 | AB7: =+SUMIFS(L:L,B:B,R7) -> 910.47041 | AC7: =+(AB7*AA7)*Y7 -> 73.330727
A8: GRJ7/8 | B8: 506 | C8: Uña LK 506 | D8: 12 | E8: =+IF(D8="","",IF(D8-N8>0,0,N8-D8)) -> 29.3538 | F8: =+IFERROR(D8/H8,) -> 0.33333333 | H8: 36 | I8: 30 | J8: =+H8*L8 -> 49202.733 | K8: 0.02195 | L8: =+I8/K8 -> 1366.7426 | M8: =IFERROR(VLOOKUP(B8,'Estadistica Madre CH 23-01'!A:C,3,0),+VLOOKUP(B8,'Estadistica Madre LK 23-01 '!A:C,3,0)) -> 18840 | N8: =3*M8/L8 -> 41.3538 | P8: Martin | Q8: GRJ 1 | R8: 500 | S8: Uña 500 LK | T8: C10 | U8: Uñas Zinc. | V8: =+IFERROR(AC8/Z8,"") -> 0.29405596 | Y8: 0.00353 | Z8: 30 | AA8: =+SUMIFS(E:E,B:$B,R8) -> 2.7448 | AB8: =+SUMIFS(L:L,B:B,R8) -> 910.47041 | AC8: =+(AB8*AA8)*Y8 -> 8.8216789
A9: GRJ 4 | B9: 654 | C9: Bomb Autolimp. 654 | D9: 1 | E9: =+IF(D9="","",IF(D9-N9>0,0,N9-D9)) -> 2.9216 | F9: =+IFERROR(D9/H9,) -> 0.2 | H9: 5 | I9: 15 | J9: =+H9*L9 -> 3488.3721 | K9: 0.0215 | L9: =+I9/K9 -> 697.67442 | M9: =IFERROR(VLOOKUP(B9,'Estadistica Madre CH 23-01'!A:C,3,0),+VLOOKUP(B9,'Estadistica Madre LK 23-01 '!A:C,3,0)) -> 912 | N9: =3*M9/L9 -> 3.9216 | P9: Martin | Q9: GRJ7/8 | R9: 506 | S9: Uña LK 506 | T9: A10 | U9: Cpo Uña LK C/M Pint. | V9: =+IFERROR(AC9/Z9,"") -> 24.017961 | Y9: 0.01796 | Z9: 30 | AA9: =+SUMIFS(E:E,B:$B,R9)*1/4 -> 14.6769 | AB9: =+SUMIFS(L:L,B:B,R9) -> 2733.4852 | AC9: =+(AB9*AA9)*Y9 -> 720.53884
A10: GRJ 5 | B10: 558 | C10: Bomb. Tradicional 558 | D10: 1 | E10: =+IF(D10="","",IF(D10-N10>0,0,N10-D10)) -> 53.87 | F10: =+IFERROR(D10/H10,) -> 0.1 | H10: 10 | I10: 1.8 | J10: =+H10*L10 -> 1161.2903 | K10: 0.0155 | L10: =+I10/K10 -> 116.12903 | M10: =IFERROR(VLOOKUP(B10,'Estadistica Madre CH 23-01'!A:C,3,0),+VLOOKUP(B10,'Estadistica Madre LK 23-01 '!A:C,3,0)) -> 2124 | N10: =3*M10/L10 -> 54.87 | P10: Martin | Q10: GRJ7/8 | R10: 506 | S10: Uña LK 506 | T10: C10 | U10: Uñas Zinc. | V10: =+IFERROR(AC10/Z10,"") -> 4.7206795 | Y10: 0.00353 | Z10: 30 | AA10: =+SUMIFS(E:E,B:$B,R10)*1/4 -> 14.6769 | AB10: =+SUMIFS(L:L,B:B,R10) -> 2733.4852 | AC10: =+(AB10*AA10)*Y10 -> 141.62038
A11: GRJ 6 | B11: 557 | C11: Bomb. Tradicional 557 | D11: 0 | E11: =+IF(D11="","",IF(D11-N11>0,0,N11-D11)) -> 37.1 | F11: =+IFERROR(D11/H11,) -> 0 | H11: 1 | I11: 1.8 | J11: =+H11*L11 -> 113.20755 | K11: 0.0159 | L11: =+I11/K11 -> 113.20755 | M11: =IFERROR(VLOOKUP(B11,'Estadistica Madre CH 23-01'!A:C,3,0),+VLOOKUP(B11,'Estadistica Madre LK 23-01 '!A:C,3,0)) -> 1400 | N11: =3*M11/L11 -> 37.1 | P11: Fabrica | Q11: GRJ 4 | R11: 654 | S11: Bomb Autolimp. 654 | V11: =+IFERROR(AC11/Z11,"") | AA11: =+SUMIFS(E:E,B:$B,R11) -> 2.9216 | AB11: =+SUMIFS(L:L,B:B,R11) -> 697.67442 | AC11: =+(AB11*AA11)*Y11 -> 0
A12: GRJ9 | B12: 510 | C12: Uña Crom 510 | D12: 0 | E12: =+IF(D12="","",IF(D12-N12>0,0,N12-D12)) -> 14.2032 | F12: =+IFERROR(D12/H12,) -> 0 | H12: 8 | I12: 30 | J12: =+H12*L12 -> 10909.091 | K12: 0.022 | L12: =+I12/K12 -> 1363.6364 | M12: =IFERROR(VLOOKUP(B12,'Estadistica Madre CH 23-01'!A:C,3,0),+VLOOKUP(B12,'Estadistica Madre LK 23-01 '!A:C,3,0)) -> 6456 | N12: =3*M12/L12 -> 14.2032 | P12: Fabrica | Q12: GRJ 5 | R12: 558 | S12: Bomb. Tradicional 558 | V12: =+IFERROR(AC12/Z12,"") | AA12: =+SUMIFS(E:E,B:$B,R12) -> 53.87 | AB12: =+SUMIFS(L:L,B:B,R12) -> 116.12903 | AC12: =+(AB12*AA12)*Y12 -> 0
A13: GJR10 | B13: 544 | C13: Batidor Pera | D13: 30 | E13: =+IF(D13="","",IF(D13-N13>0,0,N13-D13)) -> 109.95 | F13: =+IFERROR(D13/H13,) -> 0.55555556 | H13: 54 | I13: 15.68 | J13: =+H13*L13 -> 8640 | K13: 0.098 | L13: =+I13/K13 -> 160 | M13: =IFERROR(VLOOKUP(B13,'Estadistica Madre CH 23-01'!A:C,3,0),+VLOOKUP(B13,'Estadistica Madre LK 23-01 '!A:C,3,0)) -> 7464 | N13: =3*M13/L13 -> 139.95 | P13: Fabrica | Q13: GRJ 6 | R13: 557 | S13: Bomb. Tradicional 557 | V13: =+IFERROR(AC13/Z13,"") | AA13: =+SUMIFS(E:E,B:$B,R13) -> 37.1 | AB13: =+SUMIFS(L:L,B:B,R13) -> 113.20755 | AC13: =+(AB13*AA13)*Y13 -> 0
A14: GRJ7/8 | B14: 506 | C14: Uña LK 506 | D14: 12 | E14: =+IF(D14="","",IF(D14-N14>0,0,N14-D14)) -> 29.3538 | F14: =+IFERROR(D14/H14,) -> 0.33333333 | H14: 36 | I14: 30 | J14: =+H14*L14 -> 49202.733 | K14: 0.02195 | L14: =+I14/K14 -> 1366.7426 | M14: =IFERROR(VLOOKUP(B14,'Estadistica Madre CH 23-01'!A:C,3,0),+VLOOKUP(B14,'Estadistica Madre LK 23-01 '!A:C,3,0)) -> 18840 | N14: =3*M14/L14 -> 41.3538 | P14: Carlos | Q14: GRJ9 | R14: 510 | S14: Uña Crom 510 | T14: A15 | U14: Cpo Uña Crom. LK C/M | V14: =+IFERROR(AC14/Z14,"") -> 11.629408 | Y14: 0.018013333 | Z14: 30 | AA14: =+SUMIFS(E:E,B:$B,R14) -> 14.2032 | AB14: =+SUMIFS(L:L,B:B,R14) -> 1363.6364 | AC14: =+(AB14*AA14)*Y14 -> 348.88224
A15: GRJ15 | B15: 530-531-730-731-706-700 | C15: Pintura Azul Mate | D15: 5 | E15: =+IF(D15="","",IF(D15-N15>0,0,N15-D15)) -> 0 | F15: =+IFERROR(D15/H15,) -> 0.25 | H15: 20 | I15: =+H15*J15 -> 400 | J15: 20 | K15: 12.867568 | L15: =+SUMIFS('Consumo '!E:E,'Consumo '!A:A,'Garage 20-11'!A15) -> 9224 | M15: =+K15*1.5 -> 19.301351 | N15: =3*M15/L15 -> 0.0062775427 | P15: Carlos | Q15: GRJ9 | R15: 510 | S15: Uña Crom 510 | T15: C10 | U15: Uñas Zinc. | V15: =+IFERROR(AC15/Z15,"") -> 2.278968 | Y15: 0.00353 | Z15: 30 | AA15: =+SUMIFS(E:E,B:$B,R15) -> 14.2032 | AB15: =+SUMIFS(L:L,B:B,R15) -> 1363.6364 | AC15: =+(AB15*AA15)*Y15 -> 68.36904
P16: Carlos | Q16: GJR10 | R16: 544 | S16: Batidor Pera | T16: LL9 | U16: Resorte Batidor Pera | V16: =+IFERROR(AC16/Z16,"") -> 34.695333 | Y16: 0.0355 | Z16: 18 | AA16: =+SUMIFS(E:E,B:$B,R16) -> 109.95 | AB16: =+SUMIFS(L:L,B:B,R16) -> 160 | AC16: =+(AB16*AA16)*Y16 -> 624.516
P17: Carlos | Q17: GJR10 | R17: 544 | S17: Batidor Pera | T17: LLF7B | U17: Arandela Batidor Pera | V17: =+IFERROR(AC17/Z17,"") -> 0.8741025 | Y17: 0.00159 | Z17: 32 | AA17: =+SUMIFS(E:E,B:$B,R17) -> 109.95 | AB17: =+SUMIFS(L:L,B:B,R17) -> 160 | AC17: =+(AB17*AA17)*Y17 -> 27.97128
P18: Carlos | Q18: GJR10 | R18: 544 | S18: Batidor Pera | T18: E4 | U18: Fleje Ø2 x 600 | V18: =+IFERROR(AC18/Z18,"") -> 58.410937 | Y18: 0.046484375 | Z18: 14 | AA18: =+SUMIFS(E:E,B:$B,R18) -> 109.95 | AB18: =+SUMIFS(L:L,B:B,R18) -> 160 | AC18: =+(AB18*AA18)*Y18 -> 817.75312
P19: Carlos | Q19: GJR10 | R19: 544 | S19: Batidor Pera | T19: E5 | U19: Fleje Ø2 x 665 | V19: =+IFERROR(AC19/Z19,"") -> 27.4875 | Y19: 0.015625 | Z19: 10 | AA19: =+SUMIFS(E:E,B:$B,R19) -> 109.95 | AB19: =+SUMIFS(L:L,B:B,R19) -> 160 | AC19: =+(AB19*AA19)*Y19 -> 274.875
P20: Carlos | Q20: GRJ7/8 | R20: 506 | S20: Uña LK 506 | T20: A10 | U20: Cpo Uña LK C/M Pint. | V20: =+IFERROR(AC20/Z20,"") -> 72.053884 | Y20: 0.01796 | Z20: 30 | AA20: =+SUMIFS(E:E,B:$B,R20)*3/4 -> 44.0307 | AB20: =+SUMIFS(L:L,B:B,R20) -> 2733.4852 | AC20: =+(AB20*AA20)*Y20 -> 2161.6165
P21: Carlos | Q21: GRJ7/8 | R21: 506 | S21: Uña LK 506 | T21: C10 | U21: Uñas Zinc. | V21: =+IFERROR(AC21/Z21,"") -> 14.162038 | Y21: 0.00353 | Z21: 30 | AA21: =+SUMIFS(E:E,B:$B,R21)*3/4 -> 44.0307 | AB21: =+SUMIFS(L:L,B:B,R21) -> 2733.4852 | AC21: =+(AB21*AA21)*Y21 -> 424.86115
P22: Jade | Q22: GRJ15 | R22: 530-531-730-731-706-700 | S22: Pintura Azul Mate | V22: =+IFERROR(AC22/Z22,"") | AA22: =+SUMIFS(E:E,B:$B,R22) -> 0 | AB22: =+SUMIFS(L:L,B:B,R22) -> 9224 | AC22: =+(AB22*AA22)*Y22 -> 0

Sheet Garage 16-10-25
C4: =+TODAY() -> 46101
H5: Informacion Cajones Garage | P5: Cajones a Preparar | Y5: Informacion Partes
A6: Sector | B6: Art | C6: Descripcion | D6: Stock Actual Cajon | E6: Pedido Cajon | F6: % Ocup | H6: Max Entra Caj | I6: Kg x Cajon | J6: Max Uni | K6: KG x Uni | L6: Uni x Cajon | M6: Est Madre Uni | N6: Stock Max Madre 3M | P6: Taller | Q6: Sector Garage | R6: Cod | S6: Descripcion | T6: Sector Parte | U6: Descrip | V6: Cajon/ Paq a Enviar | Y6: Kg x Uni | Z6: Kg x Cajon | AA6: Cajones Pedido | AB6: Uni x Cajon | AC6: Kg a Enviar
A7: GRJ 1 | B7: 500 | C7: Uña 500 LK | D7: 0 | E7: =+IF(D7="","",IF(D7-N7>0,0,N7-D7)) -> 4.7448 | F7: =+IFERROR(D7/H7,) -> 0 | H7: 5 | I7: 30 | J7: =+H7*L7 -> 4552.352 | K7: 0.03295 | L7: =+I7/K7 -> 910.47041 | M7: =IFERROR(VLOOKUP(B7,'Estadistica Madre CH 23-01'!A:C,3,0),+VLOOKUP(B7,'Estadistica Madre LK 23-01 '!A:C,3,0)) -> 1440 | N7: =3*M7/L7 -> 4.7448 | P7: Martin | Q7: GRJ 1 | R7: 500 | S7: Uña 500 LK | T7: C1 | U7: Abrelata Pie Uña Serig | V7: =+AC7/Z7 -> 4.22544 | Y7: 0.029343333 | Z7: 30 | AA7: =+SUMIFS(E:E,B:$B,R7) -> 4.7448 | AB7: =+SUMIFS(L:L,B:B,R7) -> 910.47041 | AC7: =+(AB7*AA7)*Y7 -> 126.7632
A8: GRJ7/8 | B8: 506 | C8: Uña LK 506 | D8: 9 | E8: =+IF(D8="","",IF(D8-N8>0,0,N8-D8)) -> 32.3538 | F8: =+IFERROR(D8/H8,) -> 0.25 | H8: 36 | I8: 30 | J8: =+H8*L8 -> 49202.733 | K8: 0.02195 | L8: =+I8/K8 -> 1366.7426 | M8: =IFERROR(VLOOKUP(B8,'Estadistica Madre CH 23-01'!A:C,3,0),+VLOOKUP(B8,'Estadistica Madre LK 23-01 '!A:C,3,0)) -> 18840 | N8: =3*M8/L8 -> 41.3538 | P8: Martin | Q8: GRJ 1 | R8: 500 | S8: Uña 500 LK | T8: C10 | U8: Uñas Zinc. | V8: =+AC8/Z8 -> 0.50832 | Y8: 0.00353 | Z8: 30 | AA8: =+SUMIFS(E:E,B:$B,R8) -> 4.7448 | AB8: =+SUMIFS(L:L,B:B,R8) -> 910.47041 | AC8: =+(AB8*AA8)*Y8 -> 15.2496
A9: GRJ 4 | B9: 654 | C9: Bomb Autolimp. 654 | D9: 0 | E9: =+IF(D9="","",IF(D9-N9>0,0,N9-D9)) -> 3.9216 | F9: =+IFERROR(D9/H9,) -> 0 | H9: 5 | I9: 15 | J9: =+H9*L9 -> 3488.3721 | K9: 0.0215 | L9: =+I9/K9 -> 697.67442 | M9: =IFERROR(VLOOKUP(B9,'Estadistica Madre CH 23-01'!A:C,3,0),+VLOOKUP(B9,'Estadistica Madre LK 23-01 '!A:C,3,0)) -> 912 | N9: =3*M9/L9 -> 3.9216 | P9: Martin | Q9: GRJ7/8 | R9: 506 | S9: Uña LK 506 | T9: A10 | U9: Cpo Uña LK C/M Pint. | V9: =+AC9/Z9 -> 26.472631 | Y9: 0.01796 | Z9: 30 | AA9: =+SUMIFS(E:E,B:$B,R9)*1/4 -> 16.1769 | AB9: =+SUMIFS(L:L,B:B,R9) -> 2733.4852 | AC9: =+(AB9*AA9)*Y9 -> 794.17893
A10: GRJ 5 | B10: 558 | C10: Bomb. Tradicional 558 | D10: 3 | E10: =+IF(D10="","",IF(D10-N10>0,0,N10-D10)) -> 51.87 | F10: =+IFERROR(D10/H10,) -> 0.3 | H10: 10 | I10: 1.8 | J10: =+H10*L10 -> 1161.2903 | K10: 0.0155 | L10: =+I10/K10 -> 116.12903 | M10: =IFERROR(VLOOKUP(B10,'Estadistica Madre CH 23-01'!A:C,3,0),+VLOOKUP(B10,'Estadistica Madre LK 23-01 '!A:C,3,0)) -> 2124 | N10: =3*M10/L10 -> 54.87 | P10: Martin | Q10: GRJ7/8 | R10: 506 | S10: Uña LK 506 | T10: C10 | U10: Uñas Zinc. | V10: =+AC10/Z10 -> 5.2031396 | Y10: 0.00353 | Z10: 30 | AA10: =+SUMIFS(E:E,B:$B,R10)*1/4 -> 16.1769 | AB10: =+SUMIFS(L:L,B:B,R10) -> 2733.4852 | AC10: =+(AB10*AA10)*Y10 -> 156.09419
A11: GRJ 6 | B11: 557 | C11: Bomb. Tradicional 557 | D11: 0 | E11: =+IF(D11="","",IF(D11-N11>0,0,N11-D11)) -> 37.1 | F11: =+IFERROR(D11/H11,) -> 0 | H11: 1 | I11: 1.8 | J11: =+H11*L11 -> 113.20755 | K11: 0.0159 | L11: =+I11/K11 -> 113.20755 | M11: =IFERROR(VLOOKUP(B11,'Estadistica Madre CH 23-01'!A:C,3,0),+VLOOKUP(B11,'Estadistica Madre LK 23-01 '!A:C,3,0)) -> 1400 | N11: =3*M11/L11 -> 37.1 | P11: Fabrica | Q11: GRJ 4 | R11: 654 | S11: Bomb Autolimp. 654 | V11: =+AC11/Z11 -> #DIV/0! | AA11: =+SUMIFS(E:E,B:$B,R11) -> 3.9216 | AB11: =+SUMIFS(L:L,B:B,R11) -> 697.67442 | AC11: =+(AB11*AA11)*Y11 -> 0
A12: GRJ9 | B12: 510 | C12: Uña Crom 510 | D12: 0 | E12: =+IF(D12="","",IF(D12-N12>0,0,N12-D12)) -> 14.2032 | F12: =+IFERROR(D12/H12,) -> 0 | H12: 8 | I12: 30 | J12: =+H12*L12 -> 10909.091 | K12: 0.022 | L12: =+I12/K12 -> 1363.6364 | M12: =IFERROR(VLOOKUP(B12,'Estadistica Madre CH 23-01'!A:C,3,0),+VLOOKUP(B12,'Estadistica Madre LK 23-01 '!A:C,3,0)) -> 6456 | N12: =3*M12/L12 -> 14.2032 | P12: Fabrica | Q12: GRJ 5 | R12: 558 | S12: Bomb. Tradicional 558 | V12: =+AC12/Z12 -> #DIV/0! | AA12: =+SUMIFS(E:E,B:$B,R12) -> 51.87 | AB12: =+SUMIFS(L:L,B:B,R12) -> 116.12903 | AC12: =+(AB12*AA12)*Y12 -> 0
A13: GJR10 | B13: 544 | C13: Batidor Pera | D13: 30 | E13: =+IF(D13="","",IF(D13-N13>0,0,N13-D13)) -> 109.95 | F13: =+IFERROR(D13/H13,) -> 0.55555556 | H13: 54 | I13: 15.68 | J13: =+H13*L13 -> 8640 | K13: 0.098 | L13: =+I13/K13 -> 160 | M13: =IFERROR(VLOOKUP(B13,'Estadistica Madre CH 23-01'!A:C,3,0),+VLOOKUP(B13,'Estadistica Madre LK 23-01 '!A:C,3,0)) -> 7464 | N13: =3*M13/L13 -> 139.95 | P13: Fabrica | Q13: GRJ 6 | R13: 557 | S13: Bomb. Tradicional 557 | V13: =+AC13/Z13 -> #DIV/0! | AA13: =+SUMIFS(E:E,B:$B,R13) -> 37.1 | AB13: =+SUMIFS(L:L,B:B,R13) -> 113.20755 | AC13: =+(AB13*AA13)*Y13 -> 0
A14: GRJ7/8 | B14: 506 | C14: Uña LK 506 | D14: 9 | E14: =+IF(D14="","",IF(D14-N14>0,0,N14-D14)) -> 32.3538 | F14: =+IFERROR(D14/H14,) -> 0.25 | H14: 36 | I14: 30 | J14: =+H14*L14 -> 49202.733 | K14: 0.02195 | L14: =+I14/K14 -> 1366.7426 | M14: =IFERROR(VLOOKUP(B14,'Estadistica Madre CH 23-01'!A:C,3,0),+VLOOKUP(B14,'Estadistica Madre LK 23-01 '!A:C,3,0)) -> 18840 | N14: =3*M14/L14 -> 41.3538 | P14: Carlos | Q14: GRJ9 | R14: 510 | S14: Uña Crom 510 | T14: A15 | U14: Cpo Uña Crom. LK C/M | V14: =+AC14/Z14 -> 11.629408 | Y14: 0.018013333 | Z14: 30 | AA14: =+SUMIFS(E:E,B:$B,R14) -> 14.2032 | AB14: =+SUMIFS(L:L,B:B,R14) -> 1363.6364 | AC14: =+(AB14*AA14)*Y14 -> 348.88224
A15: GRJ15 | B15: 530-531-730-731-706-700 | C15: Pintura Azul Mate | D15: 5 | E15: =+IF(D15="","",IF(D15-N15>0,0,N15-D15)) -> 0 | F15: =+IFERROR(D15/H15,) -> 0.25 | H15: 20 | I15: =+H15*J15 -> 400 | J15: 20 | K15: 12.867568 | L15: =+SUMIFS('Consumo '!E:E,'Consumo '!A:A,'Garage 16-10-25'!A15) -> 9224 | M15: =+K15*1.5 -> 19.301351 | N15: =3*M15/L15 -> 0.0062775427 | P15: Carlos | Q15: GRJ9 | R15: 510 | S15: Uña Crom 510 | T15: C10 | U15: Uñas Zinc. | V15: =+AC15/Z15 -> 2.278968 | Y15: 0.00353 | Z15: 30 | AA15: =+SUMIFS(E:E,B:$B,R15) -> 14.2032 | AB15: =+SUMIFS(L:L,B:B,R15) -> 1363.6364 | AC15: =+(AB15*AA15)*Y15 -> 68.36904
P16: Carlos | Q16: GJR10 | R16: 544 | S16: Batidor Pera | T16: LL9 | U16: Resorte Batidor Pera | V16: =+AC16/Z16 -> 34.695333 | Y16: 0.0355 | Z16: 18 | AA16: =+SUMIFS(E:E,B:$B,R16) -> 109.95 | AB16: =+SUMIFS(L:L,B:B,R16) -> 160 | AC16: =+(AB16*AA16)*Y16 -> 624.516
P17: Carlos | Q17: GJR10 | R17: 544 | S17: Batidor Pera | T17: LLF7B | U17: Arandela Batidor Pera | V17: =+AC17/Z17 -> 0.8741025 | Y17: 0.00159 | Z17: 32 | AA17: =+SUMIFS(E:E,B:$B,R17) -> 109.95 | AB17: =+SUMIFS(L:L,B:B,R17) -> 160 | AC17: =+(AB17*AA17)*Y17 -> 27.97128
P18: Carlos | Q18: GJR10 | R18: 544 | S18: Batidor Pera | T18: E4 | U18: Fleje Ø2 x 600 | V18: =+AC18/Z18 -> 58.410937 | Y18: 0.046484375 | Z18: 14 | AA18: =+SUMIFS(E:E,B:$B,R18) -> 109.95 | AB18: =+SUMIFS(L:L,B:B,R18) -> 160 | AC18: =+(AB18*AA18)*Y18 -> 817.75312
P19: Carlos | Q19: GJR10 | R19: 544 | S19: Batidor Pera | T19: E5 | U19: Fleje Ø2 x 665 | V19: =+AC19/Z19 -> 27.4875 | Y19: 0.015625 | Z19: 10 | AA19: =+SUMIFS(E:E,B:$B,R19) -> 109.95 | AB19: =+SUMIFS(L:L,B:B,R19) -> 160 | AC19: =+(AB19*AA19)*Y19 -> 274.875
P20: Carlos | Q20: GRJ7/8 | R20: 506 | S20: Uña LK 506 | T20: A10 | U20: Cpo Uña LK C/M Pint. | V20: =+AC20/Z20 -> 79.417893 | Y20: 0.01796 | Z20: 30 | AA20: =+SUMIFS(E:E,B:$B,R20)*3/4 -> 48.5307 | AB20: =+SUMIFS(L:L,B:B,R20) -> 2733.4852 | AC20: =+(AB20*AA20)*Y20 -> 2382.5368
P21: Carlos | Q21: GRJ7/8 | R21: 506 | S21: Uña LK 506 | T21: C10 | U21: Uñas Zinc. | V21: =+AC21/Z21 -> 15.609419 | Y21: 0.00353 | Z21: 30 | AA21: =+SUMIFS(E:E,B:$B,R21)*3/4 -> 48.5307 | AB21: =+SUMIFS(L:L,B:B,R21) -> 2733.4852 | AC21: =+(AB21*AA21)*Y21 -> 468.28256
P22: Jade | Q22: GRJ15 | R22: 530-531-730-731-706-700 | S22: Pintura Azul Mate | V22: =+AC22/Z22 -> #DIV/0! | AA22: =+SUMIFS(E:E,B:$B,R22) -> 0 | AB22: =+SUMIFS(L:L,B:B,R22) -> 9224 | AC22: =+(AB22*AA22)*Y22 -> 0

Sheet Garage 09-10
C4: =+TODAY() -> 46101
H5: Informacion Cajones Garage | P5: Cajones a Preparar | Y5: Informacion Partes
A6: Sector | B6: Art | C6: Descripcion | D6: Stock Actual Cajon | E6: Pedido Cajon | F6: % Ocup | H6: Max Entra Caj | I6: Kg x Cajon | J6: Max Uni | K6: KG x Uni | L6: Uni x Cajon | M6: Est Madre Uni | N6: Stock Max Madre 3M | P6: Taller | Q6: Sector Garage | R6: Cod | S6: Descripcion | T6: Sector Parte | U6: Descrip | V6: Cajon/ Paq a Enviar | Y6: Kg x Uni | Z6: Kg x Cajon | AA6: Cajones Pedido | AB6: Uni x Cajon | AC6: Kg a Enviar
A7: GRJ 1 | B7: 500 | C7: Uña 500 LK | D7: 0 | E7: =+IF(D7="","",IF(D7-N7>0,0,N7-D7)) -> 4.7448 | F7: =+IFERROR(D7/H7,) -> 0 | H7: 5 | I7: 30 | J7: =+H7*L7 -> 4552.352 | K7: 0.03295 | L7: =+I7/K7 -> 910.47041 | M7: =IFERROR(VLOOKUP(B7,'Estadistica Madre CH 23-01'!A:C,3,0),+VLOOKUP(B7,'Estadistica Madre LK 23-01 '!A:C,3,0)) -> 1440 | N7: =3*M7/L7 -> 4.7448 | P7: Martin | Q7: GRJ 1 | R7: 500 | S7: Uña 500 LK | T7: C1 | U7: Abrelata Pie Uña Serig | V7: =+AC7/Z7 -> 4.22544 | Y7: 0.029343333 | Z7: 30 | AA7: =+SUMIFS(E:E,B:$B,R7) -> 4.7448 | AB7: =+SUMIFS(L:L,B:B,R7) -> 910.47041 | AC7: =+(AB7*AA7)*Y7 -> 126.7632
A8: GRJ7/8 | B8: 506 | C8: Uña LK 506 | D8: 9 | E8: =+IF(D8="","",IF(D8-N8>0,0,N8-D8)) -> 32.3538 | F8: =+IFERROR(D8/H8,) -> 0.25 | H8: 36 | I8: 30 | J8: =+H8*L8 -> 49202.733 | K8: 0.02195 | L8: =+I8/K8 -> 1366.7426 | M8: =IFERROR(VLOOKUP(B8,'Estadistica Madre CH 23-01'!A:C,3,0),+VLOOKUP(B8,'Estadistica Madre LK 23-01 '!A:C,3,0)) -> 18840 | N8: =3*M8/L8 -> 41.3538 | P8: Martin | Q8: GRJ 1 | R8: 500 | S8: Uña 500 LK | T8: C10 | U8: Uñas Zinc. | V8: =+AC8/Z8 -> 0.50832 | Y8: 0.00353 | Z8: 30 | AA8: =+SUMIFS(E:E,B:$B,R8) -> 4.7448 | AB8: =+SUMIFS(L:L,B:B,R8) -> 910.47041 | AC8: =+(AB8*AA8)*Y8 -> 15.2496
A9: GRJ 4 | B9: 654 | C9: Bomb Autolimp. 654 | D9: 0 | E9: =+IF(D9="","",IF(D9-N9>0,0,N9-D9)) -> 3.9216 | F9: =+IFERROR(D9/H9,) -> 0 | H9: 5 | I9: 15 | J9: =+H9*L9 -> 3488.3721 | K9: 0.0215 | L9: =+I9/K9 -> 697.67442 | M9: =IFERROR(VLOOKUP(B9,'Estadistica Madre CH 23-01'!A:C,3,0),+VLOOKUP(B9,'Estadistica Madre LK 23-01 '!A:C,3,0)) -> 912 | N9: =3*M9/L9 -> 3.9216 | P9: Martin | Q9: GRJ7/8 | R9: 506 | S9: Uña LK 506 | T9: A10 | U9: Cpo Uña LK C/M Pint. | V9: =+AC9/Z9 -> 26.472631 | Y9: 0.01796 | Z9: 30 | AA9: =+SUMIFS(E:E,B:$B,R9)*1/4 -> 16.1769 | AB9: =+SUMIFS(L:L,B:B,R9) -> 2733.4852 | AC9: =+(AB9*AA9)*Y9 -> 794.17893
A10: GRJ 5 | B10: 558 | C10: Bomb. Tradicional 558 | D10: 3 | E10: =+IF(D10="","",IF(D10-N10>0,0,N10-D10)) -> 51.87 | F10: =+IFERROR(D10/H10,) -> 0.3 | H10: 10 | I10: 1.8 | J10: =+H10*L10 -> 1161.2903 | K10: 0.0155 | L10: =+I10/K10 -> 116.12903 | M10: =IFERROR(VLOOKUP(B10,'Estadistica Madre CH 23-01'!A:C,3,0),+VLOOKUP(B10,'Estadistica Madre LK 23-01 '!A:C,3,0)) -> 2124 | N10: =3*M10/L10 -> 54.87 | P10: Martin | Q10: GRJ7/8 | R10: 506 | S10: Uña LK 506 | T10: C10 | U10: Uñas Zinc. | V10: =+AC10/Z10 -> 5.2031396 | Y10: 0.00353 | Z10: 30 | AA10: =+SUMIFS(E:E,B:$B,R10)*1/4 -> 16.1769 | AB10: =+SUMIFS(L:L,B:B,R10) -> 2733.4852 | AC10: =+(AB10*AA10)*Y10 -> 156.09419
A11: GRJ 6 | B11: 557 | C11: Bomb. Tradicional 557 | D11: 0 | E11: =+IF(D11="","",IF(D11-N11>0,0,N11-D11)) -> 37.1 | F11: =+IFERROR(D11/H11,) -> 0 | H11: 1 | I11: 1.8 | J11: =+H11*L11 -> 113.20755 | K11: 0.0159 | L11: =+I11/K11 -> 113.20755 | M11: =IFERROR(VLOOKUP(B11,'Estadistica Madre CH 23-01'!A:C,3,0),+VLOOKUP(B11,'Estadistica Madre LK 23-01 '!A:C,3,0)) -> 1400 | N11: =3*M11/L11 -> 37.1 | P11: Fabrica | Q11: GRJ 4 | R11: 654 | S11: Bomb Autolimp. 654 | V11: =+AC11/Z11 -> #DIV/0! | AA11: =+SUMIFS(E:E,B:$B,R11) -> 3.9216 | AB11: =+SUMIFS(L:L,B:B,R11) -> 697.67442 | AC11: =+(AB11*AA11)*Y11 -> 0
A12: GRJ9 | B12: 510 | C12: Uña Crom 510 | D12: 0 | E12: =+IF(D12="","",IF(D12-N12>0,0,N12-D12)) -> 14.2032 | F12: =+IFERROR(D12/H12,) -> 0 | H12: 8 | I12: 30 | J12: =+H12*L12 -> 10909.091 | K12: 0.022 | L12: =+I12/K12 -> 1363.6364 | M12: =IFERROR(VLOOKUP(B12,'Estadistica Madre CH 23-01'!A:C,3,0),+VLOOKUP(B12,'Estadistica Madre LK 23-01 '!A:C,3,0)) -> 6456 | N12: =3*M12/L12 -> 14.2032 | P12: Fabrica | Q12: GRJ 5 | R12: 558 | S12: Bomb. Tradicional 558 | V12: =+AC12/Z12 -> #DIV/0! | AA12: =+SUMIFS(E:E,B:$B,R12) -> 51.87 | AB12: =+SUMIFS(L:L,B:B,R12) -> 116.12903 | AC12: =+(AB12*AA12)*Y12 -> 0
A13: GJR10 | B13: 544 | C13: Batidor Pera | D13: 24 | E13: =+IF(D13="","",IF(D13-N13>0,0,N13-D13)) -> 75.384783 | F13: =+IFERROR(D13/H13,) -> 0.44444444 | H13: 54 | I13: 14.72 | J13: =+H13*L13 -> 8111.0204 | K13: 0.098 | L13: =+I13/K13 -> 150.20408 | M13: =IFERROR(VLOOKUP(B13,'Estadistica Madre CH 23-01'!A:C,3,0),+VLOOKUP(B13,'Estadistica Madre LK 23-01 '!A:C,3,0)) -> 7464 | N13: =2*M13/L13 -> 99.384783 | P13: Fabrica | Q13: GRJ 6 | R13: 557 | S13: Bomb. Tradicional 557 | V13: =+AC13/Z13 -> #DIV/0! | AA13: =+SUMIFS(E:E,B:$B,R13) -> 37.1 | AB13: =+SUMIFS(L:L,B:B,R13) -> 113.20755 | AC13: =+(AB13*AA13)*Y13 -> 0
A14: GRJ7/8 | B14: 506 | C14: Uña LK 506 | D14: 9 | E14: =+IF(D14="","",IF(D14-N14>0,0,N14-D14)) -> 32.3538 | F14: =+IFERROR(D14/H14,) -> 0.25 | H14: 36 | I14: 30 | J14: =+H14*L14 -> 49202.733 | K14: 0.02195 | L14: =+I14/K14 -> 1366.7426 | M14: =IFERROR(VLOOKUP(B14,'Estadistica Madre CH 23-01'!A:C,3,0),+VLOOKUP(B14,'Estadistica Madre LK 23-01 '!A:C,3,0)) -> 18840 | N14: =3*M14/L14 -> 41.3538 | P14: Carlos | Q14: GRJ9 | R14: 510 | S14: Uña Crom 510 | T14: A15 | U14: Cpo Uña Crom. LK C/M | V14: =+AC14/Z14 -> 11.629408 | Y14: 0.018013333 | Z14: 30 | AA14: =+SUMIFS(E:E,B:$B,R14) -> 14.2032 | AB14: =+SUMIFS(L:L,B:B,R14) -> 1363.6364 | AC14: =+(AB14*AA14)*Y14 -> 348.88224
A15: GRJ15 | B15: 530-531-730-731-706-700 | C15: Pintura Azul Mate | D15: 5 | E15: =+IF(D15="","",IF(D15-N15>0,0,N15-D15)) -> 0 | F15: =+IFERROR(D15/H15,) -> 0.25 | H15: 20 | I15: =+H15*J15 -> 400 | J15: 20 | K15: 12.867568 | L15: =+SUMIFS('Consumo '!E:E,'Consumo '!A:A,'Garage 09-10'!A15) -> 9224 | M15: =+K15*1.5 -> 19.301351 | N15: =3*M15/L15 -> 0.0062775427 | P15: Carlos | Q15: GRJ9 | R15: 510 | S15: Uña Crom 510 | T15: C10 | U15: Uñas Zinc. | V15: =+AC15/Z15 -> 2.278968 | Y15: 0.00353 | Z15: 30 | AA15: =+SUMIFS(E:E,B:$B,R15) -> 14.2032 | AB15: =+SUMIFS(L:L,B:B,R15) -> 1363.6364 | AC15: =+(AB15*AA15)*Y15 -> 68.36904
P16: Carlos | Q16: GJR10 | R16: 544 | S16: Batidor Pera | T16: LL9 | U16: Resorte Batidor Pera | V16: =+AC16/Z16 -> 22.331673 | Y16: 0.0355 | Z16: 18 | AA16: =+SUMIFS(E:E,B:$B,R16) -> 75.384783 | AB16: =+SUMIFS(L:L,B:B,R16) -> 150.20408 | AC16: =+(AB16*AA16)*Y16 -> 401.97012
P17: Carlos | Q17: GJR10 | R17: 544 | S17: Batidor Pera | T17: LLF7B | U17: Arandela Batidor Pera | V17: =+AC17/Z17 -> 0.56261663 | Y17: 0.00159 | Z17: 32 | AA17: =+SUMIFS(E:E,B:$B,R17) -> 75.384783 | AB17: =+SUMIFS(L:L,B:B,R17) -> 150.20408 | AC17: =+(AB17*AA17)*Y17 -> 18.003732
P18: Carlos | Q18: GJR10 | R18: 544 | S18: Batidor Pera | T18: E4 | U18: Fleje Ø2 x 600 | V18: =+AC18/Z18 -> 37.596237 | Y18: 0.046484375 | Z18: 14 | AA18: =+SUMIFS(E:E,B:$B,R18) -> 75.384783 | AB18: =+SUMIFS(L:L,B:B,R18) -> 150.20408 | AC18: =+(AB18*AA18)*Y18 -> 526.34732
P19: Carlos | Q19: GJR10 | R19: 544 | S19: Batidor Pera | T19: E5 | U19: Fleje Ø2 x 665 | V19: =+AC19/Z19 -> 17.692347 | Y19: 0.015625 | Z19: 10 | AA19: =+SUMIFS(E:E,B:$B,R19) -> 75.384783 | AB19: =+SUMIFS(L:L,B:B,R19) -> 150.20408 | AC19: =+(AB19*AA19)*Y19 -> 176.92347
P20: Carlos | Q20: GRJ7/8 | R20: 506 | S20: Uña LK 506 | T20: A10 | U20: Cpo Uña LK C/M Pint. | V20: =+AC20/Z20 -> 79.417893 | Y20: 0.01796 | Z20: 30 | AA20: =+SUMIFS(E:E,B:$B,R20)*3/4 -> 48.5307 | AB20: =+SUMIFS(L:L,B:B,R20) -> 2733.4852 | AC20: =+(AB20*AA20)*Y20 -> 2382.5368
P21: Carlos | Q21: GRJ7/8 | R21: 506 | S21: Uña LK 506 | T21: C10 | U21: Uñas Zinc. | V21: =+AC21/Z21 -> 15.609419 | Y21: 0.00353 | Z21: 30 | AA21: =+SUMIFS(E:E,B:$B,R21)*3/4 -> 48.5307 | AB21: =+SUMIFS(L:L,B:B,R21) -> 2733.4852 | AC21: =+(AB21*AA21)*Y21 -> 468.28256
P22: Jade | Q22: GRJ15 | R22: 530-531-730-731-706-700 | S22: Pintura Azul Mate | V22: =+AC22/Z22 -> #DIV/0! | AA22: =+SUMIFS(E:E,B:$B,R22) -> 0 | AB22: =+SUMIFS(L:L,B:B,R22) -> 9224 | AC22: =+(AB22*AA22)*Y22 -> 0

Sheet 23-10-25
C4: =+TODAY() -> 46101
H5: Informacion Cajones Garage | P5: Cajones a Preparar | Y5: Informacion Partes
A6: Sector | B6: Art | C6: Descripcion | D6: Stock Actual Cajon | E6: Pedido Cajon | F6: % Ocup | H6: Max Entra Caj | I6: Kg x Cajon | J6: Max Uni | K6: KG x Uni | L6: Uni x Cajon | M6: Est Madre Uni | N6: Stock Max Madre 3M | P6: Taller | Q6: Sector Garage | R6: Cod | S6: Descripcion | T6: Sector Parte | U6: Descrip | V6: Cajon/ Paq a Enviar | Y6: Kg x Uni | Z6: Kg x Cajon | AA6: Cajones Pedido | AB6: Uni x Cajon | AC6: Kg a Enviar
A7: GRJ 1 | B7: 500 | C7: Uña 500 LK | D7: 0 | E7: =+IF(D7="","",IF(D7-N7>0,0,N7-D7)) -> 4.7448 | F7: =+IFERROR(D7/H7,) -> 0 | H7: 5 | I7: 30 | J7: =+H7*L7 -> 4552.352 | K7: 0.03295 | L7: =+I7/K7 -> 910.47041 | M7: =IFERROR(VLOOKUP(B7,'Estadistica Madre CH 23-01'!A:C,3,0),+VLOOKUP(B7,'Estadistica Madre LK 23-01 '!A:C,3,0)) -> 1440 | N7: =3*M7/L7 -> 4.7448 | P7: Martin | Q7: GRJ 1 | R7: 500 | S7: Uña 500 LK | T7: C1 | U7: Abrelata Pie Uña Serig | V7: =+AC7/Z7 -> 4.22544 | Y7: 0.029343333 | Z7: 30 | AA7: =+SUMIFS(E:E,B:$B,R7) -> 4.7448 | AB7: =+SUMIFS(L:L,B:B,R7) -> 910.47041 | AC7: =+(AB7*AA7)*Y7 -> 126.7632
A8: GRJ7/8 | B8: 506 | C8: Uña LK 506 | D8: 9 | E8: =+IF(D8="","",IF(D8-N8>0,0,N8-D8)) -> 32.3538 | F8: =+IFERROR(D8/H8,) -> 0.25 | H8: 36 | I8: 30 | J8: =+H8*L8 -> 49202.733 | K8: 0.02195 | L8: =+I8/K8 -> 1366.7426 | M8: =IFERROR(VLOOKUP(B8,'Estadistica Madre CH 23-01'!A:C,3,0),+VLOOKUP(B8,'Estadistica Madre LK 23-01 '!A:C,3,0)) -> 18840 | N8: =3*M8/L8 -> 41.3538 | P8: Martin | Q8: GRJ 1 | R8: 500 | S8: Uña 500 LK | T8: C10 | U8: Uñas Zinc. | V8: =+AC8/Z8 -> 0.50832 | Y8: 0.00353 | Z8: 30 | AA8: =+SUMIFS(E:E,B:$B,R8) -> 4.7448 | AB8: =+SUMIFS(L:L,B:B,R8) -> 910.47041 | AC8: =+(AB8*AA8)*Y8 -> 15.2496
A9: GRJ 4 | B9: 654 | C9: Bomb Autolimp. 654 | D9: 0 | E9: =+IF(D9="","",IF(D9-N9>0,0,N9-D9)) -> 3.9216 | F9: =+IFERROR(D9/H9,) -> 0 | H9: 5 | I9: 15 | J9: =+H9*L9 -> 3488.3721 | K9: 0.0215 | L9: =+I9/K9 -> 697.67442 | M9: =IFERROR(VLOOKUP(B9,'Estadistica Madre CH 23-01'!A:C,3,0),+VLOOKUP(B9,'Estadistica Madre LK 23-01 '!A:C,3,0)) -> 912 | N9: =3*M9/L9 -> 3.9216 | P9: Martin | Q9: GRJ7/8 | R9: 506 | S9: Uña LK 506 | T9: A10 | U9: Cpo Uña LK C/M Pint. | V9: =+AC9/Z9 -> 26.472631 | Y9: 0.01796 | Z9: 30 | AA9: =+SUMIFS(E:E,B:$B,R9)*1/4 -> 16.1769 | AB9: =+SUMIFS(L:L,B:B,R9) -> 2733.4852 | AC9: =+(AB9*AA9)*Y9 -> 794.17893
A10: GRJ 5 | B10: 558 | C10: Bomb. Tradicional 558 | D10: 3 | E10: =+IF(D10="","",IF(D10-N10>0,0,N10-D10)) -> 51.87 | F10: =+IFERROR(D10/H10,) -> 0.3 | H10: 10 | I10: 1.8 | J10: =+H10*L10 -> 1161.2903 | K10: 0.0155 | L10: =+I10/K10 -> 116.12903 | M10: =IFERROR(VLOOKUP(B10,'Estadistica Madre CH 23-01'!A:C,3,0),+VLOOKUP(B10,'Estadistica Madre LK 23-01 '!A:C,3,0)) -> 2124 | N10: =3*M10/L10 -> 54.87 | P10: Martin | Q10: GRJ7/8 | R10: 506 | S10: Uña LK 506 | T10: C10 | U10: Uñas Zinc. | V10: =+AC10/Z10 -> 5.2031396 | Y10: 0.00353 | Z10: 30 | AA10: =+SUMIFS(E:E,B:$B,R10)*1/4 -> 16.1769 | AB10: =+SUMIFS(L:L,B:B,R10) -> 2733.4852 | AC10: =+(AB10*AA10)*Y10 -> 156.09419
A11: GRJ 6 | B11: 557 | C11: Bomb. Tradicional 557 | D11: 0 | E11: =+IF(D11="","",IF(D11-N11>0,0,N11-D11)) -> 37.1 | F11: =+IFERROR(D11/H11,) -> 0 | H11: 1 | I11: 1.8 | J11: =+H11*L11 -> 113.20755 | K11: 0.0159 | L11: =+I11/K11 -> 113.20755 | M11: =IFERROR(VLOOKUP(B11,'Estadistica Madre CH 23-01'!A:C,3,0),+VLOOKUP(B11,'Estadistica Madre LK 23-01 '!A:C,3,0)) -> 1400 | N11: =3*M11/L11 -> 37.1 | P11: Fabrica | Q11: GRJ 4 | R11: 654 | S11: Bomb Autolimp. 654 | V11: =+AC11/Z11 -> #DIV/0! | AA11: =+SUMIFS(E:E,B:$B,R11) -> 3.9216 | AB11: =+SUMIFS(L:L,B:B,R11) -> 697.67442 | AC11: =+(AB11*AA11)*Y11 -> 0
A12: GRJ9 | B12: 510 | C12: Uña Crom 510 | D12: 0 | E12: =+IF(D12="","",IF(D12-N12>0,0,N12-D12)) -> 14.2032 | F12: =+IFERROR(D12/H12,) -> 0 | H12: 8 | I12: 30 | J12: =+H12*L12 -> 10909.091 | K12: 0.022 | L12: =+I12/K12 -> 1363.6364 | M12: =IFERROR(VLOOKUP(B12,'Estadistica Madre CH 23-01'!A:C,3,0),+VLOOKUP(B12,'Estadistica Madre LK 23-01 '!A:C,3,0)) -> 6456 | N12: =3*M12/L12 -> 14.2032 | P12: Fabrica | Q12: GRJ 5 | R12: 558 | S12: Bomb. Tradicional 558 | V12: =+AC12/Z12 -> #DIV/0! | AA12: =+SUMIFS(E:E,B:$B,R12) -> 51.87 | AB12: =+SUMIFS(L:L,B:B,R12) -> 116.12903 | AC12: =+(AB12*AA12)*Y12 -> 0
A13: GJR10 | B13: 544 | C13: Batidor Pera | D13: 35 | E13: =+IF(D13="","",IF(D13-N13>0,0,N13-D13)) -> 114.28 | F13: =+IFERROR(D13/H13,) -> 0.64814815 | H13: 54 | I13: 14.7 | J13: =+H13*L13 -> 8100 | K13: 0.098 | L13: =+I13/K13 -> 150 | M13: =IFERROR(VLOOKUP(B13,'Estadistica Madre CH 23-01'!A:C,3,0),+VLOOKUP(B13,'Estadistica Madre LK 23-01 '!A:C,3,0)) -> 7464 | N13: =3*M13/L13 -> 149.28 | P13: Fabrica | Q13: GRJ 6 | R13: 557 | S13: Bomb. Tradicional 557 | V13: =+AC13/Z13 -> #DIV/0! | AA13: =+SUMIFS(E:E,B:$B,R13) -> 37.1 | AB13: =+SUMIFS(L:L,B:B,R13) -> 113.20755 | AC13: =+(AB13*AA13)*Y13 -> 0
A14: GRJ7/8 | B14: 506 | C14: Uña LK 506 | D14: 9 | E14: =+IF(D14="","",IF(D14-N14>0,0,N14-D14)) -> 32.3538 | F14: =+IFERROR(D14/H14,) -> 0.25 | H14: 36 | I14: 30 | J14: =+H14*L14 -> 49202.733 | K14: 0.02195 | L14: =+I14/K14 -> 1366.7426 | M14: =IFERROR(VLOOKUP(B14,'Estadistica Madre CH 23-01'!A:C,3,0),+VLOOKUP(B14,'Estadistica Madre LK 23-01 '!A:C,3,0)) -> 18840 | N14: =3*M14/L14 -> 41.3538 | P14: Carlos | Q14: GRJ9 | R14: 510 | S14: Uña Crom 510 | T14: A15 | U14: Cpo Uña Crom. LK C/M | V14: =+AC14/Z14 -> 11.629408 | Y14: 0.018013333 | Z14: 30 | AA14: =+SUMIFS(E:E,B:$B,R14) -> 14.2032 | AB14: =+SUMIFS(L:L,B:B,R14) -> 1363.6364 | AC14: =+(AB14*AA14)*Y14 -> 348.88224
A15: GRJ15 | B15: 530-531-730-731-706-700 | C15: Pintura Azul Mate | D15: 5 | E15: =+IF(D15="","",IF(D15-N15>0,0,N15-D15)) -> 0 | F15: =+IFERROR(D15/H15,) -> 0.25 | H15: 20 | I15: =+H15*J15 -> 400 | J15: 20 | K15: 12.867568 | L15: =+SUMIFS('Consumo '!E:E,'Consumo '!A:A,'23-10-25'!A15) -> 9224 | M15: =+K15*1.5 -> 19.301351 | N15: =3*M15/L15 -> 0.0062775427 | P15: Carlos | Q15: GRJ9 | R15: 510 | S15: Uña Crom 510 | T15: C10 | U15: Uñas Zinc. | V15: =+AC15/Z15 -> 2.278968 | Y15: 0.00353 | Z15: 30 | AA15: =+SUMIFS(E:E,B:$B,R15) -> 14.2032 | AB15: =+SUMIFS(L:L,B:B,R15) -> 1363.6364 | AC15: =+(AB15*AA15)*Y15 -> 68.36904
P16: Carlos | Q16: GJR10 | R16: 544 | S16: Batidor Pera | T16: LL9 | U16: Resorte Batidor Pera | V16: =+AC16/Z16 -> 33.807833 | Y16: 0.0355 | Z16: 18 | AA16: =+SUMIFS(E:E,B:$B,R16) -> 114.28 | AB16: =+SUMIFS(L:L,B:B,R16) -> 150 | AC16: =+(AB16*AA16)*Y16 -> 608.541
P17: Carlos | Q17: GJR10 | R17: 544 | S17: Batidor Pera | T17: LLF7B | U17: Arandela Batidor Pera | V17: =+AC17/Z17 -> 0.85174313 | Y17: 0.00159 | Z17: 32 | AA17: =+SUMIFS(E:E,B:$B,R17) -> 114.28 | AB17: =+SUMIFS(L:L,B:B,R17) -> 150 | AC17: =+(AB17*AA17)*Y17 -> 27.25578
P18: Carlos | Q18: GJR10 | R18: 544 | S18: Batidor Pera | T18: E4 | U18: Fleje Ø2 x 600 | V18: =+AC18/Z18 -> 56.916797 | Y18: 0.046484375 | Z18: 14 | AA18: =+SUMIFS(E:E,B:$B,R18) -> 114.28 | AB18: =+SUMIFS(L:L,B:B,R18) -> 150 | AC18: =+(AB18*AA18)*Y18 -> 796.83516
P19: Carlos | Q19: GJR10 | R19: 544 | S19: Batidor Pera | T19: E5 | U19: Fleje Ø2 x 665 | V19: =+AC19/Z19 -> 26.784375 | Y19: 0.015625 | Z19: 10 | AA19: =+SUMIFS(E:E,B:$B,R19) -> 114.28 | AB19: =+SUMIFS(L:L,B:B,R19) -> 150 | AC19: =+(AB19*AA19)*Y19 -> 267.84375
P20: Carlos | Q20: GRJ7/8 | R20: 506 | S20: Uña LK 506 | T20: A10 | U20: Cpo Uña LK C/M Pint. | V20: =+AC20/Z20 -> 79.417893 | Y20: 0.01796 | Z20: 30 | AA20: =+SUMIFS(E:E,B:$B,R20)*3/4 -> 48.5307 | AB20: =+SUMIFS(L:L,B:B,R20) -> 2733.4852 | AC20: =+(AB20*AA20)*Y20 -> 2382.5368
P21: Carlos | Q21: GRJ7/8 | R21: 506 | S21: Uña LK 506 | T21: C10 | U21: Uñas Zinc. | V21: =+AC21/Z21 -> 15.609419 | Y21: 0.00353 | Z21: 30 | AA21: =+SUMIFS(E:E,B:$B,R21)*3/4 -> 48.5307 | AB21: =+SUMIFS(L:L,B:B,R21) -> 2733.4852 | AC21: =+(AB21*AA21)*Y21 -> 468.28256
P22: Jade | Q22: GRJ15 | R22: 530-531-730-731-706-700 | S22: Pintura Azul Mate | V22: =+AC22/Z22 -> #DIV/0! | AA22: =+SUMIFS(E:E,B:$B,R22) -> 0 | AB22: =+SUMIFS(L:L,B:B,R22) -> 9224 | AC22: =+(AB22*AA22)*Y22 -> 0

Sheet Garage 30-10
C4: =+TODAY() -> 46101
H5: Informacion Cajones Garage | P5: Cajones a Preparar | Y5: Informacion Partes
A6: Sector | B6: Art | C6: Descripcion | D6: Stock Actual Cajon | E6: Pedido Cajon | F6: % Ocup | H6: Max Entra Caj | I6: Kg x Cajon | J6: Max Uni | K6: KG x Uni | L6: Uni x Cajon | M6: Est Madre Uni | N6: Stock Max Madre 3M | P6: Taller | Q6: Sector Garage | R6: Cod | S6: Descripcion | T6: Sector Parte | U6: Descrip | V6: Cajon/ Paq a Enviar | Y6: Kg x Uni | Z6: Kg x Cajon | AA6: Cajones Pedido | AB6: Uni x Cajon | AC6: Kg a Enviar
A7: GRJ 1 | B7: 500 | C7: Uña 500 LK | D7: 0 | E7: =+IF(D7="","",IF(D7-N7>0,0,N7-D7)) -> 4.7448 | F7: =+IFERROR(D7/H7,) -> 0 | H7: 5 | I7: 30 | J7: =+H7*L7 -> 4552.352 | K7: 0.03295 | L7: =+I7/K7 -> 910.47041 | M7: =IFERROR(VLOOKUP(B7,'Estadistica Madre CH 23-01'!A:C,3,0),+VLOOKUP(B7,'Estadistica Madre LK 23-01 '!A:C,3,0)) -> 1440 | N7: =3*M7/L7 -> 4.7448 | P7: Martin | Q7: GRJ 1 | R7: 500 | S7: Uña 500 LK | T7: C1 | U7: Abrelata Pie Uña Serig | V7: =+AC7/Z7 -> 4.22544 | Y7: 0.029343333 | Z7: 30 | AA7: =+SUMIFS(E:E,B:$B,R7) -> 4.7448 | AB7: =+SUMIFS(L:L,B:B,R7) -> 910.47041 | AC7: =+(AB7*AA7)*Y7 -> 126.7632
A8: GRJ7/8 | B8: 506 | C8: Uña LK 506 | D8: 16 | E8: =+IF(D8="","",IF(D8-N8>0,0,N8-D8)) -> 25.3538 | F8: =+IFERROR(D8/H8,) -> 0.44444444 | H8: 36 | I8: 30 | J8: =+H8*L8 -> 49202.733 | K8: 0.02195 | L8: =+I8/K8 -> 1366.7426 | M8: =IFERROR(VLOOKUP(B8,'Estadistica Madre CH 23-01'!A:C,3,0),+VLOOKUP(B8,'Estadistica Madre LK 23-01 '!A:C,3,0)) -> 18840 | N8: =3*M8/L8 -> 41.3538 | P8: Martin | Q8: GRJ 1 | R8: 500 | S8: Uña 500 LK | T8: C10 | U8: Uñas Zinc. | V8: =+AC8/Z8 -> 0.50832 | Y8: 0.00353 | Z8: 30 | AA8: =+SUMIFS(E:E,B:$B,R8) -> 4.7448 | AB8: =+SUMIFS(L:L,B:B,R8) -> 910.47041 | AC8: =+(AB8*AA8)*Y8 -> 15.2496
A9: GRJ 4 | B9: 654 | C9: Bomb Autolimp. 654 | D9: 0 | E9: =+IF(D9="","",IF(D9-N9>0,0,N9-D9)) -> 3.9216 | F9: =+IFERROR(D9/H9,) -> 0 | H9: 5 | I9: 15 | J9: =+H9*L9 -> 3488.3721 | K9: 0.0215 | L9: =+I9/K9 -> 697.67442 | M9: =IFERROR(VLOOKUP(B9,'Estadistica Madre CH 23-01'!A:C,3,0),+VLOOKUP(B9,'Estadistica Madre LK 23-01 '!A:C,3,0)) -> 912 | N9: =3*M9/L9 -> 3.9216 | P9: Martin | Q9: GRJ7/8 | R9: 506 | S9: Uña LK 506 | T9: A10 | U9: Cpo Uña LK C/M Pint. | V9: =+AC9/Z9 -> 20.745068 | Y9: 0.01796 | Z9: 30 | AA9: =+SUMIFS(E:E,B:$B,R9)*1/4 -> 12.6769 | AB9: =+SUMIFS(L:L,B:B,R9) -> 2733.4852 | AC9: =+(AB9*AA9)*Y9 -> 622.35205
A10: GRJ 5 | B10: 558 | C10: Bomb. Tradicional 558 | D10: 1 | E10: =+IF(D10="","",IF(D10-N10>0,0,N10-D10)) -> 53.87 | F10: =+IFERROR(D10/H10,) -> 0.1 | H10: 10 | I10: 1.8 | J10: =+H10*L10 -> 1161.2903 | K10: 0.0155 | L10: =+I10/K10 -> 116.12903 | M10: =IFERROR(VLOOKUP(B10,'Estadistica Madre CH 23-01'!A:C,3,0),+VLOOKUP(B10,'Estadistica Madre LK 23-01 '!A:C,3,0)) -> 2124 | N10: =3*M10/L10 -> 54.87 | P10: Martin | Q10: GRJ7/8 | R10: 506 | S10: Uña LK 506 | T10: C10 | U10: Uñas Zinc. | V10: =+AC10/Z10 -> 4.0773993 | Y10: 0.00353 | Z10: 30 | AA10: =+SUMIFS(E:E,B:$B,R10)*1/4 -> 12.6769 | AB10: =+SUMIFS(L:L,B:B,R10) -> 2733.4852 | AC10: =+(AB10*AA10)*Y10 -> 122.32198
A11: GRJ 6 | B11: 557 | C11: Bomb. Tradicional 557 | D11: 0 | E11: =+IF(D11="","",IF(D11-N11>0,0,N11-D11)) -> 37.1 | F11: =+IFERROR(D11/H11,) -> 0 | H11: 1 | I11: 1.8 | J11: =+H11*L11 -> 113.20755 | K11: 0.0159 | L11: =+I11/K11 -> 113.20755 | M11: =IFERROR(VLOOKUP(B11,'Estadistica Madre CH 23-01'!A:C,3,0),+VLOOKUP(B11,'Estadistica Madre LK 23-01 '!A:C,3,0)) -> 1400 | N11: =3*M11/L11 -> 37.1 | P11: Fabrica | Q11: GRJ 4 | R11: 654 | S11: Bomb Autolimp. 654 | V11: =+AC11/Z11 -> #DIV/0! | AA11: =+SUMIFS(E:E,B:$B,R11) -> 3.9216 | AB11: =+SUMIFS(L:L,B:B,R11) -> 697.67442 | AC11: =+(AB11*AA11)*Y11 -> 0
A12: GRJ9 | B12: 510 | C12: Uña Crom 510 | D12: 3 | E12: =+IF(D12="","",IF(D12-N12>0,0,N12-D12)) -> 11.2032 | F12: =+IFERROR(D12/H12,) -> 0.375 | H12: 8 | I12: 30 | J12: =+H12*L12 -> 10909.091 | K12: 0.022 | L12: =+I12/K12 -> 1363.6364 | M12: =IFERROR(VLOOKUP(B12,'Estadistica Madre CH 23-01'!A:C,3,0),+VLOOKUP(B12,'Estadistica Madre LK 23-01 '!A:C,3,0)) -> 6456 | N12: =3*M12/L12 -> 14.2032 | P12: Fabrica | Q12: GRJ 5 | R12: 558 | S12: Bomb. Tradicional 558 | V12: =+AC12/Z12 -> #DIV/0! | AA12: =+SUMIFS(E:E,B:$B,R12) -> 53.87 | AB12: =+SUMIFS(L:L,B:B,R12) -> 116.12903 | AC12: =+(AB12*AA12)*Y12 -> 0
A13: GJR10 | B13: 544 | C13: Batidor Pera | D13: 35 | E13: =+IF(D13="","",IF(D13-N13>0,0,N13-D13)) -> 104.95 | F13: =+IFERROR(D13/H13,) -> 0.64814815 | H13: 54 | I13: 15.68 | J13: =+H13*L13 -> 8640 | K13: 0.098 | L13: =+I13/K13 -> 160 | M13: =IFERROR(VLOOKUP(B13,'Estadistica Madre CH 23-01'!A:C,3,0),+VLOOKUP(B13,'Estadistica Madre LK 23-01 '!A:C,3,0)) -> 7464 | N13: =3*M13/L13 -> 139.95 | P13: Fabrica | Q13: GRJ 6 | R13: 557 | S13: Bomb. Tradicional 557 | V13: =+AC13/Z13 -> #DIV/0! | AA13: =+SUMIFS(E:E,B:$B,R13) -> 37.1 | AB13: =+SUMIFS(L:L,B:B,R13) -> 113.20755 | AC13: =+(AB13*AA13)*Y13 -> 0
A14: GRJ7/8 | B14: 506 | C14: Uña LK 506 | D14: 16 | E14: =+IF(D14="","",IF(D14-N14>0,0,N14-D14)) -> 25.3538 | F14: =+IFERROR(D14/H14,) -> 0.44444444 | H14: 36 | I14: 30 | J14: =+H14*L14 -> 49202.733 | K14: 0.02195 | L14: =+I14/K14 -> 1366.7426 | M14: =IFERROR(VLOOKUP(B14,'Estadistica Madre CH 23-01'!A:C,3,0),+VLOOKUP(B14,'Estadistica Madre LK 23-01 '!A:C,3,0)) -> 18840 | N14: =3*M14/L14 -> 41.3538 | P14: Carlos | Q14: GRJ9 | R14: 510 | S14: Uña Crom 510 | T14: A15 | U14: Cpo Uña Crom. LK C/M | V14: =+AC14/Z14 -> 9.1730444 | Y14: 0.018013333 | Z14: 30 | AA14: =+SUMIFS(E:E,B:$B,R14) -> 11.2032 | AB14: =+SUMIFS(L:L,B:B,R14) -> 1363.6364 | AC14: =+(AB14*AA14)*Y14 -> 275.19133
A15: GRJ15 | B15: 530-531-730-731-706-700 | C15: Pintura Azul Mate | D15: 5 | E15: =+IF(D15="","",IF(D15-N15>0,0,N15-D15)) -> 0 | F15: =+IFERROR(D15/H15,) -> 0.25 | H15: 20 | I15: =+H15*J15 -> 400 | J15: 20 | K15: 12.867568 | L15: =+SUMIFS('Consumo '!E:E,'Consumo '!A:A,'Garage 30-10'!A15) -> 9224 | M15: =+K15*1.5 -> 19.301351 | N15: =3*M15/L15 -> 0.0062775427 | P15: Carlos | Q15: GRJ9 | R15: 510 | S15: Uña Crom 510 | T15: C10 | U15: Uñas Zinc. | V15: =+AC15/Z15 -> 1.7976044 | Y15: 0.00353 | Z15: 30 | AA15: =+SUMIFS(E:E,B:$B,R15) -> 11.2032 | AB15: =+SUMIFS(L:L,B:B,R15) -> 1363.6364 | AC15: =+(AB15*AA15)*Y15 -> 53.928131
P16: Carlos | Q16: GJR10 | R16: 544 | S16: Batidor Pera | T16: LL9 | U16: Resorte Batidor Pera | V16: =+AC16/Z16 -> 33.117556 | Y16: 0.0355 | Z16: 18 | AA16: =+SUMIFS(E:E,B:$B,R16) -> 104.95 | AB16: =+SUMIFS(L:L,B:B,R16) -> 160 | AC16: =+(AB16*AA16)*Y16 -> 596.116
P17: Carlos | Q17: GJR10 | R17: 544 | S17: Batidor Pera | T17: LLF7B | U17: Arandela Batidor Pera | V17: =+AC17/Z17 -> 0.8343525 | Y17: 0.00159 | Z17: 32 | AA17: =+SUMIFS(E:E,B:$B,R17) -> 104.95 | AB17: =+SUMIFS(L:L,B:B,R17) -> 160 | AC17: =+(AB17*AA17)*Y17 -> 26.69928
P18: Carlos | Q18: GJR10 | R18: 544 | S18: Batidor Pera | T18: E4 | U18: Fleje Ø2 x 600 | V18: =+AC18/Z18 -> 55.754687 | Y18: 0.046484375 | Z18: 14 | AA18: =+SUMIFS(E:E,B:$B,R18) -> 104.95 | AB18: =+SUMIFS(L:L,B:B,R18) -> 160 | AC18: =+(AB18*AA18)*Y18 -> 780.56562
P19: Carlos | Q19: GJR10 | R19: 544 | S19: Batidor Pera | T19: E5 | U19: Fleje Ø2 x 665 | V19: =+AC19/Z19 -> 26.2375 | Y19: 0.015625 | Z19: 10 | AA19: =+SUMIFS(E:E,B:$B,R19) -> 104.95 | AB19: =+SUMIFS(L:L,B:B,R19) -> 160 | AC19: =+(AB19*AA19)*Y19 -> 262.375
P20: Carlos | Q20: GRJ7/8 | R20: 506 | S20: Uña LK 506 | T20: A10 | U20: Cpo Uña LK C/M Pint. | V20: =+AC20/Z20 -> 62.235205 | Y20: 0.01796 | Z20: 30 | AA20: =+SUMIFS(E:E,B:$B,R20)*3/4 -> 38.0307 | AB20: =+SUMIFS(L:L,B:B,R20) -> 2733.4852 | AC20: =+(AB20*AA20)*Y20 -> 1867.0561
P21: Carlos | Q21: GRJ7/8 | R21: 506 | S21: Uña LK 506 | T21: C10 | U21: Uñas Zinc. | V21: =+AC21/Z21 -> 12.232198 | Y21: 0.00353 | Z21: 30 | AA21: =+SUMIFS(E:E,B:$B,R21)*3/4 -> 38.0307 | AB21: =+SUMIFS(L:L,B:B,R21) -> 2733.4852 | AC21: =+(AB21*AA21)*Y21 -> 366.96593
P22: Jade | Q22: GRJ15 | R22: 530-531-730-731-706-700 | S22: Pintura Azul Mate | V22: =+AC22/Z22 -> #DIV/0! | AA22: =+SUMIFS(E:E,B:$B,R22) -> 0 | AB22: =+SUMIFS(L:L,B:B,R22) -> 9224 | AC22: =+(AB22*AA22)*Y22 -> 0

Sheet Garage 06-11
C4: =+TODAY() -> 46101
H5: Informacion Cajones Garage | P5: Cajones a Preparar | Y5: Informacion Partes
A6: Sector | B6: Art | C6: Descripcion | D6: Stock Actual Cajon | E6: Pedido Cajon | F6: % Ocup | H6: Max Entra Caj | I6: Kg x Cajon | J6: Max Uni | K6: KG x Uni | L6: Uni x Cajon | M6: Est Madre Uni | N6: Stock Max Madre 3M | P6: Taller | Q6: Sector Garage | R6: Cod | S6: Descripcion | T6: Sector Parte | U6: Descrip | V6: Cajon/ Paq a Enviar | Y6: Kg x Uni | Z6: Kg x Cajon | AA6: Cajones Pedido | AB6: Uni x Cajon | AC6: Kg a Enviar
A7: GRJ 1 | B7: 500 | C7: Uña 500 LK | D7: 0 | E7: =+IF(D7="","",IF(D7-N7>0,0,N7-D7)) -> 4.7448 | F7: =+IFERROR(D7/H7,) -> 0 | H7: 5 | I7: 30 | J7: =+H7*L7 -> 4552.352 | K7: 0.03295 | L7: =+I7/K7 -> 910.47041 | M7: =IFERROR(VLOOKUP(B7,'Estadistica Madre CH 23-01'!A:C,3,0),+VLOOKUP(B7,'Estadistica Madre LK 23-01 '!A:C,3,0)) -> 1440 | N7: =3*M7/L7 -> 4.7448 | P7: Martin | Q7: GRJ 1 | R7: 500 | S7: Uña 500 LK | T7: C1 | U7: Abrelata Pie Uña Serig | V7: =+AC7/Z7 -> 4.22544 | Y7: 0.029343333 | Z7: 30 | AA7: =+SUMIFS(E:E,B:$B,R7) -> 4.7448 | AB7: =+SUMIFS(L:L,B:B,R7) -> 910.47041 | AC7: =+(AB7*AA7)*Y7 -> 126.7632
A8: GRJ7/8 | B8: 506 | C8: Uña LK 506 | D8: 16 | E8: =+IF(D8="","",IF(D8-N8>0,0,N8-D8)) -> 25.3538 | F8: =+IFERROR(D8/H8,) -> 0.44444444 | H8: 36 | I8: 30 | J8: =+H8*L8 -> 49202.733 | K8: 0.02195 | L8: =+I8/K8 -> 1366.7426 | M8: =IFERROR(VLOOKUP(B8,'Estadistica Madre CH 23-01'!A:C,3,0),+VLOOKUP(B8,'Estadistica Madre LK 23-01 '!A:C,3,0)) -> 18840 | N8: =3*M8/L8 -> 41.3538 | P8: Martin | Q8: GRJ 1 | R8: 500 | S8: Uña 500 LK | T8: C10 | U8: Uñas Zinc. | V8: =+AC8/Z8 -> 0.50832 | Y8: 0.00353 | Z8: 30 | AA8: =+SUMIFS(E:E,B:$B,R8) -> 4.7448 | AB8: =+SUMIFS(L:L,B:B,R8) -> 910.47041 | AC8: =+(AB8*AA8)*Y8 -> 15.2496
A9: GRJ 4 | B9: 654 | C9: Bomb Autolimp. 654 | D9: 0 | E9: =+IF(D9="","",IF(D9-N9>0,0,N9-D9)) -> 3.9216 | F9: =+IFERROR(D9/H9,) -> 0 | H9: 5 | I9: 15 | J9: =+H9*L9 -> 3488.3721 | K9: 0.0215 | L9: =+I9/K9 -> 697.67442 | M9: =IFERROR(VLOOKUP(B9,'Estadistica Madre CH 23-01'!A:C,3,0),+VLOOKUP(B9,'Estadistica Madre LK 23-01 '!A:C,3,0)) -> 912 | N9: =3*M9/L9 -> 3.9216 | P9: Martin | Q9: GRJ7/8 | R9: 506 | S9: Uña LK 506 | T9: A10 | U9: Cpo Uña LK C/M Pint. | V9: =+AC9/Z9 -> 20.745068 | Y9: 0.01796 | Z9: 30 | AA9: =+SUMIFS(E:E,B:$B,R9)*1/4 -> 12.6769 | AB9: =+SUMIFS(L:L,B:B,R9) -> 2733.4852 | AC9: =+(AB9*AA9)*Y9 -> 622.35205
A10: GRJ 5 | B10: 558 | C10: Bomb. Tradicional 558 | D10: 1 | E10: =+IF(D10="","",IF(D10-N10>0,0,N10-D10)) -> 53.87 | F10: =+IFERROR(D10/H10,) -> 0.1 | H10: 10 | I10: 1.8 | J10: =+H10*L10 -> 1161.2903 | K10: 0.0155 | L10: =+I10/K10 -> 116.12903 | M10: =IFERROR(VLOOKUP(B10,'Estadistica Madre CH 23-01'!A:C,3,0),+VLOOKUP(B10,'Estadistica Madre LK 23-01 '!A:C,3,0)) -> 2124 | N10: =3*M10/L10 -> 54.87 | P10: Martin | Q10: GRJ7/8 | R10: 506 | S10: Uña LK 506 | T10: C10 | U10: Uñas Zinc. | V10: =+AC10/Z10 -> 4.0773993 | Y10: 0.00353 | Z10: 30 | AA10: =+SUMIFS(E:E,B:$B,R10)*1/4 -> 12.6769 | AB10: =+SUMIFS(L:L,B:B,R10) -> 2733.4852 | AC10: =+(AB10*AA10)*Y10 -> 122.32198
A11: GRJ 6 | B11: 557 | C11: Bomb. Tradicional 557 | D11: 0 | E11: =+IF(D11="","",IF(D11-N11>0,0,N11-D11)) -> 37.1 | F11: =+IFERROR(D11/H11,) -> 0 | H11: 1 | I11: 1.8 | J11: =+H11*L11 -> 113.20755 | K11: 0.0159 | L11: =+I11/K11 -> 113.20755 | M11: =IFERROR(VLOOKUP(B11,'Estadistica Madre CH 23-01'!A:C,3,0),+VLOOKUP(B11,'Estadistica Madre LK 23-01 '!A:C,3,0)) -> 1400 | N11: =3*M11/L11 -> 37.1 | P11: Fabrica | Q11: GRJ 4 | R11: 654 | S11: Bomb Autolimp. 654 | V11: =+AC11/Z11 -> #DIV/0! | AA11: =+SUMIFS(E:E,B:$B,R11) -> 3.9216 | AB11: =+SUMIFS(L:L,B:B,R11) -> 697.67442 | AC11: =+(AB11*AA11)*Y11 -> 0
A12: GRJ9 | B12: 510 | C12: Uña Crom 510 | D12: 3 | E12: =+IF(D12="","",IF(D12-N12>0,0,N12-D12)) -> 11.2032 | F12: =+IFERROR(D12/H12,) -> 0.375 | H12: 8 | I12: 30 | J12: =+H12*L12 -> 10909.091 | K12: 0.022 | L12: =+I12/K12 -> 1363.6364 | M12: =IFERROR(VLOOKUP(B12,'Estadistica Madre CH 23-01'!A:C,3,0),+VLOOKUP(B12,'Estadistica Madre LK 23-01 '!A:C,3,0)) -> 6456 | N12: =3*M12/L12 -> 14.2032 | P12: Fabrica | Q12: GRJ 5 | R12: 558 | S12: Bomb. Tradicional 558 | V12: =+AC12/Z12 -> #DIV/0! | AA12: =+SUMIFS(E:E,B:$B,R12) -> 53.87 | AB12: =+SUMIFS(L:L,B:B,R12) -> 116.12903 | AC12: =+(AB12*AA12)*Y12 -> 0
A13: GJR10 | B13: 544 | C13: Batidor Pera | D13: 0 | E13: =+IF(D13="","",IF(D13-N13>0,0,N13-D13)) -> 139.95 | F13: =+IFERROR(D13/H13,) -> 0 | H13: 54 | I13: 15.68 | J13: =+H13*L13 -> 8640 | K13: 0.098 | L13: =+I13/K13 -> 160 | M13: =IFERROR(VLOOKUP(B13,'Estadistica Madre CH 23-01'!A:C,3,0),+VLOOKUP(B13,'Estadistica Madre LK 23-01 '!A:C,3,0)) -> 7464 | N13: =3*M13/L13 -> 139.95 | P13: Fabrica | Q13: GRJ 6 | R13: 557 | S13: Bomb. Tradicional 557 | V13: =+AC13/Z13 -> #DIV/0! | AA13: =+SUMIFS(E:E,B:$B,R13) -> 37.1 | AB13: =+SUMIFS(L:L,B:B,R13) -> 113.20755 | AC13: =+(AB13*AA13)*Y13 -> 0
A14: GRJ7/8 | B14: 506 | C14: Uña LK 506 | D14: 16 | E14: =+IF(D14="","",IF(D14-N14>0,0,N14-D14)) -> 25.3538 | F14: =+IFERROR(D14/H14,) -> 0.44444444 | H14: 36 | I14: 30 | J14: =+H14*L14 -> 49202.733 | K14: 0.02195 | L14: =+I14/K14 -> 1366.7426 | M14: =IFERROR(VLOOKUP(B14,'Estadistica Madre CH 23-01'!A:C,3,0),+VLOOKUP(B14,'Estadistica Madre LK 23-01 '!A:C,3,0)) -> 18840 | N14: =3*M14/L14 -> 41.3538 | P14: Carlos | Q14: GRJ9 | R14: 510 | S14: Uña Crom 510 | T14: A15 | U14: Cpo Uña Crom. LK C/M | V14: =+AC14/Z14 -> 9.1730444 | Y14: 0.018013333 | Z14: 30 | AA14: =+SUMIFS(E:E,B:$B,R14) -> 11.2032 | AB14: =+SUMIFS(L:L,B:B,R14) -> 1363.6364 | AC14: =+(AB14*AA14)*Y14 -> 275.19133
A15: GRJ15 | B15: 530-531-730-731-706-700 | C15: Pintura Azul Mate | D15: 5 | E15: =+IF(D15="","",IF(D15-N15>0,0,N15-D15)) -> 0 | F15: =+IFERROR(D15/H15,) -> 0.25 | H15: 20 | I15: =+H15*J15 -> 400 | J15: 20 | K15: 12.867568 | L15: =+SUMIFS('Consumo '!E:E,'Consumo '!A:A,'Garage 06-11'!A15) -> 9224 | M15: =+K15*1.5 -> 19.301351 | N15: =3*M15/L15 -> 0.0062775427 | P15: Carlos | Q15: GRJ9 | R15: 510 | S15: Uña Crom 510 | T15: C10 | U15: Uñas Zinc. | V15: =+AC15/Z15 -> 1.7976044 | Y15: 0.00353 | Z15: 30 | AA15: =+SUMIFS(E:E,B:$B,R15) -> 11.2032 | AB15: =+SUMIFS(L:L,B:B,R15) -> 1363.6364 | AC15: =+(AB15*AA15)*Y15 -> 53.928131
P16: Carlos | Q16: GJR10 | R16: 544 | S16: Batidor Pera | T16: LL9 | U16: Resorte Batidor Pera | V16: =+AC16/Z16 -> 44.162 | Y16: 0.0355 | Z16: 18 | AA16: =+SUMIFS(E:E,B:$B,R16) -> 139.95 | AB16: =+SUMIFS(L:L,B:B,R16) -> 160 | AC16: =+(AB16*AA16)*Y16 -> 794.916
P17: Carlos | Q17: GJR10 | R17: 544 | S17: Batidor Pera | T17: LLF7B | U17: Arandela Batidor Pera | V17: =+AC17/Z17 -> 1.1126025 | Y17: 0.00159 | Z17: 32 | AA17: =+SUMIFS(E:E,B:$B,R17) -> 139.95 | AB17: =+SUMIFS(L:L,B:B,R17) -> 160 | AC17: =+(AB17*AA17)*Y17 -> 35.60328
P18: Carlos | Q18: GJR10 | R18: 544 | S18: Batidor Pera | T18: E4 | U18: Fleje Ø2 x 600 | V18: =+AC18/Z18 -> 74.348437 | Y18: 0.046484375 | Z18: 14 | AA18: =+SUMIFS(E:E,B:$B,R18) -> 139.95 | AB18: =+SUMIFS(L:L,B:B,R18) -> 160 | AC18: =+(AB18*AA18)*Y18 -> 1040.8781
P19: Carlos | Q19: GJR10 | R19: 544 | S19: Batidor Pera | T19: E5 | U19: Fleje Ø2 x 665 | V19: =+AC19/Z19 -> 34.9875 | Y19: 0.015625 | Z19: 10 | AA19: =+SUMIFS(E:E,B:$B,R19) -> 139.95 | AB19: =+SUMIFS(L:L,B:B,R19) -> 160 | AC19: =+(AB19*AA19)*Y19 -> 349.875
P20: Carlos | Q20: GRJ7/8 | R20: 506 | S20: Uña LK 506 | T20: A10 | U20: Cpo Uña LK C/M Pint. | V20: =+AC20/Z20 -> 62.235205 | Y20: 0.01796 | Z20: 30 | AA20: =+SUMIFS(E:E,B:$B,R20)*3/4 -> 38.0307 | AB20: =+SUMIFS(L:L,B:B,R20) -> 2733.4852 | AC20: =+(AB20*AA20)*Y20 -> 1867.0561
P21: Carlos | Q21: GRJ7/8 | R21: 506 | S21: Uña LK 506 | T21: C10 | U21: Uñas Zinc. | V21: =+AC21/Z21 -> 12.232198 | Y21: 0.00353 | Z21: 30 | AA21: =+SUMIFS(E:E,B:$B,R21)*3/4 -> 38.0307 | AB21: =+SUMIFS(L:L,B:B,R21) -> 2733.4852 | AC21: =+(AB21*AA21)*Y21 -> 366.96593
P22: Jade | Q22: GRJ15 | R22: 530-531-730-731-706-700 | S22: Pintura Azul Mate | V22: =+AC22/Z22 -> #DIV/0! | AA22: =+SUMIFS(E:E,B:$B,R22) -> 0 | AB22: =+SUMIFS(L:L,B:B,R22) -> 9224 | AC22: =+(AB22*AA22)*Y22 -> 0

Sheet Garage Vacio
C2: Fecha: | D2: =+TODAY() -> 46101 | G2: =TODAY() -> 46101
C4: Este pedido anula cualquier pedido anterior
C5: Martin | D5: Fecha: | V5: INFORMACION
B6: Art | C6: Descripcion | D6: Pedido Uni | E6: Pedido Cajon | F6: % Ocup | G6: Sector | H6: Stock Actual Cajon | I6: Stock Actual Kg | J6: Stock Actual Uni. | K6: Pedido Cajon | L6: Pedido Uni | N6: % Ocup Total | O6: Stock Tall Uni | P6: Stock CD Uni | Q6: Stock Total Uni | S6: Max Tall Uni | T6: Max CD Uni | V6: Max Entra Caj | W6: Kg x Cajon | X6: Max Uni | Y6: KG x Uni | Z6: Gr x Uni | AA6: Uni x Cajon | AB6: Est Madre Uni | AC6: Stock Ideal Cajon 3 Mes | AD6: Uni x Rollo | AE6: Prov
B7: 500 | C7: Uña 500 LK | F7: =+I7/(V7*W7) -> 0 | G7: GRJ 1 | I7: =H7*W7 -> 0 | J7: =+I7/Y7 -> 0 | K7: =IF(V7-H7<0,0,V7-H7) -> 5 | L7: =+IF(X7-J7<0,"",X7-J7) -> 4552.352 | V7: 5 | W7: 30 | X7: =+V7*AA7 -> 4552.352 | Y7: =+Z7/1000 -> 0.03295 | Z7: 32.95 | AA7: =+W7/Y7 -> 910.47041 | AB7: =IFERROR(VLOOKUP(B7,'Estadistica Madre CH 23-01'!A:C,3,0),+VLOOKUP(B7,'Estadistica Madre LK 23-01 '!A:C,3,0)) -> 1440 | AC7: =4*AB7/AA7 -> 6.3264 | AE7: Martin C
B8: 706 | C8: Uña 706 CH | F8: =+I8/(V8*W8) -> 0 | G8: GRJ 2 | I8: =H8*W8 -> 0 | J8: =+I8/Y8 -> 0 | K8: =IF(V8-H8<0,0,V8-H8) -> 12 | L8: =+IF(X8-J8<0,"",X8-J8) -> 16400.911 | V8: 12 | W8: 30 | X8: =+V8*AA8 -> 16400.911 | Y8: =+Z8/1000 -> 0.02195 | Z8: 21.95 | AA8: =+W8/Y8 -> 1366.7426 | AB8: =IFERROR(VLOOKUP(B8,'Estadistica Madre CH 23-01'!A:C,3,0),+VLOOKUP(B8,'Estadistica Madre LK 23-01 '!A:C,3,0)) -> 2400 | AC8: =4*AB8/AA8 -> 7.024 | AE8: Martin C
B9: 506 | C9: Uña LK 506 | F9: =+I9/(V9*W9) -> 0 | G9: GRJ7/8 | I9: =H9*W9 -> 0 | J9: =+I9/Y9 -> 0 | K9: =IF(V9-H9<0,0,(V9-H9)*1/4) -> 9 | L9: =+IF(X9-J9<0,"",X9-J9) -> 49202.733 | V9: 36 | W9: 30 | X9: =+V9*AA9 -> 49202.733 | Y9: =+Z9/1000 -> 0.02195 | Z9: 21.95 | AA9: =+W9/Y9 -> 1366.7426 | AB9: =IFERROR(VLOOKUP(B9,'Estadistica Madre CH 23-01'!A:C,3,0),+VLOOKUP(B9,'Estadistica Madre LK 23-01 '!A:C,3,0)) -> 18840 | AC9: =4.1*AB9/AA9 -> 56.51686 | AE9: Martin C
C11: Este pedido anula cualquier pedido anterior
C12: Fabrica | D12: Fecha: | V12: INFORMACION
B13: Art | C13: Descripcion | D13: Pedido Uni | E13: Pedido paq | F13: % Ocup | G13: Sector | H13: Stock Actual Cajon | I13: Stock Actual Kg | J13: Stock Actual Uni. | K13: Pedido Cajon | L13: Pedido Uni | N13: % Ocup Total | O13: Stock Tall Uni | P13: Stock CD Uni | Q13: Stock Total Uni | S13: Max Tall Uni | T13: Max CD Uni | V13: Max Entra Caj | W13: Kg x Cajon | X13: Max Uni | Y13: KG x Uni | Z13: Gr x Uni | AA13: Uni x Cajon | AB13: Est Madre Uni | AC13: Stock Ideal Cajon 3 Mes | AD13: Uni x Rollo | AE13: Prov
B14: 654 | C14: Bomb Autolimp. 654 | F14: =+I14/(V14*W14) -> 0 | G14: GRJ 4 | I14: =H14*W14 -> 0 | J14: =H14*AA14 -> 0 | K14: =IF(V14-H14<0,0,V14-H14) -> 5 | L14: =+IF(X14-J14<0,"",X14-J14) -> 3600 | V14: 5 | W14: =+AA14*Y14 -> 15.48 | X14: =+V14*AA14 -> 3600 | Y14: =+Z14/1000 -> 0.0215 | Z14: 21.5 | AA14: 720 | AB14: =IFERROR(VLOOKUP(B14,'Estadistica Madre CH 23-01'!A:C,3,0),+VLOOKUP(B14,'Estadistica Madre LK 23-01 '!A:C,3,0)) -> 912 | AC14: =3.5*AB14/AA14 -> 4.4333333 | AE14: Fabrica
B15: 558 | C15: Bomb. Tradicional 558 | F15: =+I15/(V15*W15) -> 0 | G15: GRJ 5 | I15: =H15*W15 -> 0 | J15: =H15*AA15 -> 0 | K15: =IF(V15-H15<0,0,V15-H15) -> 10 | L15: =+IF(X15-J15<0,"",X15-J15) -> 7200 | V15: 10 | W15: 1.8 | X15: =+V15*AA15 -> 7200 | Y15: =+Z15/1000 -> 0.0155 | Z15: 15.5 | AA15: 720 | AB15: =IFERROR(VLOOKUP(B15,'Estadistica Madre CH 23-01'!A:C,3,0),+VLOOKUP(B15,'Estadistica Madre LK 23-01 '!A:C,3,0)) -> 2124 | AC15: =3*AB15/AA15 -> 8.85 | AE15: Fabrica
B16: 557 | C16: Bomb. Tradicional 557 | F16: =+I16/(V16*W16) -> 0 | G16: GRJ 6 | I16: =H16*W16 -> 0 | J16: =H16*AA16 -> 0 | K16: =IF(V16-H16<0,0,V16-H16) -> 1 | L16: =+IF(X16-J16<0,"",X16-J16) -> 720 | V16: 1 | W16: 1.8 | X16: =+V16*AA16 -> 720 | Y16: =+Z16/1000 -> 0.0159 | Z16: 15.9 | AA16: 720 | AB16: =IFERROR(VLOOKUP(B16,'Estadistica Madre CH 23-01'!A:C,3,0),+VLOOKUP(B16,'Estadistica Madre LK 23-01 '!A:C,3,0)) -> 1400 | AC16: =3*AB16/AA16 -> 5.8333333 | AE16: Fabrica
C19: Este pedido anula cualquier pedido anterior
C20: Carlos | D20: Fecha: | V20: INFORMACION
B21: Art | C21: Descripcion | D21: Pedido Uni | E21: Pedido cajon | F21: % Ocup | G21: Sector | H21: Stock Actual Cajon | I21: Stock Actual Kg | J21: Stock Actual Uni. | K21: Pedido Cajon | L21: Pedido Uni | N21: % Ocup Total | O21: Stock Tall Uni | P21: Stock CD Uni | Q21: Stock Total Uni | S21: Max Tall Uni | T21: Max CD Uni | V21: Max Entra Caj | W21: Kg x Cajon | X21: Max Uni | Y21: KG x Uni | Z21: Gr x Uni | AA21: Uni x Cajon | AB21: Est Madre Uni | AC21: Stock Ideal Cajon 1.5 Mes | AD21: Uni x Rollo | AE21: Prov
B22: 510 | C22: Uña Crom 510 | F22: =+I22/(V22*W22) -> 0 | G22: GRJ9 | I22: =H22*W22 -> 0 | J22: =+I22/Y22 -> 0 | K22: =IF(V22-H22<0,0,V22-H22) -> 4 | L22: =+IF(X22-J22<0,"",X22-J22) -> 5454.5455 | V22: 4 | W22: 30 | X22: =+V22*AA22 -> 5454.5455 | Y22: =+Z22/1000 -> 0.022 | Z22: 22 | AA22: =+W22/Y22 -> 1363.6364 | AB22: =IFERROR(VLOOKUP(B22,'Estadistica Madre CH 23-01'!A:C,3,0),+VLOOKUP(B22,'Estadistica Madre LK 23-01 '!A:C,3,0)) -> 6456 | AC22: =1.5*AB22/AA22 -> 7.1016 | AE22: Carlos
B23: 544 | C23: Batidor Pera | F23: =+I23/(V23*W23) -> 0 | G23: GJR10 | I23: =H23*W23 -> 0 | J23: =+I23/Y23 -> 0 | K23: =IF(V23-H23<0,0,V23-H23) -> 54 | L23: =+IF(X23-J23<0,"",X23-J23) -> 8640 | V23: 54 | W23: 15.68 | X23: =+V23*AA23 -> 8640 | Y23: =+Z23/1000 -> 0.098 | Z23: 98 | AA23: =+W23/Y23 -> 160 | AB23: =IFERROR(VLOOKUP(B23,'Estadistica Madre CH 23-01'!A:C,3,0),+VLOOKUP(B23,'Estadistica Madre LK 23-01 '!A:C,3,0)) -> 7464 | AC23: =1.5*AB23/AA23 -> 69.975
B24: 506 | C24: Uña LK 506 | F24: =+I24/(V24*W24) -> 0 | G24: GRJ7/8 | I24: =H24*W24 -> 0 | J24: =+I24/Y24 -> 0 | K24: =IF(V24-H24<0,0,(V24-H24)*3/4) -> 27 | L24: =+IF(X24-J24<0,"",X24-J24) -> 49202.733 | V24: 36 | W24: 30 | X24: =+V24*AA24 -> 49202.733 | Y24: =+Z24/1000 -> 0.02195 | Z24: 21.95 | AA24: =+W24/Y24 -> 1366.7426 | AB24: =IFERROR(VLOOKUP(B24,'Estadistica Madre CH 23-01'!A:C,3,0),+VLOOKUP(B24,'Estadistica Madre LK 23-01 '!A:C,3,0)) -> 18840 | AC24: =4.1*AB24/AA24 -> 56.51686 | AE24: Martin C
C26: Este pedido anula cualquier pedido anterior
C27: Distribuidora Libertad | D27: Fecha: | V27: INFORMACION
A28: Cod ISIS | B28: Art | C28: Descripcion | D28: Pedido Kg | E28: Pedido Caja | F28: % Ocup | G28: Sector | H28: Stock Actual Caja | I28: Stock Actual Kg | J28: Pedido KG | K28: Pedido Caja | L28: Pedido Uni | N28: % Ocup Total | O28: Stock Tall Uni | P28: Stock CD Uni | Q28: Stock Total Uni | S28: Max Tall Uni | T28: Max CD Uni | V28: Max Entra Caja | W28: Max Entra Kg | X28: Kg x Caja | Y28: Est Madre Kg | Z28: Est Madre Caja | AA28: Est Madre Uni | AB28: Max 1.5 Mes Kg | AC28: Max 1.5 Mes Caja | AE28: Proveedor
A29: 1300500 | B29: 530-531-730-731-706-700 | C29: Pintura Azul Mate | F29: =+I29/(X29*Z29) -> 0 | G29: GRJ15 | I29: =+H29*X29 -> 0 | J29: =IF(AB29-I29<0,0,AB29-I29) -> 18.652703 | K29: =IF(AC29-H29<0,0,AC29-H29) -> 0.93263514 | W29: =+V29*X29 -> 0 | X29: 20 | Y29: =+SUMIFS('Consumo '!F:F,'Consumo '!A:A,G29) -> 12.435135 | Z29: =+Y29/X29 -> 0.62175676 | AA29: =+SUMIFS('Consumo '!E:E,'Consumo '!A:A,'Garage Vacio'!G29) -> 9224 | AB29: =+Y29*1.5 -> 18.652703 | AC29: =+Z29*1.5 -> 0.93263514 | AE29: Distribuidora Libertad
C30: Discontinuo
B31: GRJ 3 | C31: Uña Krea CH | F31: =+I31/(V31*W31) -> 0 | I31: =H31*W31 -> 0 | J31: =+I31/Y31 -> 0 | K31: =IF(V31-H31<0,0,V31-H31) -> 5 | L31: =+IF(X31-J31<0,"",X31-J31) -> 6833.713 | V31: 5 | W31: 30 | X31: =+V31*AA31 -> 6833.713 | Y31: =+Z31/1000 -> 0.02195 | Z31: 21.95 | AA31: =+W31/Y31 -> 1366.7426 | AB31: =IFERROR(VLOOKUP(706,'Estadistica Madre CH 23-01'!A:C,3,0),+VLOOKUP(B31,'Estadistica Madre LK 23-01 '!A:C,3,0)) -> 2400 | AC31: =1.5*AB31/AA31 -> 2.634 | AE31: Martin C
A34: Taller | B34: Cod | C34: Descripcion | D34: Sector Garage | E34: Sector Parte | F34: Descrip | G34: Kg x Uni | H34: Kg x Cajon | I34: Cajones Pedido | J34: Uni x Cajon | K34: Kg a Enviar | L34: Cajon/Paq a Enviar
A35: Martin | B35: 500 | C35: Uña 500 LK | D35: GRJ 1 | E35: C1 | F35: Abrelata Pie Uña Serig | G35: 0.029343333 | H35: 30 | I35: =+SUMIFS($L$1:$L$28,$B$1:$B$28,B35,$A$1:$A$28,A35) -> 0 | J35: =+SUMIFS(AB:AB,B:B,B35,A:A,A35) -> 0 | K35: =+(J35*I35)*G35 -> 0 | L35: =+K35/H35 -> 0
A36: Martin | B36: 500 | C36: Uña 500 LK | D36: GRJ 1 | E36: C10 | F36: Uñas Zinc. | G36: 0.00353 | H36: 30 | I36: =+SUMIFS($L$1:$L$28,$B$1:$B$28,B36,$A$1:$A$28,A36) -> 0 | J36: =+SUMIFS(AB:AB,B:B,B36,A:A,A36) -> 0 | K36: =+(J36*I36)*G36 -> 0 | L36: =+K36/H36 -> 0
A37: Martin | B37: 506 | C37: Uña LK 506 | D37: GRJ7/8 | E37: A10 | F37: Cpo Uña LK C/M Pint. | G37: 0.01796 | H37: 30 | I37: =+SUMIFS($L$1:$L$28,$B$1:$B$28,B37,$A$1:$A$28,A37) -> 0 | J37: =+SUMIFS(AB:AB,B:B,B37,A:A,A37) -> 0 | K37: =+(J37*I37)*G37 -> 0 | L37: =+K37/H37 -> 0
A38: Martin | B38: 506 | C38: Uña LK 506 | D38: GRJ7/8 | E38: C10 | F38: Uñas Zinc. | G38: 0.00353 | H38: 30 | I38: =+SUMIFS($L$1:$L$28,$B$1:$B$28,B38,$A$1:$A$28,A38) -> 0 | J38: =+SUMIFS(AB:AB,B:B,B38,A:A,A38) -> 0 | K38: =+(J38*I38)*G38 -> 0 | L38: =+K38/H38 -> 0
A39: Fabrica | B39: 654 | C39: Bomb Autolimp. 654 | D39: GRJ 4 | I39: =+SUMIFS($L$1:$L$28,$B$1:$B$28,B39,$A$1:$A$28,A39) -> 0 | J39: =+SUMIFS(AB:AB,B:B,B39,A:A,A39) -> 0 | K39: =+(J39*I39)*G39 -> 0 | L39: =+K39/H39 -> #DIV/0!
A40: Fabrica | B40: 558 | C40: Bomb. Tradicional 558 | D40: GRJ 5 | I40: =+SUMIFS($L$1:$L$28,$B$1:$B$28,B40,$A$1:$A$28,A40) -> 0 | J40: =+SUMIFS(AB:AB,B:B,B40,A:A,A40) -> 0 | K40: =+(J40*I40)*G40 -> 0 | L40: =+K40/H40 -> #DIV/0!
A41: Fabrica | B41: 557 | C41: Bomb. Tradicional 557 | D41: GRJ 6 | I41: =+SUMIFS($L$1:$L$28,$B$1:$B$28,B41,$A$1:$A$28,A41) -> 0 | J41: =+SUMIFS(AB:AB,B:B,B41,A:A,A41) -> 0 | K41: =+(J41*I41)*G41 -> 0 | L41: =+K41/H41 -> #DIV/0!
A42: Carlos | B42: 510 | C42: Uña Crom 510 | D42: GRJ9 | E42: A15 | F42: Cpo Uña Crom. LK C/M | G42: 0.018013333 | H42: 30 | I42: =+SUMIFS($L$1:$L$28,$B$1:$B$28,B42,$A$1:$A$28,A42) -> 0 | J42: =+SUMIFS(AB:AB,B:B,B42,A:A,A42) -> 0 | K42: =+(J42*I42)*G42 -> 0 | L42: =+K42/H42 -> 0
A43: Carlos | B43: 510 | C43: Uña Crom 510 | D43: GRJ9 | E43: C10 | F43: Uñas Zinc. | G43: 0.00353 | H43: 30 | I43: =+SUMIFS($L$1:$L$28,$B$1:$B$28,B43,$A$1:$A$28,A43) -> 0 | J43: =+SUMIFS(AB:AB,B:B,B43,A:A,A43) -> 0 | K43: =+(J43*I43)*G43 -> 0 | L43: =+K43/H43 -> 0
A44: Carlos | B44: 544 | C44: Batidor Pera | D44: GJR10 | E44: LL9 | F44: Resorte Batidor Pera | G44: 0.0355 | H44: 18 | I44: =+SUMIFS($L$1:$L$28,$B$1:$B$28,B44,$A$1:$A$28,A44) -> 0 | J44: =+SUMIFS(AB:AB,B:B,B44,A:A,A44) -> 0 | K44: =+(J44*I44)*G44 -> 0 | L44: =+K44/H44 -> 0
A45: Carlos | B45: 544 | C45: Batidor Pera | D45: GJR10 | E45: LLF7B | F45: Arandela Batidor Pera | G45: 0.00159 | H45: 32 | I45: =+SUMIFS($L$1:$L$28,$B$1:$B$28,B45,$A$1:$A$28,A45) -> 0 | J45: =+SUMIFS(AB:AB,B:B,B45,A:A,A45) -> 0 | K45: =+(J45*I45)*G45 -> 0 | L45: =+K45/H45 -> 0
A46: Carlos | B46: 544 | C46: Batidor Pera | D46: GJR10 | E46: E4 | F46: Fleje Ø2 x 600 | G46: 0.046484375 | H46: 14 | I46: =+SUMIFS($L$1:$L$28,$B$1:$B$28,B46,$A$1:$A$28,A46) -> 0 | J46: =+SUMIFS(AB:AB,B:B,B46,A:A,A46) -> 0 | K46: =+(J46*I46)*G46 -> 0 | L46: =+K46/H46 -> 0
A47: Carlos | B47: 544 | C47: Batidor Pera | D47: GJR10 | E47: E5 | F47: Fleje Ø2 x 665 | G47: 0.015625 | H47: 10 | I47: =+SUMIFS($L$1:$L$28,$B$1:$B$28,B47,$A$1:$A$28,A47) -> 0 | J47: =+SUMIFS(AB:AB,B:B,B47,A:A,A47) -> 0 | K47: =+(J47*I47)*G47 -> 0 | L47: =+K47/H47 -> 0
A48: Carlos | B48: 506 | C48: Uña LK 506 | D48: GRJ7/8 | E48: A10 | F48: Cpo Uña LK C/M Pint. | G48: 0.01796 | H48: 30 | I48: =+SUMIFS($L$1:$L$28,$B$1:$B$28,B48,$A$1:$A$28,A48) -> 0 | J48: =+SUMIFS(AB:AB,B:B,B48,A:A,A48) -> 0 | K48: =+(J48*I48)*G48 -> 0 | L48: =+K48/H48 -> 0
A49: Carlos | B49: 506 | C49: Uña LK 506 | D49: GRJ7/8 | E49: C10 | F49: Uñas Zinc. | G49: 0.00353 | H49: 30 | I49: =+SUMIFS($L$1:$L$28,$B$1:$B$28,B49,$A$1:$A$28,A49) -> 0 | J49: =+SUMIFS(AB:AB,B:B,B49,A:A,A49) -> 0 | K49: =+(J49*I49)*G49 -> 0 | L49: =+K49/H49 -> 0
A50: Jade | B50: 530-531-730-731-706-700 | C50: Pintura Azul Mate | D50: GRJ15 | I50: =+SUMIFS($L$1:$L$28,$B$1:$B$28,B50,$A$1:$A$28,A50) -> 0 | J50: =+SUMIFS(AB:AB,B:B,B50,A:A,A50) -> 0 | K50: =+(J50*I50)*G50 -> 0 | L50: =+K50/H50 -> #DIV/0!

Sheet Garage 02-10
C4: =+TODAY() -> 46101
H5: Informacion Cajones Garage | P5: Cajones a Preparar | Y5: Informacion Partes
A6: Sector | B6: Art | C6: Descripcion | D6: Stock Actual Cajon | E6: Pedido Cajon | F6: % Ocup | H6: Max Entra Caj | I6: Kg x Cajon | J6: Max Uni | K6: KG x Uni | L6: Uni x Cajon | M6: Est Madre Uni | N6: Stock Max Madre 3M | P6: Taller | Q6: Sector Garage | R6: Cod | S6: Descripcion | T6: Sector Parte | U6: Descrip | V6: Cajon/ Paq a Enviar | Y6: Kg x Uni | Z6: Kg x Cajon | AA6: Cajones Pedido | AB6: Uni x Cajon | AC6: Kg a Enviar
A7: GRJ 1 | B7: 500 | C7: Uña 500 LK | D7: 0 | E7: =+IF(D7="","",IF(D7-N7>0,0,N7-D7)) -> 4.7448 | F7: =+IFERROR(D7/H7,) -> 0 | H7: 5 | I7: 30 | J7: =+H7*L7 -> 4552.352 | K7: 0.03295 | L7: =+I7/K7 -> 910.47041 | M7: =IFERROR(VLOOKUP(B7,'Estadistica Madre CH 23-01'!A:C,3,0),+VLOOKUP(B7,'Estadistica Madre LK 23-01 '!A:C,3,0)) -> 1440 | N7: =3*M7/L7 -> 4.7448 | P7: Martin | Q7: GRJ 1 | R7: 500 | S7: Uña 500 LK | T7: C1 | U7: Abrelata Pie Uña Serig | V7: =+AC7/Z7 -> 4.22544 | Y7: 0.029343333 | Z7: 30 | AA7: =+SUMIFS(E:E,B:$B,R7) -> 4.7448 | AB7: =+SUMIFS(L:L,B:B,R7) -> 910.47041 | AC7: =+(AB7*AA7)*Y7 -> 126.7632
A8: GRJ7/8 | B8: 506 | C8: Uña LK 506 | D8: 9 | E8: =+IF(D8="","",IF(D8-N8>0,0,N8-D8)) -> 32.3538 | F8: =+IFERROR(D8/H8,) -> 0.25 | H8: 36 | I8: 30 | J8: =+H8*L8 -> 49202.733 | K8: 0.02195 | L8: =+I8/K8 -> 1366.7426 | M8: =IFERROR(VLOOKUP(B8,'Estadistica Madre CH 23-01'!A:C,3,0),+VLOOKUP(B8,'Estadistica Madre LK 23-01 '!A:C,3,0)) -> 18840 | N8: =3*M8/L8 -> 41.3538 | P8: Martin | Q8: GRJ 1 | R8: 500 | S8: Uña 500 LK | T8: C10 | U8: Uñas Zinc. | V8: =+AC8/Z8 -> 0.50832 | Y8: 0.00353 | Z8: 30 | AA8: =+SUMIFS(E:E,B:$B,R8) -> 4.7448 | AB8: =+SUMIFS(L:L,B:B,R8) -> 910.47041 | AC8: =+(AB8*AA8)*Y8 -> 15.2496
A9: GRJ 4 | B9: 654 | C9: Bomb Autolimp. 654 | D9: 0 | E9: =+IF(D9="","",IF(D9-N9>0,0,N9-D9)) -> 3.9216 | F9: =+IFERROR(D9/H9,) -> 0 | H9: 5 | I9: 15 | J9: =+H9*L9 -> 3488.3721 | K9: 0.0215 | L9: =+I9/K9 -> 697.67442 | M9: =IFERROR(VLOOKUP(B9,'Estadistica Madre CH 23-01'!A:C,3,0),+VLOOKUP(B9,'Estadistica Madre LK 23-01 '!A:C,3,0)) -> 912 | N9: =3*M9/L9 -> 3.9216 | P9: Martin | Q9: GRJ7/8 | R9: 506 | S9: Uña LK 506 | T9: A10 | U9: Cpo Uña LK C/M Pint. | V9: =+AC9/Z9 -> 26.472631 | Y9: 0.01796 | Z9: 30 | AA9: =+SUMIFS(E:E,B:$B,R9)*1/4 -> 16.1769 | AB9: =+SUMIFS(L:L,B:B,R9) -> 2733.4852 | AC9: =+(AB9*AA9)*Y9 -> 794.17893
A10: GRJ 5 | B10: 558 | C10: Bomb. Tradicional 558 | D10: 3 | E10: =+IF(D10="","",IF(D10-N10>0,0,N10-D10)) -> 51.87 | F10: =+IFERROR(D10/H10,) -> 0.3 | H10: 10 | I10: 1.8 | J10: =+H10*L10 -> 1161.2903 | K10: 0.0155 | L10: =+I10/K10 -> 116.12903 | M10: =IFERROR(VLOOKUP(B10,'Estadistica Madre CH 23-01'!A:C,3,0),+VLOOKUP(B10,'Estadistica Madre LK 23-01 '!A:C,3,0)) -> 2124 | N10: =3*M10/L10 -> 54.87 | P10: Martin | Q10: GRJ7/8 | R10: 506 | S10: Uña LK 506 | T10: C10 | U10: Uñas Zinc. | V10: =+AC10/Z10 -> 5.2031396 | Y10: 0.00353 | Z10: 30 | AA10: =+SUMIFS(E:E,B:$B,R10)*1/4 -> 16.1769 | AB10: =+SUMIFS(L:L,B:B,R10) -> 2733.4852 | AC10: =+(AB10*AA10)*Y10 -> 156.09419
A11: GRJ 6 | B11: 557 | C11: Bomb. Tradicional 557 | D11: 0 | E11: =+IF(D11="","",IF(D11-N11>0,0,N11-D11)) -> 37.1 | F11: =+IFERROR(D11/H11,) -> 0 | H11: 1 | I11: 1.8 | J11: =+H11*L11 -> 113.20755 | K11: 0.0159 | L11: =+I11/K11 -> 113.20755 | M11: =IFERROR(VLOOKUP(B11,'Estadistica Madre CH 23-01'!A:C,3,0),+VLOOKUP(B11,'Estadistica Madre LK 23-01 '!A:C,3,0)) -> 1400 | N11: =3*M11/L11 -> 37.1 | P11: Fabrica | Q11: GRJ 4 | R11: 654 | S11: Bomb Autolimp. 654 | V11: =+AC11/Z11 -> #DIV/0! | AA11: =+SUMIFS(E:E,B:$B,R11) -> 3.9216 | AB11: =+SUMIFS(L:L,B:B,R11) -> 697.67442 | AC11: =+(AB11*AA11)*Y11 -> 0
A12: GRJ9 | B12: 510 | C12: Uña Crom 510 | D12: 2 | E12: =+IF(D12="","",IF(D12-N12>0,0,N12-D12)) -> 12.2032 | F12: =+IFERROR(D12/H12,) -> 0.25 | H12: 8 | I12: 30 | J12: =+H12*L12 -> 10909.091 | K12: 0.022 | L12: =+I12/K12 -> 1363.6364 | M12: =IFERROR(VLOOKUP(B12,'Estadistica Madre CH 23-01'!A:C,3,0),+VLOOKUP(B12,'Estadistica Madre LK 23-01 '!A:C,3,0)) -> 6456 | N12: =3*M12/L12 -> 14.2032 | P12: Fabrica | Q12: GRJ 5 | R12: 558 | S12: Bomb. Tradicional 558 | V12: =+AC12/Z12 -> #DIV/0! | AA12: =+SUMIFS(E:E,B:$B,R12) -> 51.87 | AB12: =+SUMIFS(L:L,B:B,R12) -> 116.12903 | AC12: =+(AB12*AA12)*Y12 -> 0
A13: GJR10 | B13: 544 | C13: Batidor Pera | D13: 1 | E13: =+IF(D13="","",IF(D13-N13>0,0,N13-D13)) -> 138.95 | F13: =+IFERROR(D13/H13,) -> 0.018518519 | H13: 54 | I13: 15.68 | J13: =+H13*L13 -> 8640 | K13: 0.098 | L13: =+I13/K13 -> 160 | M13: =IFERROR(VLOOKUP(B13,'Estadistica Madre CH 23-01'!A:C,3,0),+VLOOKUP(B13,'Estadistica Madre LK 23-01 '!A:C,3,0)) -> 7464 | N13: =3*M13/L13 -> 139.95 | P13: Fabrica | Q13: GRJ 6 | R13: 557 | S13: Bomb. Tradicional 557 | V13: =+AC13/Z13 -> #DIV/0! | AA13: =+SUMIFS(E:E,B:$B,R13) -> 37.1 | AB13: =+SUMIFS(L:L,B:B,R13) -> 113.20755 | AC13: =+(AB13*AA13)*Y13 -> 0
A14: GRJ7/8 | B14: 506 | C14: Uña LK 506 | D14: 9 | E14: =+IF(D14="","",IF(D14-N14>0,0,N14-D14)) -> 32.3538 | F14: =+IFERROR(D14/H14,) -> 0.25 | H14: 36 | I14: 30 | J14: =+H14*L14 -> 49202.733 | K14: 0.02195 | L14: =+I14/K14 -> 1366.7426 | M14: =IFERROR(VLOOKUP(B14,'Estadistica Madre CH 23-01'!A:C,3,0),+VLOOKUP(B14,'Estadistica Madre LK 23-01 '!A:C,3,0)) -> 18840 | N14: =3*M14/L14 -> 41.3538 | P14: Carlos | Q14: GRJ9 | R14: 510 | S14: Uña Crom 510 | T14: A15 | U14: Cpo Uña Crom. LK C/M | V14: =+AC14/Z14 -> 9.9918322 | Y14: 0.018013333 | Z14: 30 | AA14: =+SUMIFS(E:E,B:$B,R14) -> 12.2032 | AB14: =+SUMIFS(L:L,B:B,R14) -> 1363.6364 | AC14: =+(AB14*AA14)*Y14 -> 299.75497
A15: GRJ15 | B15: 530-531-730-731-706-700 | C15: Pintura Azul Mate | D15: 5 | E15: =+IF(D15="","",IF(D15-N15>0,0,N15-D15)) -> 0 | F15: =+IFERROR(D15/H15,) -> 0.25 | H15: 20 | I15: =+H15*J15 -> 400 | J15: 20 | K15: 12.867568 | L15: =+SUMIFS('Consumo '!E:E,'Consumo '!A:A,'Garage 02-10'!A15) -> 9224 | M15: =+K15*1.5 -> 19.301351 | N15: =3*M15/L15 -> 0.0062775427 | P15: Carlos | Q15: GRJ9 | R15: 510 | S15: Uña Crom 510 | T15: C10 | U15: Uñas Zinc. | V15: =+AC15/Z15 -> 1.9580589 | Y15: 0.00353 | Z15: 30 | AA15: =+SUMIFS(E:E,B:$B,R15) -> 12.2032 | AB15: =+SUMIFS(L:L,B:B,R15) -> 1363.6364 | AC15: =+(AB15*AA15)*Y15 -> 58.741767
P16: Carlos | Q16: GJR10 | R16: 544 | S16: Batidor Pera | T16: LL9 | U16: Resorte Batidor Pera | V16: =+AC16/Z16 -> 43.846444 | Y16: 0.0355 | Z16: 18 | AA16: =+SUMIFS(E:E,B:$B,R16) -> 138.95 | AB16: =+SUMIFS(L:L,B:B,R16) -> 160 | AC16: =+(AB16*AA16)*Y16 -> 789.236
P17: Carlos | Q17: GJR10 | R17: 544 | S17: Batidor Pera | T17: LLF7B | U17: Arandela Batidor Pera | V17: =+AC17/Z17 -> 1.1046525 | Y17: 0.00159 | Z17: 32 | AA17: =+SUMIFS(E:E,B:$B,R17) -> 138.95 | AB17: =+SUMIFS(L:L,B:B,R17) -> 160 | AC17: =+(AB17*AA17)*Y17 -> 35.34888
P18: Carlos | Q18: GJR10 | R18: 544 | S18: Batidor Pera | T18: E4 | U18: Fleje Ø2 x 600 | V18: =+AC18/Z18 -> 73.817187 | Y18: 0.046484375 | Z18: 14 | AA18: =+SUMIFS(E:E,B:$B,R18) -> 138.95 | AB18: =+SUMIFS(L:L,B:B,R18) -> 160 | AC18: =+(AB18*AA18)*Y18 -> 1033.4406
P19: Carlos | Q19: GJR10 | R19: 544 | S19: Batidor Pera | T19: E5 | U19: Fleje Ø2 x 665 | V19: =+AC19/Z19 -> 34.7375 | Y19: 0.015625 | Z19: 10 | AA19: =+SUMIFS(E:E,B:$B,R19) -> 138.95 | AB19: =+SUMIFS(L:L,B:B,R19) -> 160 | AC19: =+(AB19*AA19)*Y19 -> 347.375
P20: Carlos | Q20: GRJ7/8 | R20: 506 | S20: Uña LK 506 | T20: A10 | U20: Cpo Uña LK C/M Pint. | V20: =+AC20/Z20 -> 79.417893 | Y20: 0.01796 | Z20: 30 | AA20: =+SUMIFS(E:E,B:$B,R20)*3/4 -> 48.5307 | AB20: =+SUMIFS(L:L,B:B,R20) -> 2733.4852 | AC20: =+(AB20*AA20)*Y20 -> 2382.5368
P21: Carlos | Q21: GRJ7/8 | R21: 506 | S21: Uña LK 506 | T21: C10 | U21: Uñas Zinc. | V21: =+AC21/Z21 -> 15.609419 | Y21: 0.00353 | Z21: 30 | AA21: =+SUMIFS(E:E,B:$B,R21)*3/4 -> 48.5307 | AB21: =+SUMIFS(L:L,B:B,R21) -> 2733.4852 | AC21: =+(AB21*AA21)*Y21 -> 468.28256
P22: Jade | Q22: GRJ15 | R22: 530-531-730-731-706-700 | S22: Pintura Azul Mate | V22: =+AC22/Z22 -> #DIV/0! | AA22: =+SUMIFS(E:E,B:$B,R22) -> 0 | AB22: =+SUMIFS(L:L,B:B,R22) -> 9224 | AC22: =+(AB22*AA22)*Y22 -> 0

Sheet Garage 25-9
A3: Conteo Garage
A4: Fecha | D4: =+TODAY() -> 46101
A5: Responsable | I5: Informacion Cajones Garage | Q5: Cajones a Preparar | Z5: Informacion Partes
A6: Tallerista | B6: Sector | C6: Art | D6: Descripcion | E6: Stock Actual Cajon | F6: Pedido Cajon | G6: % Ocup | I6: Max Entra Caj | J6: Kg x Cajon | K6: Max Uni | L6: KG x Uni | M6: Uni x Cajon | N6: Est Madre Uni | O6: Stock Max Madre 3M | Q6: Taller | R6: Sector Garage | S6: Cod | T6: Descripcion | U6: Sector Parte | V6: Descrip | W6: Cajon/ Paq a Enviar | Z6: Kg x Uni | AA6: Kg x Cajon | AB6: Cajones Pedido | AC6: Uni x Cajon | AD6: Kg a Enviar
A7: Martin | B7: GRJ 1 | C7: 500 | D7: Uña 500 LK | E7: 0 | F7: =IF(AND(A7="Carlos",C7=506),IF(I7-E7<0,0,(I7-E7)*3/4),IF(AND(A7="Martin",C7=506),IF(I7-E7<0,0,(I7-E7)*1/4),IF(I7-E7<0,0,I7-E7))) -> 5 | G7: =+IFERROR(E7/I7,#REF!/K7) -> 0 | I7: 5 | J7: 30 | K7: =+I7*M7 -> 4552.352 | L7: 0.03295 | M7: =+J7/L7 -> 910.47041 | N7: =IFERROR(VLOOKUP(C7,'Estadistica Madre CH 23-01'!A:C,3,0),+VLOOKUP(C7,'Estadistica Madre LK 23-01 '!A:C,3,0)) -> 1440 | O7: =3*N7/M7 -> 4.7448 | Q7: Martin | R7: GRJ 1 | S7: 500 | T7: Uña 500 LK | U7: C1 | V7: Abrelata Pie Uña Serig | W7: =+AD7/AA7 -> 4.4527061 | Z7: 0.029343333 | AA7: 30 | AB7: =+SUMIFS(F:F,C:$C,S7,$A:$A,Q7) -> 5 | AC7: =+SUMIFS(M:M,C:C,S7,A:A,Q7) -> 910.47041 | AD7: =+(AC7*AB7)*Z7 -> 133.58118
A8: Martin | B8: GRJ7/8 | C8: 506 | D8: Uña LK 506 | E8: 5 | F8: =IF(AND(A8="Carlos",C8=506),IF(I8-E8<0,0,(I8-E8)*3/4),IF(AND(A8="Martin",C8=506),IF(I8-E8<0,0,(I8-E8)*1/4),IF(I8-E8<0,0,I8-E8))) -> 7.75 | G8: =+IFERROR(E8/I8,#REF!/K8) -> 0.13888889 | I8: 36 | J8: 30 | K8: =+I8*M8 -> 49202.733 | L8: 0.02195 | M8: =+J8/L8 -> 1366.7426 | N8: =IFERROR(VLOOKUP(C8,'Estadistica Madre CH 23-01'!A:C,3,0),+VLOOKUP(C8,'Estadistica Madre LK 23-01 '!A:C,3,0)) -> 18840 | O8: =3*N8/M8 -> 41.3538 | Q8: Martin | R8: GRJ 1 | S8: 500 | T8: Uña 500 LK | U8: C10 | V8: Uñas Zinc. | W8: =+AD8/AA8 -> 0.53566009 | Z8: 0.00353 | AA8: 30 | AB8: =+SUMIFS(F:F,C:$C,S8,$A:$A,Q8) -> 5 | AC8: =+SUMIFS(M:M,C:C,S8,A:A,Q8) -> 910.47041 | AD8: =+(AC8*AB8)*Z8 -> 16.069803
A9: Fabrica | B9: GRJ 4 | C9: 654 | D9: Bomb Autolimp. 654 | E9: 0 | F9: =IF(AND(A9="Carlos",C9=506),IF(I9-E9<0,0,(I9-E9)*3/4),IF(AND(A9="Martin",C9=506),IF(I9-E9<0,0,(I9-E9)*1/4),IF(I9-E9<0,0,I9-E9))) -> 5 | G9: =+IFERROR(E9/I9,#REF!/K9) -> 0 | I9: 5 | J9: 15 | K9: =+I9*M9 -> 3488.3721 | L9: 0.0215 | M9: =+J9/L9 -> 697.67442 | N9: =IFERROR(VLOOKUP(C9,'Estadistica Madre CH 23-01'!A:C,3,0),+VLOOKUP(C9,'Estadistica Madre LK 23-01 '!A:C,3,0)) -> 912 | O9: =3*N9/M9 -> 3.9216 | Q9: Martin | R9: GRJ7/8 | S9: 506 | T9: Uña LK 506 | U9: A10 | V9: Cpo Uña LK C/M Pint. | W9: =+AD9/AA9 -> 6.3412301 | Z9: 0.01796 | AA9: 30 | AB9: =+SUMIFS(F:F,C:$C,S9,$A:$A,Q9) -> 7.75 | AC9: =+SUMIFS(M:M,C:C,S9,A:A,Q9) -> 1366.7426 | AD9: =+(AC9*AB9)*Z9 -> 190.2369
A10: Fabrica | B10: GRJ 5 | C10: 558 | D10: Bomb. Tradicional 558 | E10: 3 | F10: =IF(AND(A10="Carlos",C10=506),IF(I10-E10<0,0,(I10-E10)*3/4),IF(AND(A10="Martin",C10=506),IF(I10-E10<0,0,(I10-E10)*1/4),IF(I10-E10<0,0,I10-E10))) -> 7 | G10: =+IFERROR(E10/I10,#REF!/K10) -> 0.3 | I10: 10 | J10: 1.8 | K10: =+I10*M10 -> 1161.2903 | L10: 0.0155 | M10: =+J10/L10 -> 116.12903 | N10: =IFERROR(VLOOKUP(C10,'Estadistica Madre CH 23-01'!A:C,3,0),+VLOOKUP(C10,'Estadistica Madre LK 23-01 '!A:C,3,0)) -> 2124 | O10: =3*N10/M10 -> 54.87 | Q10: Martin | R10: GRJ7/8 | S10: 506 | T10: Uña LK 506 | U10: C10 | V10: Uñas Zinc. | W10: =+AD10/AA10 -> 1.2463554 | Z10: 0.00353 | AA10: 30 | AB10: =+SUMIFS(F:F,C:$C,S10,$A:$A,Q10) -> 7.75 | AC10: =+SUMIFS(M:M,C:C,S10,A:A,Q10) -> 1366.7426 | AD10: =+(AC10*AB10)*Z10 -> 37.390661
A11: Fabrica | B11: GRJ 6 | C11: 557 | D11: Bomb. Tradicional 557 | E11: 0 | F11: =IF(AND(A11="Carlos",C11=506),IF(I11-E11<0,0,(I11-E11)*3/4),IF(AND(A11="Martin",C11=506),IF(I11-E11<0,0,(I11-E11)*1/4),IF(I11-E11<0,0,I11-E11))) -> 1 | G11: =+IFERROR(E11/I11,#REF!/K11) -> 0 | I11: 1 | J11: 1.8 | K11: =+I11*M11 -> 113.20755 | L11: 0.0159 | M11: =+J11/L11 -> 113.20755 | N11: =IFERROR(VLOOKUP(C11,'Estadistica Madre CH 23-01'!A:C,3,0),+VLOOKUP(C11,'Estadistica Madre LK 23-01 '!A:C,3,0)) -> 1400 | O11: =3*N11/M11 -> 37.1 | Q11: Fabrica | R11: GRJ 4 | S11: 654 | T11: Bomb Autolimp. 654 | W11: =+AD11/AA11 -> #DIV/0! | AB11: =+SUMIFS(F:F,C:$C,S11,$A:$A,Q11) -> 5 | AC11: =+SUMIFS(M:M,C:C,S11,A:A,Q11) -> 697.67442 | AD11: =+(AC11*AB11)*Z11 -> 0
A12: Carlos | B12: GRJ9 | C12: 510 | D12: Uña Crom 510 | E12: 1 | F12: =IF(AND(A12="Carlos",C12=506),IF(I12-E12<0,0,(I12-E12)*3/4),IF(AND(A12="Martin",C12=506),IF(I12-E12<0,0,(I12-E12)*1/4),IF(I12-E12<0,0,I12-E12))) -> 7 | G12: =+IFERROR(E12/I12,#REF!/K12) -> 0.125 | I12: 8 | J12: 30 | K12: =+I12*M12 -> 10909.091 | L12: 0.022 | M12: =+J12/L12 -> 1363.6364 | N12: =IFERROR(VLOOKUP(C12,'Estadistica Madre CH 23-01'!A:C,3,0),+VLOOKUP(C12,'Estadistica Madre LK 23-01 '!A:C,3,0)) -> 6456 | O12: =3*N12/M12 -> 14.2032 | Q12: Fabrica | R12: GRJ 5 | S12: 558 | T12: Bomb. Tradicional 558 | W12: =+AD12/AA12 -> #DIV/0! | AB12: =+SUMIFS(F:F,C:$C,S12,$A:$A,Q12) -> 7 | AC12: =+SUMIFS(M:M,C:C,S12,A:A,Q12) -> 116.12903 | AD12: =+(AC12*AB12)*Z12 -> 0
A13: Carlos | B13: GJR10 | C13: 544 | D13: Batidor Pera | E13: 1 | F13: =IF(AND(A13="Carlos",C13=506),IF(I13-E13<0,0,(I13-E13)*3/4),IF(AND(A13="Martin",C13=506),IF(I13-E13<0,0,(I13-E13)*1/4),IF(I13-E13<0,0,I13-E13))) -> 53 | G13: =+IFERROR(E13/I13,#REF!/K13) -> 0.018518519 | I13: 54 | J13: 15.68 | K13: =+I13*M13 -> 8640 | L13: 0.098 | M13: =+J13/L13 -> 160 | N13: =IFERROR(VLOOKUP(C13,'Estadistica Madre CH 23-01'!A:C,3,0),+VLOOKUP(C13,'Estadistica Madre LK 23-01 '!A:C,3,0)) -> 7464 | O13: =3*N13/M13 -> 139.95 | Q13: Fabrica | R13: GRJ 6 | S13: 557 | T13: Bomb. Tradicional 557 | W13: =+AD13/AA13 -> #DIV/0! | AB13: =+SUMIFS(F:F,C:$C,S13,$A:$A,Q13) -> 1 | AC13: =+SUMIFS(M:M,C:C,S13,A:A,Q13) -> 113.20755 | AD13: =+(AC13*AB13)*Z13 -> 0
A14: Carlos | B14: GRJ7/8 | C14: 506 | D14: Uña LK 506 | E14: 5 | F14: =IF(AND(A14="Carlos",C14=506),IF(I14-E14<0,0,(I14-E14)*3/4),IF(AND(A14="Martin",C14=506),IF(I14-E14<0,0,(I14-E14)*1/4),IF(I14-E14<0,0,I14-E14))) -> 23.25 | G14: =+IFERROR(E14/I14,#REF!/K14) -> 0.13888889 | I14: 36 | J14: 30 | K14: =+I14*M14 -> 49202.733 | L14: 0.02195 | M14: =+J14/L14 -> 1366.7426 | N14: =IFERROR(VLOOKUP(C14,'Estadistica Madre CH 23-01'!A:C,3,0),+VLOOKUP(C14,'Estadistica Madre LK 23-01 '!A:C,3,0)) -> 18840 | O14: =3*N14/M14 -> 41.3538 | Q14: Carlos | R14: GRJ9 | S14: 510 | T14: Uña Crom 510 | U14: A15 | V14: Cpo Uña Crom. LK C/M | W14: =+AD14/AA14 -> 5.7315152 | Z14: 0.018013333 | AA14: 30 | AB14: =+SUMIFS(F:F,C:$C,S14,$A:$A,Q14) -> 7 | AC14: =+SUMIFS(M:M,C:C,S14,A:A,Q14) -> 1363.6364 | AD14: =+(AC14*AB14)*Z14 -> 171.94545
A15: Jade | B15: GRJ15 | C15: 530-531-730-731-706-700 | D15: Pintura Azul Mate | E15: 5 | F15: =IF(AND(A15="Carlos",C15=506),IF(I15-E15<0,0,(I15-E15)*3/4),IF(AND(A15="Martin",C15=506),IF(I15-E15<0,0,(I15-E15)*1/4),IF(I15-E15<0,0,I15-E15))) -> 15 | G15: =+IFERROR(E15/I15,#REF!/K15) -> 0.25 | I15: 20 | J15: =+I15*K15 -> 400 | K15: 20 | L15: 12.867568 | M15: =+SUMIFS('Consumo '!E:E,'Consumo '!A:A,'Garage 25-9'!B15) -> 9224 | N15: =+L15*1.5 -> 19.301351 | O15: =3*N15/M15 -> 0.0062775427 | Q15: Carlos | R15: GRJ9 | S15: 510 | T15: Uña Crom 510 | U15: C10 | V15: Uñas Zinc. | W15: =+AD15/AA15 -> 1.1231818 | Z15: 0.00353 | AA15: 30 | AB15: =+SUMIFS(F:F,C:$C,S15,$A:$A,Q15) -> 7 | AC15: =+SUMIFS(M:M,C:C,S15,A:A,Q15) -> 1363.6364 | AD15: =+(AC15*AB15)*Z15 -> 33.695455
