Workbook
Name _360EN: #REF!
Name _361EN: #REF!
Name _388EN: #REF!
Name _503EN: #REF!
Name _525EN: #REF!
Name _529EN: #REF!
Name _544EN: #REF!
Name _575D: #REF!
Name _577D: #REF!
Name _585EN: #REF!
Name _811EN: #REF!
Name _812EN: #REF!
Name _813EN: #REF!
Name _814EN: #REF!
Name _816EN: #REF!
Name _817EN: #REF!
Name _819EN: #REF!
Name ALCOHOL: #REF!
Name ALQ_LARRAZABAL: #REF!
Name ANHILINA: #REF!
Name Atriles10x15: #REF!
Name Atriles13x18: #REF!
Name BuiltIn_Print_Area: #REF!
Name BuiltIn_Print_Area___0: #REF!
Name BuiltIn_Print_Titles: #REF!
Name BuiltIn_Print_Titles___0: #REF!
Name CAJAS: #REF!
Name CARTON: #REF!
Name CHAPA: #REF!
Name CHAPADUR: #REF!
Name COLA: #REF!
Name CONTADOR1: #REF!
Name CORCHO: #REF!
Name CORTE_LASER: #REF!
Name CRAYOVAC: #REF!
Name DIOXIDO: #REF!
Name DOLAR: #REF!
Name Dólar: #REF!
Name Estimado: #REF!
Name Gananc._Chef: #REF!
Name GOMALACA: #REF!
Name Griego10x15: #REF!
Name Griego13x18: #REF!
Name Griego15x21: #REF!
Name HORA: #REF!
Name IB_3: #REF!
Name IG_35: #REF!
Name LA_015: #REF!
Name LA_052: #REF!
Name LA_053: #REF!
Name LA_070: #REF!
Name LA_071: #REF!
Name LA_072: #REF!
Name LA_113: #REF!
Name LA_114: #REF!
Name LA_115: #REF!
Name LA_117: #REF!
Name LA_119: #REF!
Name LA_195: #REF!
Name LA_196: #REF!

Sheet O.C. Rueda
A1: Loekemeyer Hnos. S.R.L | F1: Chef SRL
A2: CUIT: | C2: 30-51584245-0 | F2: CUIT: | H2: 30-68575625-7
A3: DIRECCION: | C3: Cervantes 2868 | F3: DIRECCION: | H3: Virgilio 2788
A4: LOCALIDAD: | C4: Villa Devoto, CABA | F4: LOCALIDAD: | H4: Villa Real, CABA
A6: ORDEN DE COMPRA | F6: FECHA PEDIDO: | I6: =+TODAY() -> 46099
A8: RAZON SOCIAL: | C8: RUEDA | D8: COD PROV: | E8: 3372 | F8: ENTREGA EN: | I8: Cervantes 2868
A10: FACTURAR Loekemeyer 70% Chef 30%
A12: ESTE PEDIDO ANULA CUALQUIER PEDIDO ANTERIOR
A13: Cód ISIS | B13: N° Ord | C13: Descripcion Material | D13: Pedido KG | E13: Emp | F13: KG a FC | G13: Fecha Pos Ent | H13: Fecha Ent | I13: Kg Ent | J13: Fecha Ent | K13: Kg Ent | L13: Fecha Ent | M13: Kg Ent
A14: {=+IFERROR(INDEX('Conteo 18-02-26'!$B:$B,MATCH(1,('Conteo 18-02-26'!$E:$E=$B14)*('Conteo 18-02-26'!$A:$A="Rueda"),0)),"")} | B14: 1 | C14: {=+IFERROR(INDEX('Conteo 18-02-26'!$C:$C,MATCH(1,('Conteo 18-02-26'!$E:$E=$B14)*('Conteo 18-02-26'!$A:$A="Rueda"),0)),"")} | D14: {=+IFERROR(INDEX('Conteo 18-02-26'!$D:$D,MATCH(1,('Conteo 18-02-26'!$E:$E=$B14)*('Conteo 18-02-26'!A:A:'Conteo 18-02-26'!$A:$A="Rueda"),0)),"")} | E14: =+IF(E13="LK","CH",IF(D14="","",IF(D14>0,"LK","CH"))) | F14: =+IF(OR(E14="LK"),ROUNDUP(D14*(VLOOKUP(B14,'Conteo 18-02-26'!$E:$AN,35,0))/100,0),IF(E14="CH",D13-F13,""))
E15: =+IF(E14="LK","CH",IF(D15="","",IF(D15>0,"LK","CH"))) | F15: =+IF(OR(E15="LK"),ROUNDUP(D15*(VLOOKUP(B15,'Conteo 18-02-26'!$E:$AN,35,0))/100,0),IF(E15="CH",D14-F14,""))
A16: {=+IFERROR(INDEX('Conteo 18-02-26'!$B:$B,MATCH(1,('Conteo 18-02-26'!$E:$E=$B16)*('Conteo 18-02-26'!$A:$A="Rueda"),0)),"")} | B16: =+B14+1 -> 2 | C16: {=+IFERROR(INDEX('Conteo 18-02-26'!$C:$C,MATCH(1,('Conteo 18-02-26'!$E:$E=$B16)*('Conteo 18-02-26'!$A:$A="Rueda"),0)),"")} | D16: {=+IFERROR(INDEX('Conteo 18-02-26'!$D:$D,MATCH(1,('Conteo 18-02-26'!$E:$E=$B16)*('Conteo 18-02-26'!A:A:'Conteo 18-02-26'!$A:$A="Rueda"),0)),"")} | E16: =+IF(E15="LK","CH",IF(D16="","",IF(D16>0,"LK","CH"))) | F16: =+IF(OR(E16="LK"),ROUNDUP(D16*(VLOOKUP(B16,'Conteo 18-02-26'!$E:$AN,35,0))/100,0),IF(E16="CH",D15-F15,""))
E17: =+IF(E16="LK","CH",IF(D17="","",IF(D17>0,"LK","CH"))) | F17: =+IF(OR(E17="LK"),ROUNDUP(D17*(VLOOKUP(B17,'Conteo 18-02-26'!$E:$AN,35,0))/100,0),IF(E17="CH",D16-F16,""))
A18: {=+IFERROR(INDEX('Conteo 18-02-26'!$B:$B,MATCH(1,('Conteo 18-02-26'!$E:$E=$B18)*('Conteo 18-02-26'!$A:$A="Rueda"),0)),"")} | B18: =+B16+1 -> 3 | C18: {=+IFERROR(INDEX('Conteo 18-02-26'!$C:$C,MATCH(1,('Conteo 18-02-26'!$E:$E=$B18)*('Conteo 18-02-26'!$A:$A="Rueda"),0)),"")} | D18: {=+IFERROR(INDEX('Conteo 18-02-26'!$D:$D,MATCH(1,('Conteo 18-02-26'!$E:$E=$B18)*('Conteo 18-02-26'!A:A:'Conteo 18-02-26'!$A:$A="Rueda"),0)),"")} | E18: =+IF(E17="LK","CH",IF(D18="","",IF(D18>0,"LK","CH"))) | F18: =+IF(OR(E18="LK"),ROUNDUP(D18*(VLOOKUP(B18,'Conteo 18-02-26'!$E:$AN,35,0))/100,0),IF(E18="CH",D17-F17,""))
E19: =+IF(E18="LK","CH",IF(D19="","",IF(D19>0,"LK","CH"))) | F19: =+IF(OR(E19="LK"),ROUNDUP(D19*(VLOOKUP(B19,'Conteo 18-02-26'!$E:$AN,35,0))/100,0),IF(E19="CH",D18-F18,""))
A20: {=+IFERROR(INDEX('Conteo 18-02-26'!$B:$B,MATCH(1,('Conteo 18-02-26'!$E:$E=$B20)*('Conteo 18-02-26'!$A:$A="Rueda"),0)),"")} | B20: =+B18+1 -> 4 | C20: {=+IFERROR(INDEX('Conteo 18-02-26'!$C:$C,MATCH(1,('Conteo 18-02-26'!$E:$E=$B20)*('Conteo 18-02-26'!$A:$A="Rueda"),0)),"")} | D20: {=+IFERROR(INDEX('Conteo 18-02-26'!$D:$D,MATCH(1,('Conteo 18-02-26'!$E:$E=$B20)*('Conteo 18-02-26'!A:A:'Conteo 18-02-26'!$A:$A="Rueda"),0)),"")} | E20: =+IF(E19="LK","CH",IF(D20="","",IF(D20>0,"LK","CH"))) | F20: =+IF(OR(E20="LK"),ROUNDUP(D20*(VLOOKUP(B20,'Conteo 18-02-26'!$E:$AN,35,0))/100,0),IF(E20="CH",D19-F19,""))
E21: =+IF(E20="LK","CH",IF(D21="","",IF(D21>0,"LK","CH"))) | F21: =+IF(OR(E21="LK"),ROUNDUP(D21*(VLOOKUP(B21,'Conteo 18-02-26'!$E:$AN,35,0))/100,0),IF(E21="CH",D20-F20,""))
A22: {=+IFERROR(INDEX('Conteo 18-02-26'!$B:$B,MATCH(1,('Conteo 18-02-26'!$E:$E=$B22)*('Conteo 18-02-26'!$A:$A="Rueda"),0)),"")} | B22: =+B20+1 -> 5 | C22: {=+IFERROR(INDEX('Conteo 18-02-26'!$C:$C,MATCH(1,('Conteo 18-02-26'!$E:$E=$B22)*('Conteo 18-02-26'!$A:$A="Rueda"),0)),"")} | D22: {=+IFERROR(INDEX('Conteo 18-02-26'!$D:$D,MATCH(1,('Conteo 18-02-26'!$E:$E=$B22)*('Conteo 18-02-26'!A:A:'Conteo 18-02-26'!$A:$A="Rueda"),0)),"")} | E22: =+IF(E21="LK","CH",IF(D22="","",IF(D22>0,"LK","CH"))) | F22: =+IF(OR(E22="LK"),ROUNDUP(D22*(VLOOKUP(B22,'Conteo 18-02-26'!$E:$AN,35,0))/100,0),IF(E22="CH",D21-F21,""))
E23: =+IF(E22="LK","CH",IF(D23="","",IF(D23>0,"LK","CH"))) | F23: =+IF(OR(E23="LK"),ROUNDUP(D23*(VLOOKUP(B23,'Conteo 18-02-26'!$E:$AN,35,0))/100,0),IF(E23="CH",D22-F22,""))
A24: {=+IFERROR(INDEX('Conteo 18-02-26'!$B:$B,MATCH(1,('Conteo 18-02-26'!$E:$E=$B24)*('Conteo 18-02-26'!$A:$A="Rueda"),0)),"")} | B24: =+B22+1 -> 6 | C24: {=+IFERROR(INDEX('Conteo 18-02-26'!$C:$C,MATCH(1,('Conteo 18-02-26'!$E:$E=$B24)*('Conteo 18-02-26'!$A:$A="Rueda"),0)),"")} | D24: {=+IFERROR(INDEX('Conteo 18-02-26'!$D:$D,MATCH(1,('Conteo 18-02-26'!$E:$E=$B24)*('Conteo 18-02-26'!A:A:'Conteo 18-02-26'!$A:$A="Rueda"),0)),"")} | E24: =+IF(E23="LK","CH",IF(D24="","",IF(D24>0,"LK","CH"))) | F24: =+IF(OR(E24="LK"),ROUNDUP(D24*(VLOOKUP(B24,'Conteo 18-02-26'!$E:$AN,35,0))/100,0),IF(E24="CH",D23-F23,""))
E25: =+IF(E24="LK","CH",IF(D25="","",IF(D25>0,"LK","CH"))) | F25: =+IF(OR(E25="LK"),ROUNDUP(D25*(VLOOKUP(B25,'Conteo 18-02-26'!$E:$AN,35,0))/100,0),IF(E25="CH",D24-F24,""))
A26: {=+IFERROR(INDEX('Conteo 18-02-26'!$B:$B,MATCH(1,('Conteo 18-02-26'!$E:$E=$B26)*('Conteo 18-02-26'!$A:$A="Rueda"),0)),"")} | B26: =+B24+1 -> 7 | C26: {=+IFERROR(INDEX('Conteo 18-02-26'!$C:$C,MATCH(1,('Conteo 18-02-26'!$E:$E=$B26)*('Conteo 18-02-26'!$A:$A="Rueda"),0)),"")} | D26: {=+IFERROR(INDEX('Conteo 18-02-26'!$D:$D,MATCH(1,('Conteo 18-02-26'!$E:$E=$B26)*('Conteo 18-02-26'!A:A:'Conteo 18-02-26'!$A:$A="Rueda"),0)),"")} | E26: =+IF(E25="LK","CH",IF(D26="","",IF(D26>0,"LK","CH"))) | F26: =+IF(OR(E26="LK"),ROUNDUP(D26*(VLOOKUP(B26,'Conteo 18-02-26'!$E:$AN,35,0))/100,0),IF(E26="CH",D25-F25,""))
E27: =+IF(E26="LK","CH",IF(D27="","",IF(D27>0,"LK","CH"))) | F27: =+IF(OR(E27="LK"),ROUNDUP(D27*(VLOOKUP(B27,'Conteo 18-02-26'!$E:$AN,35,0))/100,0),IF(E27="CH",D26-F26,""))
A28: {=+IFERROR(INDEX('Conteo 18-02-26'!$B:$B,MATCH(1,('Conteo 18-02-26'!$E:$E=$B28)*('Conteo 18-02-26'!$A:$A="Rueda"),0)),"")} | B28: =+B26+1 -> 8 | C28: {=+IFERROR(INDEX('Conteo 18-02-26'!$C:$C,MATCH(1,('Conteo 18-02-26'!$E:$E=$B28)*('Conteo 18-02-26'!$A:$A="Rueda"),0)),"")} | D28: {=+IFERROR(INDEX('Conteo 18-02-26'!$D:$D,MATCH(1,('Conteo 18-02-26'!$E:$E=$B28)*('Conteo 18-02-26'!A:A:'Conteo 18-02-26'!$A:$A="Rueda"),0)),"")} | E28: =+IF(E27="LK","CH",IF(D28="","",IF(D28>0,"LK","CH"))) | F28: =+IF(OR(E28="LK"),ROUNDUP(D28*(VLOOKUP(B28,'Conteo 18-02-26'!$E:$AN,35,0))/100,0),IF(E28="CH",D27-F27,""))
E29: =+IF(E28="LK","CH",IF(D29="","",IF(D29>0,"LK","CH"))) | F29: =+IF(OR(E29="LK"),ROUNDUP(D29*(VLOOKUP(B29,'Conteo 18-02-26'!$E:$AN,35,0))/100,0),IF(E29="CH",D28-F28,""))
A30: {=+IFERROR(INDEX('Conteo 18-02-26'!$B:$B,MATCH(1,('Conteo 18-02-26'!$E:$E=$B30)*('Conteo 18-02-26'!$A:$A="Rueda"),0)),"")} | B30: =+B28+1 -> 9 | C30: {=+IFERROR(INDEX('Conteo 18-02-26'!$C:$C,MATCH(1,('Conteo 18-02-26'!$E:$E=$B30)*('Conteo 18-02-26'!$A:$A="Rueda"),0)),"")} | D30: {=+IFERROR(INDEX('Conteo 18-02-26'!$D:$D,MATCH(1,('Conteo 18-02-26'!$E:$E=$B30)*('Conteo 18-02-26'!A:A:'Conteo 18-02-26'!$A:$A="Rueda"),0)),"")} | E30: =+IF(E29="LK","CH",IF(D30="","",IF(D30>0,"LK","CH"))) | F30: =+IF(OR(E30="LK"),ROUNDUP(D30*(VLOOKUP(B30,'Conteo 18-02-26'!$E:$AN,35,0))/100,0),IF(E30="CH",D29-F29,""))
E31: =+IF(E30="LK","CH",IF(D31="","",IF(D31>0,"LK","CH"))) | F31: =+IF(OR(E31="LK"),ROUNDUP(D31*(VLOOKUP(B31,'Conteo 18-02-26'!$E:$AN,35,0))/100,0),IF(E31="CH",D30-F30,""))
A32: {=+IFERROR(INDEX('Conteo 18-02-26'!$B:$B,MATCH(1,('Conteo 18-02-26'!$E:$E=$B32)*('Conteo 18-02-26'!$A:$A="Rueda"),0)),"")} | B32: =+B30+1 -> 10 | C32: {=+IFERROR(INDEX('Conteo 18-02-26'!$C:$C,MATCH(1,('Conteo 18-02-26'!$E:$E=$B32)*('Conteo 18-02-26'!$A:$A="Rueda"),0)),"")} | D32: {=+IFERROR(INDEX('Conteo 18-02-26'!$D:$D,MATCH(1,('Conteo 18-02-26'!$E:$E=$B32)*('Conteo 18-02-26'!A:A:'Conteo 18-02-26'!$A:$A="Rueda"),0)),"")} | E32: =+IF(E31="LK","CH",IF(D32="","",IF(D32>0,"LK","CH"))) | F32: =+IF(OR(E32="LK"),ROUNDUP(D32*(VLOOKUP(B32,'Conteo 18-02-26'!$E:$AN,35,0))/100,0),IF(E32="CH",D31-F31,""))
E33: =+IF(E32="LK","CH",IF(D33="","",IF(D33>0,"LK","CH"))) | F33: =+IF(OR(E33="LK"),ROUNDUP(D33*(VLOOKUP(B33,'Conteo 18-02-26'!$E:$AN,35,0))/100,0),IF(E33="CH",D32-F32,""))
A34: {=+IFERROR(INDEX('Conteo 18-02-26'!$B:$B,MATCH(1,('Conteo 18-02-26'!$E:$E=$B34)*('Conteo 18-02-26'!$A:$A="Rueda"),0)),"")} | B34: =+B32+1 -> 11 | C34: {=+IFERROR(INDEX('Conteo 18-02-26'!$C:$C,MATCH(1,('Conteo 18-02-26'!$E:$E=$B34)*('Conteo 18-02-26'!$A:$A="Rueda"),0)),"")} | D34: {=+IFERROR(INDEX('Conteo 18-02-26'!$D:$D,MATCH(1,('Conteo 18-02-26'!$E:$E=$B34)*('Conteo 18-02-26'!A:A:'Conteo 18-02-26'!$A:$A="Rueda"),0)),"")} | E34: =+IF(E33="LK","CH",IF(D34="","",IF(D34>0,"LK","CH"))) | F34: =+IF(OR(E34="LK"),ROUNDUP(D34*(VLOOKUP(B34,'Conteo 18-02-26'!$E:$AN,35,0))/100,0),IF(E34="CH",D33-F33,""))
E35: =+IF(E34="LK","CH",IF(D35="","",IF(D35>0,"LK","CH"))) | F35: =+IF(OR(E35="LK"),ROUNDUP(D35*(VLOOKUP(B35,'Conteo 18-02-26'!$E:$AN,35,0))/100,0),IF(E35="CH",D34-F34,""))
A36: {=+IFERROR(INDEX('Conteo 18-02-26'!$B:$B,MATCH(1,('Conteo 18-02-26'!$E:$E=$B36)*('Conteo 18-02-26'!$A:$A="Rueda"),0)),"")} | B36: =+B34+1 -> 12 | C36: {=+IFERROR(INDEX('Conteo 18-02-26'!$C:$C,MATCH(1,('Conteo 18-02-26'!$E:$E=$B36)*('Conteo 18-02-26'!$A:$A="Rueda"),0)),"")} | D36: {=+IFERROR(INDEX('Conteo 18-02-26'!$D:$D,MATCH(1,('Conteo 18-02-26'!$E:$E=$B36)*('Conteo 18-02-26'!A:A:'Conteo 18-02-26'!$A:$A="Rueda"),0)),"")} | E36: =+IF(E35="LK","CH",IF(D36="","",IF(D36>0,"LK","CH"))) | F36: =+IF(OR(E36="LK"),ROUNDUP(D36*(VLOOKUP(B36,'Conteo 18-02-26'!$E:$AN,35,0))/100,0),IF(E36="CH",D35-F35,""))
E37: =+IF(E36="LK","CH",IF(D37="","",IF(D37>0,"LK","CH"))) | F37: =+IF(OR(E37="LK"),ROUNDUP(D37*(VLOOKUP(B37,'Conteo 18-02-26'!$E:$AN,35,0))/100,0),IF(E37="CH",D36-F36,""))
A38: {=+IFERROR(INDEX('Conteo 18-02-26'!$B:$B,MATCH(1,('Conteo 18-02-26'!$E:$E=$B38)*('Conteo 18-02-26'!$A:$A="Rueda"),0)),"")} | B38: =+B36+1 -> 13 | C38: {=+IFERROR(INDEX('Conteo 18-02-26'!$C:$C,MATCH(1,('Conteo 18-02-26'!$E:$E=$B38)*('Conteo 18-02-26'!$A:$A="Rueda"),0)),"")} | D38: {=+IFERROR(INDEX('Conteo 18-02-26'!$D:$D,MATCH(1,('Conteo 18-02-26'!$E:$E=$B38)*('Conteo 18-02-26'!A:A:'Conteo 18-02-26'!$A:$A="Rueda"),0)),"")} | E38: =+IF(E37="LK","CH",IF(D38="","",IF(D38>0,"LK","CH"))) | F38: =+IF(OR(E38="LK"),ROUNDUP(D38*(VLOOKUP(B38,'Conteo 18-02-26'!$E:$AN,35,0))/100,0),IF(E38="CH",D37-F37,""))
E39: =+IF(E38="LK","CH",IF(D39="","",IF(D39>0,"LK","CH"))) | F39: =+IF(OR(E39="LK"),ROUNDUP(D39*(VLOOKUP(B39,'Conteo 18-02-26'!$E:$AN,35,0))/100,0),IF(E39="CH",D38-F38,""))
A40: {=+IFERROR(INDEX('Conteo 18-02-26'!$B:$B,MATCH(1,('Conteo 18-02-26'!$E:$E=$B40)*('Conteo 18-02-26'!$A:$A="Rueda"),0)),"")} | B40: =+B38+1 -> 14 | C40: {=+IFERROR(INDEX('Conteo 18-02-26'!$C:$C,MATCH(1,('Conteo 18-02-26'!$E:$E=$B40)*('Conteo 18-02-26'!$A:$A="Rueda"),0)),"")} | D40: {=+IFERROR(INDEX('Conteo 18-02-26'!$D:$D,MATCH(1,('Conteo 18-02-26'!$E:$E=$B40)*('Conteo 18-02-26'!A:A:'Conteo 18-02-26'!$A:$A="Rueda"),0)),"")} | E40: =+IF(E39="LK","CH",IF(D40="","",IF(D40>0,"LK","CH"))) | F40: =+IF(OR(E40="LK"),ROUNDUP(D40*(VLOOKUP(B40,'Conteo 18-02-26'!$E:$AN,35,0))/100,0),IF(E40="CH",D39-F39,""))
E41: =+IF(E40="LK","CH",IF(D41="","",IF(D41>0,"LK","CH"))) | F41: =+IF(OR(E41="LK"),ROUNDUP(D41*(VLOOKUP(B41,'Conteo 18-02-26'!$E:$AN,35,0))/100,0),IF(E41="CH",D40-F40,""))
A42: {=+IFERROR(INDEX('Conteo 18-02-26'!$B:$B,MATCH(1,('Conteo 18-02-26'!$E:$E=$B42)*('Conteo 18-02-26'!$A:$A="Rueda"),0)),"")} | B42: =+B40+1 -> 15 | C42: {=+IFERROR(INDEX('Conteo 18-02-26'!$C:$C,MATCH(1,('Conteo 18-02-26'!$E:$E=$B42)*('Conteo 18-02-26'!$A:$A="Rueda"),0)),"")} | D42: {=+IFERROR(INDEX('Conteo 18-02-26'!$D:$D,MATCH(1,('Conteo 18-02-26'!$E:$E=$B42)*('Conteo 18-02-26'!A:A:'Conteo 18-02-26'!$A:$A="Rueda"),0)),"")} | E42: =+IF(E41="LK","CH",IF(D42="","",IF(D42>0,"LK","CH"))) | F42: =+IF(OR(E42="LK"),ROUNDUP(D42*(VLOOKUP(B42,'Conteo 18-02-26'!$E:$AN,35,0))/100,0),IF(E42="CH",D41-F41,""))
E43: =+IF(E42="LK","CH",IF(D43="","",IF(D43>0,"LK","CH"))) | F43: =+IF(OR(E43="LK"),ROUNDUP(D43*(VLOOKUP(B43,'Conteo 18-02-26'!$E:$AN,35,0))/100,0),IF(E43="CH",D42-F42,""))

Sheet O.C. Roosevelt
A1: Loekemeyer Hnos. S.R.L | F1: Chef SRL
A2: CUIT: | C2: 30-51584245-0 | F2: CUIT: | H2: 30-68575625-7
A3: DIRECCION: | C3: Cervantes 2868 | F3: DIRECCION: | H3: Virgilio 2788
A4: LOCALIDAD: | C4: Villa Devoto, CABA | F4: LOCALIDAD: | H4: Villa Real, CABA
A6: ORDEN DE COMPRA | F6: FECHA PEDIDO: | I6: =+TODAY() -> 46099
A8: RAZON SOCIAL: | C8: TALLERES ROOSEVELT | D8: COD PROV: | E8: 3085 | F8: ENTREGA EN: | I8: Cervantes 2868
A10: FACTURAR Loekemeyer 70% Chef 30%
A12: ESTE PEDIDO ANULA CUALQUIER PEDIDO ANTERIOR
A13: Cód ISIS | B13: N° Ord | C13: Descripcion Material | D13: Pedido KG | E13: Emp | F13: KG a FC | G13: Fecha Pos Ent | H13: Fecha Ent | I13: Kg Ent | J13: Fecha Ent | K13: Kg Ent | L13: Fecha Ent | M13: Kg Ent
A14: {=+IFERROR(INDEX('Conteo 18-02-26'!$B:$B,MATCH(1,('Conteo 18-02-26'!$E:$E=$B14)*('Conteo 18-02-26'!$A:$A="Roosvelt"),0)),"")} | B14: 1 | C14: {=+IFERROR(INDEX('Conteo 18-02-26'!$C:$C,MATCH(1,('Conteo 18-02-26'!$E:$E=$B14)*('Conteo 18-02-26'!$A:$A="Roosvelt"),0)),"")} | D14: {=+IFERROR(INDEX('Conteo 18-02-26'!$D:$D,MATCH(1,('Conteo 18-02-26'!$E:$E=$B14)*('Conteo 18-02-26'!A:A:'Conteo 18-02-26'!$A:$A="Roosvelt"),0)),"")} | E14: =+IF(E13="LK","CH",IF(D14="","",IF(D14>0,"LK","CH"))) | F14: =+IF(OR(E14="LK"),ROUNDUP(D14*(VLOOKUP(B14,'Conteo 18-02-26'!$E:$AN,35,0))/100,0),IF(E14="CH",D13-F13,""))
E15: =+IF(E14="LK","CH",IF(D15="","",IF(D15>0,"LK","CH"))) | F15: =+IF(OR(E15="LK"),ROUNDUP(D15*(VLOOKUP(B15,'Conteo 18-02-26'!$E:$AN,35,0))/100,0),IF(E15="CH",D14-F14,""))
A16: {=+IFERROR(INDEX('Conteo 18-02-26'!$B:$B,MATCH(1,('Conteo 18-02-26'!$E:$E=$B16)*('Conteo 18-02-26'!$A:$A="Roosvelt"),0)),"")} | B16: =+B14+1 -> 2 | C16: {=+IFERROR(INDEX('Conteo 18-02-26'!$C:$C,MATCH(1,('Conteo 18-02-26'!$E:$E=$B16)*('Conteo 18-02-26'!$A:$A="Roosvelt"),0)),"")} | D16: {=+IFERROR(INDEX('Conteo 18-02-26'!$D:$D,MATCH(1,('Conteo 18-02-26'!$E:$E=$B16)*('Conteo 18-02-26'!A:A:'Conteo 18-02-26'!$A:$A="Roosvelt"),0)),"")} | E16: =+IF(E15="LK","CH",IF(D16="","",IF(D16>0,"LK","CH"))) | F16: =+IF(OR(E16="LK"),ROUNDUP(D16*(VLOOKUP(B16,'Conteo 18-02-26'!$E:$AN,35,0))/100,0),IF(E16="CH",D15-F15,""))
E17: =+IF(E16="LK","CH",IF(D17="","",IF(D17>0,"LK","CH"))) | F17: =+IF(OR(E17="LK"),ROUNDUP(D17*(VLOOKUP(B17,'Conteo 18-02-26'!$E:$AN,35,0))/100,0),IF(E17="CH",D16-F16,""))
A18: {=+IFERROR(INDEX('Conteo 18-02-26'!$B:$B,MATCH(1,('Conteo 18-02-26'!$E:$E=$B18)*('Conteo 18-02-26'!$A:$A="Roosvelt"),0)),"")} | B18: =+B16+1 -> 3 | C18: {=+IFERROR(INDEX('Conteo 18-02-26'!$C:$C,MATCH(1,('Conteo 18-02-26'!$E:$E=$B18)*('Conteo 18-02-26'!$A:$A="Roosvelt"),0)),"")} | D18: {=+IFERROR(INDEX('Conteo 18-02-26'!$D:$D,MATCH(1,('Conteo 18-02-26'!$E:$E=$B18)*('Conteo 18-02-26'!A:A:'Conteo 18-02-26'!$A:$A="Roosvelt"),0)),"")} | E18: =+IF(E17="LK","CH",IF(D18="","",IF(D18>0,"LK","CH"))) | F18: =+IF(OR(E18="LK"),ROUNDUP(D18*(VLOOKUP(B18,'Conteo 18-02-26'!$E:$AN,35,0))/100,0),IF(E18="CH",D17-F17,""))
E19: =+IF(E18="LK","CH",IF(D19="","",IF(D19>0,"LK","CH"))) | F19: =+IF(OR(E19="LK"),ROUNDUP(D19*(VLOOKUP(B19,'Conteo 18-02-26'!$E:$AN,35,0))/100,0),IF(E19="CH",D18-F18,""))
A20: {=+IFERROR(INDEX('Conteo 18-02-26'!$B:$B,MATCH(1,('Conteo 18-02-26'!$E:$E=$B20)*('Conteo 18-02-26'!$A:$A="Roosvelt"),0)),"")} | B20: =+B18+1 -> 4 | C20: {=+IFERROR(INDEX('Conteo 18-02-26'!$C:$C,MATCH(1,('Conteo 18-02-26'!$E:$E=$B20)*('Conteo 18-02-26'!$A:$A="Roosvelt"),0)),"")} | D20: {=+IFERROR(INDEX('Conteo 18-02-26'!$D:$D,MATCH(1,('Conteo 18-02-26'!$E:$E=$B20)*('Conteo 18-02-26'!A:A:'Conteo 18-02-26'!$A:$A="Roosvelt"),0)),"")} | E20: =+IF(E19="LK","CH",IF(D20="","",IF(D20>0,"LK","CH"))) | F20: =+IF(OR(E20="LK"),ROUNDUP(D20*(VLOOKUP(B20,'Conteo 18-02-26'!$E:$AN,35,0))/100,0),IF(E20="CH",D19-F19,""))
E21: =+IF(E20="LK","CH",IF(D21="","",IF(D21>0,"LK","CH"))) | F21: =+IF(OR(E21="LK"),ROUNDUP(D21*(VLOOKUP(B21,'Conteo 18-02-26'!$E:$AN,35,0))/100,0),IF(E21="CH",D20-F20,""))
A22: {=+IFERROR(INDEX('Conteo 18-02-26'!$B:$B,MATCH(1,('Conteo 18-02-26'!$E:$E=$B22)*('Conteo 18-02-26'!$A:$A="Roosvelt"),0)),"")} | B22: =+B20+1 -> 5 | C22: {=+IFERROR(INDEX('Conteo 18-02-26'!$C:$C,MATCH(1,('Conteo 18-02-26'!$E:$E=$B22)*('Conteo 18-02-26'!$A:$A="Roosvelt"),0)),"")} | D22: {=+IFERROR(INDEX('Conteo 18-02-26'!$D:$D,MATCH(1,('Conteo 18-02-26'!$E:$E=$B22)*('Conteo 18-02-26'!A:A:'Conteo 18-02-26'!$A:$A="Roosvelt"),0)),"")} | E22: =+IF(E21="LK","CH",IF(D22="","",IF(D22>0,"LK","CH"))) | F22: =+IF(OR(E22="LK"),ROUNDUP(D22*(VLOOKUP(B22,'Conteo 18-02-26'!$E:$AN,35,0))/100,0),IF(E22="CH",D21-F21,""))
E23: =+IF(E22="LK","CH",IF(D23="","",IF(D23>0,"LK","CH"))) | F23: =+IF(OR(E23="LK"),ROUNDUP(D23*(VLOOKUP(B23,'Conteo 18-02-26'!$E:$AN,35,0))/100,0),IF(E23="CH",D22-F22,""))
A24: {=+IFERROR(INDEX('Conteo 18-02-26'!$B:$B,MATCH(1,('Conteo 18-02-26'!$E:$E=$B24)*('Conteo 18-02-26'!$A:$A="Roosvelt"),0)),"")} | B24: =+B22+1 -> 6 | C24: {=+IFERROR(INDEX('Conteo 18-02-26'!$C:$C,MATCH(1,('Conteo 18-02-26'!$E:$E=$B24)*('Conteo 18-02-26'!$A:$A="Roosvelt"),0)),"")} | D24: {=+IFERROR(INDEX('Conteo 18-02-26'!$D:$D,MATCH(1,('Conteo 18-02-26'!$E:$E=$B24)*('Conteo 18-02-26'!A:A:'Conteo 18-02-26'!$A:$A="Roosvelt"),0)),"")} | E24: =+IF(E23="LK","CH",IF(D24="","",IF(D24>0,"LK","CH"))) | F24: =+IF(OR(E24="LK"),ROUNDUP(D24*(VLOOKUP(B24,'Conteo 18-02-26'!$E:$AN,35,0))/100,0),IF(E24="CH",D23-F23,""))
E25: =+IF(E24="LK","CH",IF(D25="","",IF(D25>0,"LK","CH"))) | F25: =+IF(OR(E25="LK"),ROUNDUP(D25*(VLOOKUP(B25,'Conteo 18-02-26'!$E:$AN,35,0))/100,0),IF(E25="CH",D24-F24,""))
A26: {=+IFERROR(INDEX('Conteo 18-02-26'!$B:$B,MATCH(1,('Conteo 18-02-26'!$E:$E=$B26)*('Conteo 18-02-26'!$A:$A="Roosvelt"),0)),"")} | B26: =+B24+1 -> 7 | C26: {=+IFERROR(INDEX('Conteo 18-02-26'!$C:$C,MATCH(1,('Conteo 18-02-26'!$E:$E=$B26)*('Conteo 18-02-26'!$A:$A="Roosvelt"),0)),"")} | D26: {=+IFERROR(INDEX('Conteo 18-02-26'!$D:$D,MATCH(1,('Conteo 18-02-26'!$E:$E=$B26)*('Conteo 18-02-26'!A:A:'Conteo 18-02-26'!$A:$A="Roosvelt"),0)),"")} | E26: =+IF(E25="LK","CH",IF(D26="","",IF(D26>0,"LK","CH"))) | F26: =+IF(OR(E26="LK"),ROUNDUP(D26*(VLOOKUP(B26,'Conteo 18-02-26'!$E:$AN,35,0))/100,0),IF(E26="CH",D25-F25,""))
E27: =+IF(E26="LK","CH",IF(D27="","",IF(D27>0,"LK","CH"))) | F27: =+IF(OR(E27="LK"),ROUNDUP(D27*(VLOOKUP(B27,'Conteo 18-02-26'!$E:$AN,35,0))/100,0),IF(E27="CH",D26-F26,""))
A28: {=+IFERROR(INDEX('Conteo 18-02-26'!$B:$B,MATCH(1,('Conteo 18-02-26'!$E:$E=$B28)*('Conteo 18-02-26'!$A:$A="Roosvelt"),0)),"")} | B28: =+B26+1 -> 8 | C28: {=+IFERROR(INDEX('Conteo 18-02-26'!$C:$C,MATCH(1,('Conteo 18-02-26'!$E:$E=$B28)*('Conteo 18-02-26'!$A:$A="Roosvelt"),0)),"")} | D28: {=+IFERROR(INDEX('Conteo 18-02-26'!$D:$D,MATCH(1,('Conteo 18-02-26'!$E:$E=$B28)*('Conteo 18-02-26'!A:A:'Conteo 18-02-26'!$A:$A="Roosvelt"),0)),"")} | E28: =+IF(E27="LK","CH",IF(D28="","",IF(D28>0,"LK","CH"))) | F28: =+IF(OR(E28="LK"),ROUNDUP(D28*(VLOOKUP(B28,'Conteo 18-02-26'!$E:$AN,35,0))/100,0),IF(E28="CH",D27-F27,""))
E29: =+IF(E28="LK","CH",IF(D29="","",IF(D29>0,"LK","CH"))) | F29: =+IF(OR(E29="LK"),ROUNDUP(D29*(VLOOKUP(B29,'Conteo 18-02-26'!$E:$AN,35,0))/100,0),IF(E29="CH",D28-F28,""))
A30: {=+IFERROR(INDEX('Conteo 18-02-26'!$B:$B,MATCH(1,('Conteo 18-02-26'!$E:$E=$B30)*('Conteo 18-02-26'!$A:$A="Roosvelt"),0)),"")} | B30: =+B28+1 -> 9 | C30: {=+IFERROR(INDEX('Conteo 18-02-26'!$C:$C,MATCH(1,('Conteo 18-02-26'!$E:$E=$B30)*('Conteo 18-02-26'!$A:$A="Roosvelt"),0)),"")} | D30: {=+IFERROR(INDEX('Conteo 18-02-26'!$D:$D,MATCH(1,('Conteo 18-02-26'!$E:$E=$B30)*('Conteo 18-02-26'!A:A:'Conteo 18-02-26'!$A:$A="Roosvelt"),0)),"")} | E30: =+IF(E29="LK","CH",IF(D30="","",IF(D30>0,"LK","CH"))) | F30: =+IF(OR(E30="LK"),ROUNDUP(D30*(VLOOKUP(B30,'Conteo 18-02-26'!$E:$AN,35,0))/100,0),IF(E30="CH",D29-F29,""))
E31: =+IF(E30="LK","CH",IF(D31="","",IF(D31>0,"LK","CH"))) | F31: =+IF(OR(E31="LK"),ROUNDUP(D31*(VLOOKUP(B31,'Conteo 18-02-26'!$E:$AN,35,0))/100,0),IF(E31="CH",D30-F30,""))
A32: {=+IFERROR(INDEX('Conteo 18-02-26'!$B:$B,MATCH(1,('Conteo 18-02-26'!$E:$E=$B32)*('Conteo 18-02-26'!$A:$A="Roosvelt"),0)),"")} | B32: =+B30+1 -> 10 | C32: {=+IFERROR(INDEX('Conteo 18-02-26'!$C:$C,MATCH(1,('Conteo 18-02-26'!$E:$E=$B32)*('Conteo 18-02-26'!$A:$A="Roosvelt"),0)),"")} | D32: {=+IFERROR(INDEX('Conteo 18-02-26'!$D:$D,MATCH(1,('Conteo 18-02-26'!$E:$E=$B32)*('Conteo 18-02-26'!A:A:'Conteo 18-02-26'!$A:$A="Roosvelt"),0)),"")} | E32: =+IF(E31="LK","CH",IF(D32="","",IF(D32>0,"LK","CH"))) | F32: =+IF(OR(E32="LK"),ROUNDUP(D32*(VLOOKUP(B32,'Conteo 18-02-26'!$E:$AN,35,0))/100,0),IF(E32="CH",D31-F31,""))
E33: =+IF(E32="LK","CH",IF(D33="","",IF(D33>0,"LK","CH"))) | F33: =+IF(OR(E33="LK"),ROUNDUP(D33*(VLOOKUP(B33,'Conteo 18-02-26'!$E:$AN,35,0))/100,0),IF(E33="CH",D32-F32,""))
A34: {=+IFERROR(INDEX('Conteo 18-02-26'!$B:$B,MATCH(1,('Conteo 18-02-26'!$E:$E=$B34)*('Conteo 18-02-26'!$A:$A="Roosvelt"),0)),"")} | B34: =+B32+1 -> 11 | C34: {=+IFERROR(INDEX('Conteo 18-02-26'!$C:$C,MATCH(1,('Conteo 18-02-26'!$E:$E=$B34)*('Conteo 18-02-26'!$A:$A="Roosvelt"),0)),"")} | D34: {=+IFERROR(INDEX('Conteo 18-02-26'!$D:$D,MATCH(1,('Conteo 18-02-26'!$E:$E=$B34)*('Conteo 18-02-26'!A:A:'Conteo 18-02-26'!$A:$A="Roosvelt"),0)),"")} | E34: =+IF(E33="LK","CH",IF(D34="","",IF(D34>0,"LK","CH"))) | F34: =+IF(OR(E34="LK"),ROUNDUP(D34*(VLOOKUP(B34,'Conteo 18-02-26'!$E:$AN,35,0))/100,0),IF(E34="CH",D33-F33,""))
E35: =+IF(E34="LK","CH",IF(D35="","",IF(D35>0,"LK","CH"))) | F35: =+IF(OR(E35="LK"),ROUNDUP(D35*(VLOOKUP(B35,'Conteo 18-02-26'!$E:$AN,35,0))/100,0),IF(E35="CH",D34-F34,""))
A36: {=+IFERROR(INDEX('Conteo 18-02-26'!$B:$B,MATCH(1,('Conteo 18-02-26'!$E:$E=$B36)*('Conteo 18-02-26'!$A:$A="Roosvelt"),0)),"")} | B36: =+B34+1 -> 12 | C36: {=+IFERROR(INDEX('Conteo 18-02-26'!$C:$C,MATCH(1,('Conteo 18-02-26'!$E:$E=$B36)*('Conteo 18-02-26'!$A:$A="Roosvelt"),0)),"")} | D36: {=+IFERROR(INDEX('Conteo 18-02-26'!$D:$D,MATCH(1,('Conteo 18-02-26'!$E:$E=$B36)*('Conteo 18-02-26'!A:A:'Conteo 18-02-26'!$A:$A="Roosvelt"),0)),"")} | E36: =+IF(E35="LK","CH",IF(D36="","",IF(D36>0,"LK","CH"))) | F36: =+IF(OR(E36="LK"),ROUNDUP(D36*(VLOOKUP(B36,'Conteo 18-02-26'!$E:$AN,35,0))/100,0),IF(E36="CH",D35-F35,""))
E37: =+IF(E36="LK","CH",IF(D37="","",IF(D37>0,"LK","CH"))) | F37: =+IF(OR(E37="LK"),ROUNDUP(D37*(VLOOKUP(B37,'Conteo 18-02-26'!$E:$AN,35,0))/100,0),IF(E37="CH",D36-F36,""))
A38: {=+IFERROR(INDEX('Conteo 18-02-26'!$B:$B,MATCH(1,('Conteo 18-02-26'!$E:$E=$B38)*('Conteo 18-02-26'!$A:$A="Roosvelt"),0)),"")} | B38: =+B36+1 -> 13 | C38: {=+IFERROR(INDEX('Conteo 18-02-26'!$C:$C,MATCH(1,('Conteo 18-02-26'!$E:$E=$B38)*('Conteo 18-02-26'!$A:$A="Roosvelt"),0)),"")} | D38: {=+IFERROR(INDEX('Conteo 18-02-26'!$D:$D,MATCH(1,('Conteo 18-02-26'!$E:$E=$B38)*('Conteo 18-02-26'!A:A:'Conteo 18-02-26'!$A:$A="Roosvelt"),0)),"")} | E38: =+IF(E37="LK","CH",IF(D38="","",IF(D38>0,"LK","CH"))) | F38: =+IF(OR(E38="LK"),ROUNDUP(D38*(VLOOKUP(B38,'Conteo 18-02-26'!$E:$AN,35,0))/100,0),IF(E38="CH",D37-F37,""))
E39: =+IF(E38="LK","CH",IF(D39="","",IF(D39>0,"LK","CH"))) | F39: =+IF(OR(E39="LK"),ROUNDUP(D39*(VLOOKUP(B39,'Conteo 18-02-26'!$E:$AN,35,0))/100,0),IF(E39="CH",D38-F38,""))
A40: {=+IFERROR(INDEX('Conteo 18-02-26'!$B:$B,MATCH(1,('Conteo 18-02-26'!$E:$E=$B40)*('Conteo 18-02-26'!$A:$A="Roosvelt"),0)),"")} | B40: =+B38+1 -> 14 | C40: {=+IFERROR(INDEX('Conteo 18-02-26'!$C:$C,MATCH(1,('Conteo 18-02-26'!$E:$E=$B40)*('Conteo 18-02-26'!$A:$A="Roosvelt"),0)),"")} | D40: {=+IFERROR(INDEX('Conteo 18-02-26'!$D:$D,MATCH(1,('Conteo 18-02-26'!$E:$E=$B40)*('Conteo 18-02-26'!A:A:'Conteo 18-02-26'!$A:$A="Roosvelt"),0)),"")} | E40: =+IF(E39="LK","CH",IF(D40="","",IF(D40>0,"LK","CH"))) | F40: =+IF(OR(E40="LK"),ROUNDUP(D40*(VLOOKUP(B40,'Conteo 18-02-26'!$E:$AN,35,0))/100,0),IF(E40="CH",D39-F39,""))
E41: =+IF(E40="LK","CH",IF(D41="","",IF(D41>0,"LK","CH"))) | F41: =+IF(OR(E41="LK"),ROUNDUP(D41*(VLOOKUP(B41,'Conteo 18-02-26'!$E:$AN,35,0))/100,0),IF(E41="CH",D40-F40,""))
A42: {=+IFERROR(INDEX('Conteo 18-02-26'!$B:$B,MATCH(1,('Conteo 18-02-26'!$E:$E=$B42)*('Conteo 18-02-26'!$A:$A="Roosvelt"),0)),"")} | B42: =+B40+1 -> 15 | C42: {=+IFERROR(INDEX('Conteo 18-02-26'!$C:$C,MATCH(1,('Conteo 18-02-26'!$E:$E=$B42)*('Conteo 18-02-26'!$A:$A="Roosvelt"),0)),"")} | D42: {=+IFERROR(INDEX('Conteo 18-02-26'!$D:$D,MATCH(1,('Conteo 18-02-26'!$E:$E=$B42)*('Conteo 18-02-26'!A:A:'Conteo 18-02-26'!$A:$A="Roosvelt"),0)),"")} | E42: =+IF(E41="LK","CH",IF(D42="","",IF(D42>0,"LK","CH"))) | F42: =+IF(OR(E42="LK"),ROUNDUP(D42*(VLOOKUP(B42,'Conteo 18-02-26'!$E:$AN,35,0))/100,0),IF(E42="CH",D41-F41,""))
E43: =+IF(E42="LK","CH",IF(D43="","",IF(D43>0,"LK","CH"))) | F43: =+IF(OR(E43="LK"),ROUNDUP(D43*(VLOOKUP(B43,'Conteo 18-02-26'!$E:$AN,35,0))/100,0),IF(E43="CH",D42-F42,""))

Sheet O.C. Resortes Charcas
A1: Loekemeyer Hnos. S.R.L | F1: Chef SRL
A2: CUIT: | C2: 30-51584245-0 | F2: CUIT: | H2: 30-68575625-7
A3: DIRECCION: | C3: Cervantes 2868 | F3: DIRECCION: | H3: Virgilio 2788
A4: LOCALIDAD: | C4: Villa Devoto, CABA | F4: LOCALIDAD: | H4: Villa Real, CABA
A6: ORDEN DE COMPRA | F6: FECHA PEDIDO: | I6: =+TODAY() -> 46099
A8: RAZON SOCIAL: | C8: BARDONESCHI HERNAN | D8: COD PROV: | E8: 3605 | F8: ENTREGA EN: | I8: Cervantes 2868
A10: FACTURAR Loekemeyer 70% Chef 30%
A12: ESTE PEDIDO ANULA CUALQUIER PEDIDO ANTERIOR
A13: Cód ISIS | B13: N° Ord | C13: Descripcion Material | D13: Pedido KG | E13: Emp | F13: KG a FC | G13: Fecha Pos Ent | H13: Fecha Ent | I13: Kg Ent | J13: Fecha Ent | K13: Kg Ent | L13: Fecha Ent | M13: Kg Ent
A14: {=+IFERROR(INDEX('Conteo 18-02-26'!$B:$B,MATCH(1,('Conteo 18-02-26'!$E:$E=$B14)*('Conteo 18-02-26'!$A:$A="Charcas"),0)),"")} -> 1111500 | B14: 1 | C14: {=+IFERROR(INDEX('Conteo 18-02-26'!$C:$C,MATCH(1,('Conteo 18-02-26'!$E:$E=$B14)*('Conteo 18-02-26'!$A:$A="Charcas"),0)),"")} -> Resorte p/ Bombilla Crudo | D14: {=+IFERROR(INDEX('Conteo 18-02-26'!$D:$D,MATCH(1,('Conteo 18-02-26'!$E:$E=$B14)*('Conteo 18-02-26'!A:A:'Conteo 18-02-26'!$A:$A="Charcas"),0)),"")} -> 20000 | E14: =+IF(E13="LK","CH",IF(D14="","",IF(D14>0,"LK","CH"))) -> LK | F14: =+IF(OR(E14="LK"),ROUNDUP(D14*(VLOOKUP(B14,'Conteo 18-02-26'!$E:$AN,35,0))/100,0),IF(E14="CH",D13-F13,"")) -> 14000
E15: =+IF(E14="LK","CH",IF(D15="","",IF(D15>0,"LK","CH"))) -> CH | F15: =+IF(OR(E15="LK"),ROUNDUP(D15*(VLOOKUP(B15,'Conteo 18-02-26'!$E:$AN,35,0))/100,0),IF(E15="CH",D14-F14,"")) -> 6000
A16: {=+IFERROR(INDEX('Conteo 18-02-26'!$B:$B,MATCH(1,('Conteo 18-02-26'!$E:$E=$B16)*('Conteo 18-02-26'!$A:$A="Charcas"),0)),"")} | B16: =+B14+1 -> 2 | C16: {=+IFERROR(INDEX('Conteo 18-02-26'!$C:$C,MATCH(1,('Conteo 18-02-26'!$E:$E=$B16)*('Conteo 18-02-26'!$A:$A="Charcas"),0)),"")} | D16: {=+IFERROR(INDEX('Conteo 18-02-26'!$D:$D,MATCH(1,('Conteo 18-02-26'!$E:$E=$B16)*('Conteo 18-02-26'!A:A:'Conteo 18-02-26'!$A:$A="Charcas"),0)),"")} | E16: =+IF(E15="LK","CH",IF(D16="","",IF(D16>0,"LK","CH"))) | F16: =+IF(OR(E16="LK"),ROUNDUP(D16*(VLOOKUP(B16,'Conteo 18-02-26'!$E:$AN,35,0))/100,0),IF(E16="CH",D15-F15,""))
E17: =+IF(E16="LK","CH",IF(D17="","",IF(D17>0,"LK","CH"))) | F17: =+IF(OR(E17="LK"),ROUNDUP(D17*(VLOOKUP(B17,'Conteo 18-02-26'!$E:$AN,35,0))/100,0),IF(E17="CH",D16-F16,""))
A18: {=+IFERROR(INDEX('Conteo 18-02-26'!$B:$B,MATCH(1,('Conteo 18-02-26'!$E:$E=$B18)*('Conteo 18-02-26'!$A:$A="Charcas"),0)),"")} | B18: =+B16+1 -> 3 | C18: {=+IFERROR(INDEX('Conteo 18-02-26'!$C:$C,MATCH(1,('Conteo 18-02-26'!$E:$E=$B18)*('Conteo 18-02-26'!$A:$A="Charcas"),0)),"")} | D18: {=+IFERROR(INDEX('Conteo 18-02-26'!$D:$D,MATCH(1,('Conteo 18-02-26'!$E:$E=$B18)*('Conteo 18-02-26'!A:A:'Conteo 18-02-26'!$A:$A="Charcas"),0)),"")} | E18: =+IF(E17="LK","CH",IF(D18="","",IF(D18>0,"LK","CH"))) | F18: =+IF(OR(E18="LK"),ROUNDUP(D18*(VLOOKUP(B18,'Conteo 18-02-26'!$E:$AN,35,0))/100,0),IF(E18="CH",D17-F17,""))
E19: =+IF(E18="LK","CH",IF(D19="","",IF(D19>0,"LK","CH"))) | F19: =+IF(OR(E19="LK"),ROUNDUP(D19*(VLOOKUP(B19,'Conteo 18-02-26'!$E:$AN,35,0))/100,0),IF(E19="CH",D18-F18,""))
A20: {=+IFERROR(INDEX('Conteo 18-02-26'!$B:$B,MATCH(1,('Conteo 18-02-26'!$E:$E=$B20)*('Conteo 18-02-26'!$A:$A="Charcas"),0)),"")} | B20: =+B18+1 -> 4 | C20: {=+IFERROR(INDEX('Conteo 18-02-26'!$C:$C,MATCH(1,('Conteo 18-02-26'!$E:$E=$B20)*('Conteo 18-02-26'!$A:$A="Charcas"),0)),"")} | D20: {=+IFERROR(INDEX('Conteo 18-02-26'!$D:$D,MATCH(1,('Conteo 18-02-26'!$E:$E=$B20)*('Conteo 18-02-26'!A:A:'Conteo 18-02-26'!$A:$A="Charcas"),0)),"")} | E20: =+IF(E19="LK","CH",IF(D20="","",IF(D20>0,"LK","CH"))) | F20: =+IF(OR(E20="LK"),ROUNDUP(D20*(VLOOKUP(B20,'Conteo 18-02-26'!$E:$AN,35,0))/100,0),IF(E20="CH",D19-F19,""))
E21: =+IF(E20="LK","CH",IF(D21="","",IF(D21>0,"LK","CH"))) | F21: =+IF(OR(E21="LK"),ROUNDUP(D21*(VLOOKUP(B21,'Conteo 18-02-26'!$E:$AN,35,0))/100,0),IF(E21="CH",D20-F20,""))
A22: {=+IFERROR(INDEX('Conteo 18-02-26'!$B:$B,MATCH(1,('Conteo 18-02-26'!$E:$E=$B22)*('Conteo 18-02-26'!$A:$A="Charcas"),0)),"")} | B22: =+B20+1 -> 5 | C22: {=+IFERROR(INDEX('Conteo 18-02-26'!$C:$C,MATCH(1,('Conteo 18-02-26'!$E:$E=$B22)*('Conteo 18-02-26'!$A:$A="Charcas"),0)),"")} | D22: {=+IFERROR(INDEX('Conteo 18-02-26'!$D:$D,MATCH(1,('Conteo 18-02-26'!$E:$E=$B22)*('Conteo 18-02-26'!A:A:'Conteo 18-02-26'!$A:$A="Charcas"),0)),"")} | E22: =+IF(E21="LK","CH",IF(D22="","",IF(D22>0,"LK","CH"))) | F22: =+IF(OR(E22="LK"),ROUNDUP(D22*(VLOOKUP(B22,'Conteo 18-02-26'!$E:$AN,35,0))/100,0),IF(E22="CH",D21-F21,""))
E23: =+IF(E22="LK","CH",IF(D23="","",IF(D23>0,"LK","CH"))) | F23: =+IF(OR(E23="LK"),ROUNDUP(D23*(VLOOKUP(B23,'Conteo 18-02-26'!$E:$AN,35,0))/100,0),IF(E23="CH",D22-F22,""))
A24: {=+IFERROR(INDEX('Conteo 18-02-26'!$B:$B,MATCH(1,('Conteo 18-02-26'!$E:$E=$B24)*('Conteo 18-02-26'!$A:$A="Charcas"),0)),"")} | B24: =+B22+1 -> 6 | C24: {=+IFERROR(INDEX('Conteo 18-02-26'!$C:$C,MATCH(1,('Conteo 18-02-26'!$E:$E=$B24)*('Conteo 18-02-26'!$A:$A="Charcas"),0)),"")} | D24: {=+IFERROR(INDEX('Conteo 18-02-26'!$D:$D,MATCH(1,('Conteo 18-02-26'!$E:$E=$B24)*('Conteo 18-02-26'!A:A:'Conteo 18-02-26'!$A:$A="Charcas"),0)),"")} | E24: =+IF(E23="LK","CH",IF(D24="","",IF(D24>0,"LK","CH"))) | F24: =+IF(OR(E24="LK"),ROUNDUP(D24*(VLOOKUP(B24,'Conteo 18-02-26'!$E:$AN,35,0))/100,0),IF(E24="CH",D23-F23,""))
E25: =+IF(E24="LK","CH",IF(D25="","",IF(D25>0,"LK","CH"))) | F25: =+IF(OR(E25="LK"),ROUNDUP(D25*(VLOOKUP(B25,'Conteo 18-02-26'!$E:$AN,35,0))/100,0),IF(E25="CH",D24-F24,""))
A26: {=+IFERROR(INDEX('Conteo 18-02-26'!$B:$B,MATCH(1,('Conteo 18-02-26'!$E:$E=$B26)*('Conteo 18-02-26'!$A:$A="Charcas"),0)),"")} | B26: =+B24+1 -> 7 | C26: {=+IFERROR(INDEX('Conteo 18-02-26'!$C:$C,MATCH(1,('Conteo 18-02-26'!$E:$E=$B26)*('Conteo 18-02-26'!$A:$A="Charcas"),0)),"")} | D26: {=+IFERROR(INDEX('Conteo 18-02-26'!$D:$D,MATCH(1,('Conteo 18-02-26'!$E:$E=$B26)*('Conteo 18-02-26'!A:A:'Conteo 18-02-26'!$A:$A="Charcas"),0)),"")} | E26: =+IF(E25="LK","CH",IF(D26="","",IF(D26>0,"LK","CH"))) | F26: =+IF(OR(E26="LK"),ROUNDUP(D26*(VLOOKUP(B26,'Conteo 18-02-26'!$E:$AN,35,0))/100,0),IF(E26="CH",D25-F25,""))
E27: =+IF(E26="LK","CH",IF(D27="","",IF(D27>0,"LK","CH"))) | F27: =+IF(OR(E27="LK"),ROUNDUP(D27*(VLOOKUP(B27,'Conteo 18-02-26'!$E:$AN,35,0))/100,0),IF(E27="CH",D26-F26,""))
A28: {=+IFERROR(INDEX('Conteo 18-02-26'!$B:$B,MATCH(1,('Conteo 18-02-26'!$E:$E=$B28)*('Conteo 18-02-26'!$A:$A="Charcas"),0)),"")} | B28: =+B26+1 -> 8 | C28: {=+IFERROR(INDEX('Conteo 18-02-26'!$C:$C,MATCH(1,('Conteo 18-02-26'!$E:$E=$B28)*('Conteo 18-02-26'!$A:$A="Charcas"),0)),"")} | D28: {=+IFERROR(INDEX('Conteo 18-02-26'!$D:$D,MATCH(1,('Conteo 18-02-26'!$E:$E=$B28)*('Conteo 18-02-26'!A:A:'Conteo 18-02-26'!$A:$A="Charcas"),0)),"")} | E28: =+IF(E27="LK","CH",IF(D28="","",IF(D28>0,"LK","CH"))) | F28: =+IF(OR(E28="LK"),ROUNDUP(D28*(VLOOKUP(B28,'Conteo 18-02-26'!$E:$AN,35,0))/100,0),IF(E28="CH",D27-F27,""))
E29: =+IF(E28="LK","CH",IF(D29="","",IF(D29>0,"LK","CH"))) | F29: =+IF(OR(E29="LK"),ROUNDUP(D29*(VLOOKUP(B29,'Conteo 18-02-26'!$E:$AN,35,0))/100,0),IF(E29="CH",D28-F28,""))
A30: {=+IFERROR(INDEX('Conteo 18-02-26'!$B:$B,MATCH(1,('Conteo 18-02-26'!$E:$E=$B30)*('Conteo 18-02-26'!$A:$A="Charcas"),0)),"")} | B30: =+B28+1 -> 9 | C30: {=+IFERROR(INDEX('Conteo 18-02-26'!$C:$C,MATCH(1,('Conteo 18-02-26'!$E:$E=$B30)*('Conteo 18-02-26'!$A:$A="Charcas"),0)),"")} | D30: {=+IFERROR(INDEX('Conteo 18-02-26'!$D:$D,MATCH(1,('Conteo 18-02-26'!$E:$E=$B30)*('Conteo 18-02-26'!A:A:'Conteo 18-02-26'!$A:$A="Charcas"),0)),"")} | E30: =+IF(E29="LK","CH",IF(D30="","",IF(D30>0,"LK","CH"))) | F30: =+IF(OR(E30="LK"),ROUNDUP(D30*(VLOOKUP(B30,'Conteo 18-02-26'!$E:$AN,35,0))/100,0),IF(E30="CH",D29-F29,""))
E31: =+IF(E30="LK","CH",IF(D31="","",IF(D31>0,"LK","CH"))) | F31: =+IF(OR(E31="LK"),ROUNDUP(D31*(VLOOKUP(B31,'Conteo 18-02-26'!$E:$AN,35,0))/100,0),IF(E31="CH",D30-F30,""))
A32: {=+IFERROR(INDEX('Conteo 18-02-26'!$B:$B,MATCH(1,('Conteo 18-02-26'!$E:$E=$B32)*('Conteo 18-02-26'!$A:$A="Charcas"),0)),"")} | B32: =+B30+1 -> 10 | C32: {=+IFERROR(INDEX('Conteo 18-02-26'!$C:$C,MATCH(1,('Conteo 18-02-26'!$E:$E=$B32)*('Conteo 18-02-26'!$A:$A="Charcas"),0)),"")} | D32: {=+IFERROR(INDEX('Conteo 18-02-26'!$D:$D,MATCH(1,('Conteo 18-02-26'!$E:$E=$B32)*('Conteo 18-02-26'!A:A:'Conteo 18-02-26'!$A:$A="Charcas"),0)),"")} | E32: =+IF(E31="LK","CH",IF(D32="","",IF(D32>0,"LK","CH"))) | F32: =+IF(OR(E32="LK"),ROUNDUP(D32*(VLOOKUP(B32,'Conteo 18-02-26'!$E:$AN,35,0))/100,0),IF(E32="CH",D31-F31,""))
E33: =+IF(E32="LK","CH",IF(D33="","",IF(D33>0,"LK","CH"))) | F33: =+IF(OR(E33="LK"),ROUNDUP(D33*(VLOOKUP(B33,'Conteo 18-02-26'!$E:$AN,35,0))/100,0),IF(E33="CH",D32-F32,""))
A34: {=+IFERROR(INDEX('Conteo 18-02-26'!$B:$B,MATCH(1,('Conteo 18-02-26'!$E:$E=$B34)*('Conteo 18-02-26'!$A:$A="Charcas"),0)),"")} | B34: =+B32+1 -> 11 | C34: {=+IFERROR(INDEX('Conteo 18-02-26'!$C:$C,MATCH(1,('Conteo 18-02-26'!$E:$E=$B34)*('Conteo 18-02-26'!$A:$A="Charcas"),0)),"")} | D34: {=+IFERROR(INDEX('Conteo 18-02-26'!$D:$D,MATCH(1,('Conteo 18-02-26'!$E:$E=$B34)*('Conteo 18-02-26'!A:A:'Conteo 18-02-26'!$A:$A="Charcas"),0)),"")} | E34: =+IF(E33="LK","CH",IF(D34="","",IF(D34>0,"LK","CH"))) | F34: =+IF(OR(E34="LK"),ROUNDUP(D34*(VLOOKUP(B34,'Conteo 18-02-26'!$E:$AN,35,0))/100,0),IF(E34="CH",D33-F33,""))
E35: =+IF(E34="LK","CH",IF(D35="","",IF(D35>0,"LK","CH"))) | F35: =+IF(OR(E35="LK"),ROUNDUP(D35*(VLOOKUP(B35,'Conteo 18-02-26'!$E:$AN,35,0))/100,0),IF(E35="CH",D34-F34,""))
A36: {=+IFERROR(INDEX('Conteo 18-02-26'!$B:$B,MATCH(1,('Conteo 18-02-26'!$E:$E=$B36)*('Conteo 18-02-26'!$A:$A="Charcas"),0)),"")} | B36: =+B34+1 -> 12 | C36: {=+IFERROR(INDEX('Conteo 18-02-26'!$C:$C,MATCH(1,('Conteo 18-02-26'!$E:$E=$B36)*('Conteo 18-02-26'!$A:$A="Charcas"),0)),"")} | D36: {=+IFERROR(INDEX('Conteo 18-02-26'!$D:$D,MATCH(1,('Conteo 18-02-26'!$E:$E=$B36)*('Conteo 18-02-26'!A:A:'Conteo 18-02-26'!$A:$A="Charcas"),0)),"")} | E36: =+IF(E35="LK","CH",IF(D36="","",IF(D36>0,"LK","CH"))) | F36: =+IF(OR(E36="LK"),ROUNDUP(D36*(VLOOKUP(B36,'Conteo 18-02-26'!$E:$AN,35,0))/100,0),IF(E36="CH",D35-F35,""))
E37: =+IF(E36="LK","CH",IF(D37="","",IF(D37>0,"LK","CH"))) | F37: =+IF(OR(E37="LK"),ROUNDUP(D37*(VLOOKUP(B37,'Conteo 18-02-26'!$E:$AN,35,0))/100,0),IF(E37="CH",D36-F36,""))
A38: {=+IFERROR(INDEX('Conteo 18-02-26'!$B:$B,MATCH(1,('Conteo 18-02-26'!$E:$E=$B38)*('Conteo 18-02-26'!$A:$A="Charcas"),0)),"")} | B38: =+B36+1 -> 13 | C38: {=+IFERROR(INDEX('Conteo 18-02-26'!$C:$C,MATCH(1,('Conteo 18-02-26'!$E:$E=$B38)*('Conteo 18-02-26'!$A:$A="Charcas"),0)),"")} | D38: {=+IFERROR(INDEX('Conteo 18-02-26'!$D:$D,MATCH(1,('Conteo 18-02-26'!$E:$E=$B38)*('Conteo 18-02-26'!A:A:'Conteo 18-02-26'!$A:$A="Charcas"),0)),"")} | E38: =+IF(E37="LK","CH",IF(D38="","",IF(D38>0,"LK","CH"))) | F38: =+IF(OR(E38="LK"),ROUNDUP(D38*(VLOOKUP(B38,'Conteo 18-02-26'!$E:$AN,35,0))/100,0),IF(E38="CH",D37-F37,""))
E39: =+IF(E38="LK","CH",IF(D39="","",IF(D39>0,"LK","CH"))) | F39: =+IF(OR(E39="LK"),ROUNDUP(D39*(VLOOKUP(B39,'Conteo 18-02-26'!$E:$AN,35,0))/100,0),IF(E39="CH",D38-F38,""))
A40: {=+IFERROR(INDEX('Conteo 18-02-26'!$B:$B,MATCH(1,('Conteo 18-02-26'!$E:$E=$B40)*('Conteo 18-02-26'!$A:$A="Charcas"),0)),"")} | B40: =+B38+1 -> 14 | C40: {=+IFERROR(INDEX('Conteo 18-02-26'!$C:$C,MATCH(1,('Conteo 18-02-26'!$E:$E=$B40)*('Conteo 18-02-26'!$A:$A="Charcas"),0)),"")} | D40: {=+IFERROR(INDEX('Conteo 18-02-26'!$D:$D,MATCH(1,('Conteo 18-02-26'!$E:$E=$B40)*('Conteo 18-02-26'!A:A:'Conteo 18-02-26'!$A:$A="Charcas"),0)),"")} | E40: =+IF(E39="LK","CH",IF(D40="","",IF(D40>0,"LK","CH"))) | F40: =+IF(OR(E40="LK"),ROUNDUP(D40*(VLOOKUP(B40,'Conteo 18-02-26'!$E:$AN,35,0))/100,0),IF(E40="CH",D39-F39,""))
E41: =+IF(E40="LK","CH",IF(D41="","",IF(D41>0,"LK","CH"))) | F41: =+IF(OR(E41="LK"),ROUNDUP(D41*(VLOOKUP(B41,'Conteo 18-02-26'!$E:$AN,35,0))/100,0),IF(E41="CH",D40-F40,""))
A42: {=+IFERROR(INDEX('Conteo 18-02-26'!$B:$B,MATCH(1,('Conteo 18-02-26'!$E:$E=$B42)*('Conteo 18-02-26'!$A:$A="Charcas"),0)),"")} | B42: =+B40+1 -> 15 | C42: {=+IFERROR(INDEX('Conteo 18-02-26'!$C:$C,MATCH(1,('Conteo 18-02-26'!$E:$E=$B42)*('Conteo 18-02-26'!$A:$A="Charcas"),0)),"")} | D42: {=+IFERROR(INDEX('Conteo 18-02-26'!$D:$D,MATCH(1,('Conteo 18-02-26'!$E:$E=$B42)*('Conteo 18-02-26'!A:A:'Conteo 18-02-26'!$A:$A="Charcas"),0)),"")} | E42: =+IF(E41="LK","CH",IF(D42="","",IF(D42>0,"LK","CH"))) | F42: =+IF(OR(E42="LK"),ROUNDUP(D42*(VLOOKUP(B42,'Conteo 18-02-26'!$E:$AN,35,0))/100,0),IF(E42="CH",D41-F41,""))
E43: =+IF(E42="LK","CH",IF(D43="","",IF(D43>0,"LK","CH"))) | F43: =+IF(OR(E43="LK"),ROUNDUP(D43*(VLOOKUP(B43,'Conteo 18-02-26'!$E:$AN,35,0))/100,0),IF(E43="CH",D42-F42,""))

Sheet O.C. Colodis Kufo
A1: Loekemeyer Hnos. S.R.L | F1: Chef SRL
A2: CUIT: | C2: 30-51584245-0 | F2: CUIT: | H2: 30-68575625-7
A3: DIRECCION: | C3: Cervantes 2868 | F3: DIRECCION: | H3: Virgilio 2788
A4: LOCALIDAD: | C4: Villa Devoto, CABA | F4: LOCALIDAD: | H4: Villa Real, CABA
A6: ORDEN DE COMPRA | F6: FECHA PEDIDO: | I6: =+TODAY() -> 46099
A8: RAZON SOCIAL: | C8: ALIMENTOS Y BEBIDAS CONGRESO | D8: COD PROV: | E8: 4309 | F8: ENTREGA EN: | I8: Cervantes 2868
A10: FACTURAR Loekemeyer 70% Chef 30%
A12: ESTE PEDIDO ANULA CUALQUIER PEDIDO ANTERIOR
A13: Cód ISIS | B13: N° Ord | C13: Descripcion Material | D13: Pedido KG | E13: Emp | F13: KG a FC | G13: Fecha Pos Ent | H13: Fecha Ent | I13: Kg Ent | J13: Fecha Ent | K13: Kg Ent | L13: Fecha Ent | M13: Kg Ent
A14: {=+IFERROR(INDEX('Conteo 18-02-26'!$B:$B,MATCH(1,('Conteo 18-02-26'!$E:$E=$B14)*('Conteo 18-02-26'!$A:$A="Kufo"),0)),"")} | B14: 1 | C14: {=+IFERROR(INDEX('Conteo 18-02-26'!$C:$C,MATCH(1,('Conteo 18-02-26'!$E:$E=$B14)*('Conteo 18-02-26'!$A:$A="Kufo"),0)),"")} | D14: {=+IFERROR(INDEX('Conteo 18-02-26'!$D:$D,MATCH(1,('Conteo 18-02-26'!$E:$E=$B14)*('Conteo 18-02-26'!A:A:'Conteo 18-02-26'!$A:$A="Kufo"),0)),"")} | E14: =+IF(E13="LK","CH",IF(D14="","",IF(D14>0,"LK","CH"))) | F14: =+IF(OR(E14="LK"),ROUNDUP(D14*(VLOOKUP(B14,'Conteo 18-02-26'!$E:$AN,35,0))/100,0),IF(E14="CH",D13-F13,""))
E15: =+IF(E14="LK","CH",IF(D15="","",IF(D15>0,"LK","CH"))) | F15: =+IF(OR(E15="LK"),ROUNDUP(D15*(VLOOKUP(B15,'Conteo 18-02-26'!$E:$AN,35,0))/100,0),IF(E15="CH",D14-F14,""))
A16: {=+IFERROR(INDEX('Conteo 18-02-26'!$B:$B,MATCH(1,('Conteo 18-02-26'!$E:$E=$B16)*('Conteo 18-02-26'!$A:$A="Kufo"),0)),"")} | B16: =+B14+1 -> 2 | C16: {=+IFERROR(INDEX('Conteo 18-02-26'!$C:$C,MATCH(1,('Conteo 18-02-26'!$E:$E=$B16)*('Conteo 18-02-26'!$A:$A="Kufo"),0)),"")} | D16: {=+IFERROR(INDEX('Conteo 18-02-26'!$D:$D,MATCH(1,('Conteo 18-02-26'!$E:$E=$B16)*('Conteo 18-02-26'!A:A:'Conteo 18-02-26'!$A:$A="Kufo"),0)),"")} | E16: =+IF(E15="LK","CH",IF(D16="","",IF(D16>0,"LK","CH"))) | F16: =+IF(OR(E16="LK"),ROUNDUP(D16*(VLOOKUP(B16,'Conteo 18-02-26'!$E:$AN,35,0))/100,0),IF(E16="CH",D15-F15,""))
E17: =+IF(E16="LK","CH",IF(D17="","",IF(D17>0,"LK","CH"))) | F17: =+IF(OR(E17="LK"),ROUNDUP(D17*(VLOOKUP(B17,'Conteo 18-02-26'!$E:$AN,35,0))/100,0),IF(E17="CH",D16-F16,""))
A18: {=+IFERROR(INDEX('Conteo 18-02-26'!$B:$B,MATCH(1,('Conteo 18-02-26'!$E:$E=$B18)*('Conteo 18-02-26'!$A:$A="Kufo"),0)),"")} | B18: =+B16+1 -> 3 | C18: {=+IFERROR(INDEX('Conteo 18-02-26'!$C:$C,MATCH(1,('Conteo 18-02-26'!$E:$E=$B18)*('Conteo 18-02-26'!$A:$A="Kufo"),0)),"")} | D18: {=+IFERROR(INDEX('Conteo 18-02-26'!$D:$D,MATCH(1,('Conteo 18-02-26'!$E:$E=$B18)*('Conteo 18-02-26'!A:A:'Conteo 18-02-26'!$A:$A="Kufo"),0)),"")} | E18: =+IF(E17="LK","CH",IF(D18="","",IF(D18>0,"LK","CH"))) | F18: =+IF(OR(E18="LK"),ROUNDUP(D18*(VLOOKUP(B18,'Conteo 18-02-26'!$E:$AN,35,0))/100,0),IF(E18="CH",D17-F17,""))
E19: =+IF(E18="LK","CH",IF(D19="","",IF(D19>0,"LK","CH"))) | F19: =+IF(OR(E19="LK"),ROUNDUP(D19*(VLOOKUP(B19,'Conteo 18-02-26'!$E:$AN,35,0))/100,0),IF(E19="CH",D18-F18,""))
A20: {=+IFERROR(INDEX('Conteo 18-02-26'!$B:$B,MATCH(1,('Conteo 18-02-26'!$E:$E=$B20)*('Conteo 18-02-26'!$A:$A="Kufo"),0)),"")} | B20: =+B18+1 -> 4 | C20: {=+IFERROR(INDEX('Conteo 18-02-26'!$C:$C,MATCH(1,('Conteo 18-02-26'!$E:$E=$B20)*('Conteo 18-02-26'!$A:$A="Kufo"),0)),"")} | D20: {=+IFERROR(INDEX('Conteo 18-02-26'!$D:$D,MATCH(1,('Conteo 18-02-26'!$E:$E=$B20)*('Conteo 18-02-26'!A:A:'Conteo 18-02-26'!$A:$A="Kufo"),0)),"")} | E20: =+IF(E19="LK","CH",IF(D20="","",IF(D20>0,"LK","CH"))) | F20: =+IF(OR(E20="LK"),ROUNDUP(D20*(VLOOKUP(B20,'Conteo 18-02-26'!$E:$AN,35,0))/100,0),IF(E20="CH",D19-F19,""))
E21: =+IF(E20="LK","CH",IF(D21="","",IF(D21>0,"LK","CH"))) | F21: =+IF(OR(E21="LK"),ROUNDUP(D21*(VLOOKUP(B21,'Conteo 18-02-26'!$E:$AN,35,0))/100,0),IF(E21="CH",D20-F20,""))
A22: {=+IFERROR(INDEX('Conteo 18-02-26'!$B:$B,MATCH(1,('Conteo 18-02-26'!$E:$E=$B22)*('Conteo 18-02-26'!$A:$A="Kufo"),0)),"")} | B22: =+B20+1 -> 5 | C22: {=+IFERROR(INDEX('Conteo 18-02-26'!$C:$C,MATCH(1,('Conteo 18-02-26'!$E:$E=$B22)*('Conteo 18-02-26'!$A:$A="Kufo"),0)),"")} | D22: {=+IFERROR(INDEX('Conteo 18-02-26'!$D:$D,MATCH(1,('Conteo 18-02-26'!$E:$E=$B22)*('Conteo 18-02-26'!A:A:'Conteo 18-02-26'!$A:$A="Kufo"),0)),"")} | E22: =+IF(E21="LK","CH",IF(D22="","",IF(D22>0,"LK","CH"))) | F22: =+IF(OR(E22="LK"),ROUNDUP(D22*(VLOOKUP(B22,'Conteo 18-02-26'!$E:$AN,35,0))/100,0),IF(E22="CH",D21-F21,""))
E23: =+IF(E22="LK","CH",IF(D23="","",IF(D23>0,"LK","CH"))) | F23: =+IF(OR(E23="LK"),ROUNDUP(D23*(VLOOKUP(B23,'Conteo 18-02-26'!$E:$AN,35,0))/100,0),IF(E23="CH",D22-F22,""))
A24: {=+IFERROR(INDEX('Conteo 18-02-26'!$B:$B,MATCH(1,('Conteo 18-02-26'!$E:$E=$B24)*('Conteo 18-02-26'!$A:$A="Kufo"),0)),"")} | B24: =+B22+1 -> 6 | C24: {=+IFERROR(INDEX('Conteo 18-02-26'!$C:$C,MATCH(1,('Conteo 18-02-26'!$E:$E=$B24)*('Conteo 18-02-26'!$A:$A="Kufo"),0)),"")} | D24: {=+IFERROR(INDEX('Conteo 18-02-26'!$D:$D,MATCH(1,('Conteo 18-02-26'!$E:$E=$B24)*('Conteo 18-02-26'!A:A:'Conteo 18-02-26'!$A:$A="Kufo"),0)),"")} | E24: =+IF(E23="LK","CH",IF(D24="","",IF(D24>0,"LK","CH"))) | F24: =+IF(OR(E24="LK"),ROUNDUP(D24*(VLOOKUP(B24,'Conteo 18-02-26'!$E:$AN,35,0))/100,0),IF(E24="CH",D23-F23,""))
E25: =+IF(E24="LK","CH",IF(D25="","",IF(D25>0,"LK","CH"))) | F25: =+IF(OR(E25="LK"),ROUNDUP(D25*(VLOOKUP(B25,'Conteo 18-02-26'!$E:$AN,35,0))/100,0),IF(E25="CH",D24-F24,""))
A26: {=+IFERROR(INDEX('Conteo 18-02-26'!$B:$B,MATCH(1,('Conteo 18-02-26'!$E:$E=$B26)*('Conteo 18-02-26'!$A:$A="Kufo"),0)),"")} | B26: =+B24+1 -> 7 | C26: {=+IFERROR(INDEX('Conteo 18-02-26'!$C:$C,MATCH(1,('Conteo 18-02-26'!$E:$E=$B26)*('Conteo 18-02-26'!$A:$A="Kufo"),0)),"")} | D26: {=+IFERROR(INDEX('Conteo 18-02-26'!$D:$D,MATCH(1,('Conteo 18-02-26'!$E:$E=$B26)*('Conteo 18-02-26'!A:A:'Conteo 18-02-26'!$A:$A="Kufo"),0)),"")} | E26: =+IF(E25="LK","CH",IF(D26="","",IF(D26>0,"LK","CH"))) | F26: =+IF(OR(E26="LK"),ROUNDUP(D26*(VLOOKUP(B26,'Conteo 18-02-26'!$E:$AN,35,0))/100,0),IF(E26="CH",D25-F25,""))
E27: =+IF(E26="LK","CH",IF(D27="","",IF(D27>0,"LK","CH"))) | F27: =+IF(OR(E27="LK"),ROUNDUP(D27*(VLOOKUP(B27,'Conteo 18-02-26'!$E:$AN,35,0))/100,0),IF(E27="CH",D26-F26,""))
A28: {=+IFERROR(INDEX('Conteo 18-02-26'!$B:$B,MATCH(1,('Conteo 18-02-26'!$E:$E=$B28)*('Conteo 18-02-26'!$A:$A="Kufo"),0)),"")} | B28: =+B26+1 -> 8 | C28: {=+IFERROR(INDEX('Conteo 18-02-26'!$C:$C,MATCH(1,('Conteo 18-02-26'!$E:$E=$B28)*('Conteo 18-02-26'!$A:$A="Kufo"),0)),"")} | D28: {=+IFERROR(INDEX('Conteo 18-02-26'!$D:$D,MATCH(1,('Conteo 18-02-26'!$E:$E=$B28)*('Conteo 18-02-26'!A:A:'Conteo 18-02-26'!$A:$A="Kufo"),0)),"")} | E28: =+IF(E27="LK","CH",IF(D28="","",IF(D28>0,"LK","CH"))) | F28: =+IF(OR(E28="LK"),ROUNDUP(D28*(VLOOKUP(B28,'Conteo 18-02-26'!$E:$AN,35,0))/100,0),IF(E28="CH",D27-F27,""))
E29: =+IF(E28="LK","CH",IF(D29="","",IF(D29>0,"LK","CH"))) | F29: =+IF(OR(E29="LK"),ROUNDUP(D29*(VLOOKUP(B29,'Conteo 18-02-26'!$E:$AN,35,0))/100,0),IF(E29="CH",D28-F28,""))
A30: {=+IFERROR(INDEX('Conteo 18-02-26'!$B:$B,MATCH(1,('Conteo 18-02-26'!$E:$E=$B30)*('Conteo 18-02-26'!$A:$A="Kufo"),0)),"")} | B30: =+B28+1 -> 9 | C30: {=+IFERROR(INDEX('Conteo 18-02-26'!$C:$C,MATCH(1,('Conteo 18-02-26'!$E:$E=$B30)*('Conteo 18-02-26'!$A:$A="Kufo"),0)),"")} | D30: {=+IFERROR(INDEX('Conteo 18-02-26'!$D:$D,MATCH(1,('Conteo 18-02-26'!$E:$E=$B30)*('Conteo 18-02-26'!A:A:'Conteo 18-02-26'!$A:$A="Kufo"),0)),"")} | E30: =+IF(E29="LK","CH",IF(D30="","",IF(D30>0,"LK","CH"))) | F30: =+IF(OR(E30="LK"),ROUNDUP(D30*(VLOOKUP(B30,'Conteo 18-02-26'!$E:$AN,35,0))/100,0),IF(E30="CH",D29-F29,""))
E31: =+IF(E30="LK","CH",IF(D31="","",IF(D31>0,"LK","CH"))) | F31: =+IF(OR(E31="LK"),ROUNDUP(D31*(VLOOKUP(B31,'Conteo 18-02-26'!$E:$AN,35,0))/100,0),IF(E31="CH",D30-F30,""))
A32: {=+IFERROR(INDEX('Conteo 18-02-26'!$B:$B,MATCH(1,('Conteo 18-02-26'!$E:$E=$B32)*('Conteo 18-02-26'!$A:$A="Kufo"),0)),"")} | B32: =+B30+1 -> 10 | C32: {=+IFERROR(INDEX('Conteo 18-02-26'!$C:$C,MATCH(1,('Conteo 18-02-26'!$E:$E=$B32)*('Conteo 18-02-26'!$A:$A="Kufo"),0)),"")} | D32: {=+IFERROR(INDEX('Conteo 18-02-26'!$D:$D,MATCH(1,('Conteo 18-02-26'!$E:$E=$B32)*('Conteo 18-02-26'!A:A:'Conteo 18-02-26'!$A:$A="Kufo"),0)),"")} | E32: =+IF(E31="LK","CH",IF(D32="","",IF(D32>0,"LK","CH"))) | F32: =+IF(OR(E32="LK"),ROUNDUP(D32*(VLOOKUP(B32,'Conteo 18-02-26'!$E:$AN,35,0))/100,0),IF(E32="CH",D31-F31,""))
E33: =+IF(E32="LK","CH",IF(D33="","",IF(D33>0,"LK","CH"))) | F33: =+IF(OR(E33="LK"),ROUNDUP(D33*(VLOOKUP(B33,'Conteo 18-02-26'!$E:$AN,35,0))/100,0),IF(E33="CH",D32-F32,""))
A34: {=+IFERROR(INDEX('Conteo 18-02-26'!$B:$B,MATCH(1,('Conteo 18-02-26'!$E:$E=$B34)*('Conteo 18-02-26'!$A:$A="Kufo"),0)),"")} | B34: =+B32+1 -> 11 | C34: {=+IFERROR(INDEX('Conteo 18-02-26'!$C:$C,MATCH(1,('Conteo 18-02-26'!$E:$E=$B34)*('Conteo 18-02-26'!$A:$A="Kufo"),0)),"")} | D34: {=+IFERROR(INDEX('Conteo 18-02-26'!$D:$D,MATCH(1,('Conteo 18-02-26'!$E:$E=$B34)*('Conteo 18-02-26'!A:A:'Conteo 18-02-26'!$A:$A="Kufo"),0)),"")} | E34: =+IF(E33="LK","CH",IF(D34="","",IF(D34>0,"LK","CH"))) | F34: =+IF(OR(E34="LK"),ROUNDUP(D34*(VLOOKUP(B34,'Conteo 18-02-26'!$E:$AN,35,0))/100,0),IF(E34="CH",D33-F33,""))
E35: =+IF(E34="LK","CH",IF(D35="","",IF(D35>0,"LK","CH"))) | F35: =+IF(OR(E35="LK"),ROUNDUP(D35*(VLOOKUP(B35,'Conteo 18-02-26'!$E:$AN,35,0))/100,0),IF(E35="CH",D34-F34,""))
A36: {=+IFERROR(INDEX('Conteo 18-02-26'!$B:$B,MATCH(1,('Conteo 18-02-26'!$E:$E=$B36)*('Conteo 18-02-26'!$A:$A="Kufo"),0)),"")} | B36: =+B34+1 -> 12 | C36: {=+IFERROR(INDEX('Conteo 18-02-26'!$C:$C,MATCH(1,('Conteo 18-02-26'!$E:$E=$B36)*('Conteo 18-02-26'!$A:$A="Kufo"),0)),"")} | D36: {=+IFERROR(INDEX('Conteo 18-02-26'!$D:$D,MATCH(1,('Conteo 18-02-26'!$E:$E=$B36)*('Conteo 18-02-26'!A:A:'Conteo 18-02-26'!$A:$A="Kufo"),0)),"")} | E36: =+IF(E35="LK","CH",IF(D36="","",IF(D36>0,"LK","CH"))) | F36: =+IF(OR(E36="LK"),ROUNDUP(D36*(VLOOKUP(B36,'Conteo 18-02-26'!$E:$AN,35,0))/100,0),IF(E36="CH",D35-F35,""))
E37: =+IF(E36="LK","CH",IF(D37="","",IF(D37>0,"LK","CH"))) | F37: =+IF(OR(E37="LK"),ROUNDUP(D37*(VLOOKUP(B37,'Conteo 18-02-26'!$E:$AN,35,0))/100,0),IF(E37="CH",D36-F36,""))
A38: {=+IFERROR(INDEX('Conteo 18-02-26'!$B:$B,MATCH(1,('Conteo 18-02-26'!$E:$E=$B38)*('Conteo 18-02-26'!$A:$A="Kufo"),0)),"")} | B38: =+B36+1 -> 13 | C38: {=+IFERROR(INDEX('Conteo 18-02-26'!$C:$C,MATCH(1,('Conteo 18-02-26'!$E:$E=$B38)*('Conteo 18-02-26'!$A:$A="Kufo"),0)),"")} | D38: {=+IFERROR(INDEX('Conteo 18-02-26'!$D:$D,MATCH(1,('Conteo 18-02-26'!$E:$E=$B38)*('Conteo 18-02-26'!A:A:'Conteo 18-02-26'!$A:$A="Kufo"),0)),"")} | E38: =+IF(E37="LK","CH",IF(D38="","",IF(D38>0,"LK","CH"))) | F38: =+IF(OR(E38="LK"),ROUNDUP(D38*(VLOOKUP(B38,'Conteo 18-02-26'!$E:$AN,35,0))/100,0),IF(E38="CH",D37-F37,""))
E39: =+IF(E38="LK","CH",IF(D39="","",IF(D39>0,"LK","CH"))) | F39: =+IF(OR(E39="LK"),ROUNDUP(D39*(VLOOKUP(B39,'Conteo 18-02-26'!$E:$AN,35,0))/100,0),IF(E39="CH",D38-F38,""))
A40: {=+IFERROR(INDEX('Conteo 18-02-26'!$B:$B,MATCH(1,('Conteo 18-02-26'!$E:$E=$B40)*('Conteo 18-02-26'!$A:$A="Kufo"),0)),"")} | B40: =+B38+1 -> 14 | C40: {=+IFERROR(INDEX('Conteo 18-02-26'!$C:$C,MATCH(1,('Conteo 18-02-26'!$E:$E=$B40)*('Conteo 18-02-26'!$A:$A="Kufo"),0)),"")} | D40: {=+IFERROR(INDEX('Conteo 18-02-26'!$D:$D,MATCH(1,('Conteo 18-02-26'!$E:$E=$B40)*('Conteo 18-02-26'!A:A:'Conteo 18-02-26'!$A:$A="Kufo"),0)),"")} | E40: =+IF(E39="LK","CH",IF(D40="","",IF(D40>0,"LK","CH"))) | F40: =+IF(OR(E40="LK"),ROUNDUP(D40*(VLOOKUP(B40,'Conteo 18-02-26'!$E:$AN,35,0))/100,0),IF(E40="CH",D39-F39,""))
E41: =+IF(E40="LK","CH",IF(D41="","",IF(D41>0,"LK","CH"))) | F41: =+IF(OR(E41="LK"),ROUNDUP(D41*(VLOOKUP(B41,'Conteo 18-02-26'!$E:$AN,35,0))/100,0),IF(E41="CH",D40-F40,""))
A42: {=+IFERROR(INDEX('Conteo 18-02-26'!$B:$B,MATCH(1,('Conteo 18-02-26'!$E:$E=$B42)*('Conteo 18-02-26'!$A:$A="Kufo"),0)),"")} | B42: =+B40+1 -> 15 | C42: {=+IFERROR(INDEX('Conteo 18-02-26'!$C:$C,MATCH(1,('Conteo 18-02-26'!$E:$E=$B42)*('Conteo 18-02-26'!$A:$A="Kufo"),0)),"")} | D42: {=+IFERROR(INDEX('Conteo 18-02-26'!$D:$D,MATCH(1,('Conteo 18-02-26'!$E:$E=$B42)*('Conteo 18-02-26'!A:A:'Conteo 18-02-26'!$A:$A="Kufo"),0)),"")} | E42: =+IF(E41="LK","CH",IF(D42="","",IF(D42>0,"LK","CH"))) | F42: =+IF(OR(E42="LK"),ROUNDUP(D42*(VLOOKUP(B42,'Conteo 18-02-26'!$E:$AN,35,0))/100,0),IF(E42="CH",D41-F41,""))
E43: =+IF(E42="LK","CH",IF(D43="","",IF(D43>0,"LK","CH"))) | F43: =+IF(OR(E43="LK"),ROUNDUP(D43*(VLOOKUP(B43,'Conteo 18-02-26'!$E:$AN,35,0))/100,0),IF(E43="CH",D42-F42,""))

Sheet O.C. Melinox
A1: Loekemeyer Hnos. S.R.L | F1: Chef SRL
A2: CUIT: | C2: 30-51584245-0 | F2: CUIT: | H2: 30-68575625-7
A3: DIRECCION: | C3: Cervantes 2868 | F3: DIRECCION: | H3: Virgilio 2788
A4: LOCALIDAD: | C4: Villa Devoto, CABA | F4: LOCALIDAD: | H4: Villa Real, CABA
A6: ORDEN DE COMPRA | F6: FECHA PEDIDO: | I6: =+TODAY() -> 46099
A8: RAZON SOCIAL: | C8: ADOLFO GONZALEZ | D8: COD PROV: | E8: 2593 | F8: ENTREGA EN: | I8: Cervantes 2868
A10: FACTURAR Loekemeyer 70% Chef 30%
A12: ESTE PEDIDO ANULA CUALQUIER PEDIDO ANTERIOR
A13: Cód ISIS | B13: N° Ord | C13: Descripcion Material | D13: Pedido KG | E13: Emp | F13: KG a FC | G13: Fecha Pos Ent | H13: Fecha Ent | I13: Kg Ent | J13: Fecha Ent | K13: Kg Ent | L13: Fecha Ent | M13: Kg Ent
A14: {=+IFERROR(INDEX('Conteo 18-02-26'!$B:$B,MATCH(1,('Conteo 18-02-26'!$E:$E=$B14)*('Conteo 18-02-26'!$A:$A="Melinox"),0)),"")} | B14: 1 | C14: {=+IFERROR(INDEX('Conteo 18-02-26'!$C:$C,MATCH(1,('Conteo 18-02-26'!$E:$E=$B14)*('Conteo 18-02-26'!$A:$A="Melinox"),0)),"")} | D14: {=+IFERROR(INDEX('Conteo 18-02-26'!$D:$D,MATCH(1,('Conteo 18-02-26'!$E:$E=$B14)*('Conteo 18-02-26'!A:A:'Conteo 18-02-26'!$A:$A="Melinox"),0)),"")} | E14: =+IF(E13="LK","CH",IF(D14="","",IF(D14>0,"LK","CH"))) | F14: =+IF(OR(E14="LK"),ROUNDUP(D14*(VLOOKUP(B14,'Conteo 18-02-26'!$E:$AN,35,0))/100,0),IF(E14="CH",D13-F13,""))
E15: =+IF(E14="LK","CH",IF(D15="","",IF(D15>0,"LK","CH"))) | F15: =+IF(OR(E15="LK"),ROUNDUP(D15*(VLOOKUP(B15,'Conteo 18-02-26'!$E:$AN,35,0))/100,0),IF(E15="CH",D14-F14,""))
A16: {=+IFERROR(INDEX('Conteo 18-02-26'!$B:$B,MATCH(1,('Conteo 18-02-26'!$E:$E=$B16)*('Conteo 18-02-26'!$A:$A="Melinox"),0)),"")} | B16: =+B14+1 -> 2 | C16: {=+IFERROR(INDEX('Conteo 18-02-26'!$C:$C,MATCH(1,('Conteo 18-02-26'!$E:$E=$B16)*('Conteo 18-02-26'!$A:$A="Melinox"),0)),"")} | D16: {=+IFERROR(INDEX('Conteo 18-02-26'!$D:$D,MATCH(1,('Conteo 18-02-26'!$E:$E=$B16)*('Conteo 18-02-26'!A:A:'Conteo 18-02-26'!$A:$A="Melinox"),0)),"")} | E16: =+IF(E15="LK","CH",IF(D16="","",IF(D16>0,"LK","CH"))) | F16: =+IF(OR(E16="LK"),ROUNDUP(D16*(VLOOKUP(B16,'Conteo 18-02-26'!$E:$AN,35,0))/100,0),IF(E16="CH",D15-F15,""))
E17: =+IF(E16="LK","CH",IF(D17="","",IF(D17>0,"LK","CH"))) | F17: =+IF(OR(E17="LK"),ROUNDUP(D17*(VLOOKUP(B17,'Conteo 18-02-26'!$E:$AN,35,0))/100,0),IF(E17="CH",D16-F16,""))
A18: {=+IFERROR(INDEX('Conteo 18-02-26'!$B:$B,MATCH(1,('Conteo 18-02-26'!$E:$E=$B18)*('Conteo 18-02-26'!$A:$A="Melinox"),0)),"")} | B18: =+B16+1 -> 3 | C18: {=+IFERROR(INDEX('Conteo 18-02-26'!$C:$C,MATCH(1,('Conteo 18-02-26'!$E:$E=$B18)*('Conteo 18-02-26'!$A:$A="Melinox"),0)),"")} | D18: {=+IFERROR(INDEX('Conteo 18-02-26'!$D:$D,MATCH(1,('Conteo 18-02-26'!$E:$E=$B18)*('Conteo 18-02-26'!A:A:'Conteo 18-02-26'!$A:$A="Melinox"),0)),"")} | E18: =+IF(E17="LK","CH",IF(D18="","",IF(D18>0,"LK","CH"))) | F18: =+IF(OR(E18="LK"),ROUNDUP(D18*(VLOOKUP(B18,'Conteo 18-02-26'!$E:$AN,35,0))/100,0),IF(E18="CH",D17-F17,""))
E19: =+IF(E18="LK","CH",IF(D19="","",IF(D19>0,"LK","CH"))) | F19: =+IF(OR(E19="LK"),ROUNDUP(D19*(VLOOKUP(B19,'Conteo 18-02-26'!$E:$AN,35,0))/100,0),IF(E19="CH",D18-F18,""))
A20: {=+IFERROR(INDEX('Conteo 18-02-26'!$B:$B,MATCH(1,('Conteo 18-02-26'!$E:$E=$B20)*('Conteo 18-02-26'!$A:$A="Melinox"),0)),"")} | B20: =+B18+1 -> 4 | C20: {=+IFERROR(INDEX('Conteo 18-02-26'!$C:$C,MATCH(1,('Conteo 18-02-26'!$E:$E=$B20)*('Conteo 18-02-26'!$A:$A="Melinox"),0)),"")} | D20: {=+IFERROR(INDEX('Conteo 18-02-26'!$D:$D,MATCH(1,('Conteo 18-02-26'!$E:$E=$B20)*('Conteo 18-02-26'!A:A:'Conteo 18-02-26'!$A:$A="Melinox"),0)),"")} | E20: =+IF(E19="LK","CH",IF(D20="","",IF(D20>0,"LK","CH"))) | F20: =+IF(OR(E20="LK"),ROUNDUP(D20*(VLOOKUP(B20,'Conteo 18-02-26'!$E:$AN,35,0))/100,0),IF(E20="CH",D19-F19,""))
E21: =+IF(E20="LK","CH",IF(D21="","",IF(D21>0,"LK","CH"))) | F21: =+IF(OR(E21="LK"),ROUNDUP(D21*(VLOOKUP(B21,'Conteo 18-02-26'!$E:$AN,35,0))/100,0),IF(E21="CH",D20-F20,""))
A22: {=+IFERROR(INDEX('Conteo 18-02-26'!$B:$B,MATCH(1,('Conteo 18-02-26'!$E:$E=$B22)*('Conteo 18-02-26'!$A:$A="Melinox"),0)),"")} | B22: =+B20+1 -> 5 | C22: {=+IFERROR(INDEX('Conteo 18-02-26'!$C:$C,MATCH(1,('Conteo 18-02-26'!$E:$E=$B22)*('Conteo 18-02-26'!$A:$A="Melinox"),0)),"")} | D22: {=+IFERROR(INDEX('Conteo 18-02-26'!$D:$D,MATCH(1,('Conteo 18-02-26'!$E:$E=$B22)*('Conteo 18-02-26'!A:A:'Conteo 18-02-26'!$A:$A="Melinox"),0)),"")} | E22: =+IF(E21="LK","CH",IF(D22="","",IF(D22>0,"LK","CH"))) | F22: =+IF(OR(E22="LK"),ROUNDUP(D22*(VLOOKUP(B22,'Conteo 18-02-26'!$E:$AN,35,0))/100,0),IF(E22="CH",D21-F21,""))
E23: =+IF(E22="LK","CH",IF(D23="","",IF(D23>0,"LK","CH"))) | F23: =+IF(OR(E23="LK"),ROUNDUP(D23*(VLOOKUP(B23,'Conteo 18-02-26'!$E:$AN,35,0))/100,0),IF(E23="CH",D22-F22,""))
A24: {=+IFERROR(INDEX('Conteo 18-02-26'!$B:$B,MATCH(1,('Conteo 18-02-26'!$E:$E=$B24)*('Conteo 18-02-26'!$A:$A="Melinox"),0)),"")} | B24: =+B22+1 -> 6 | C24: {=+IFERROR(INDEX('Conteo 18-02-26'!$C:$C,MATCH(1,('Conteo 18-02-26'!$E:$E=$B24)*('Conteo 18-02-26'!$A:$A="Melinox"),0)),"")} | D24: {=+IFERROR(INDEX('Conteo 18-02-26'!$D:$D,MATCH(1,('Conteo 18-02-26'!$E:$E=$B24)*('Conteo 18-02-26'!A:A:'Conteo 18-02-26'!$A:$A="Melinox"),0)),"")} | E24: =+IF(E23="LK","CH",IF(D24="","",IF(D24>0,"LK","CH"))) | F24: =+IF(OR(E24="LK"),ROUNDUP(D24*(VLOOKUP(B24,'Conteo 18-02-26'!$E:$AN,35,0))/100,0),IF(E24="CH",D23-F23,""))
E25: =+IF(E24="LK","CH",IF(D25="","",IF(D25>0,"LK","CH"))) | F25: =+IF(OR(E25="LK"),ROUNDUP(D25*(VLOOKUP(B25,'Conteo 18-02-26'!$E:$AN,35,0))/100,0),IF(E25="CH",D24-F24,""))
A26: {=+IFERROR(INDEX('Conteo 18-02-26'!$B:$B,MATCH(1,('Conteo 18-02-26'!$E:$E=$B26)*('Conteo 18-02-26'!$A:$A="Melinox"),0)),"")} | B26: =+B24+1 -> 7 | C26: {=+IFERROR(INDEX('Conteo 18-02-26'!$C:$C,MATCH(1,('Conteo 18-02-26'!$E:$E=$B26)*('Conteo 18-02-26'!$A:$A="Melinox"),0)),"")} | D26: {=+IFERROR(INDEX('Conteo 18-02-26'!$D:$D,MATCH(1,('Conteo 18-02-26'!$E:$E=$B26)*('Conteo 18-02-26'!A:A:'Conteo 18-02-26'!$A:$A="Melinox"),0)),"")} | E26: =+IF(E25="LK","CH",IF(D26="","",IF(D26>0,"LK","CH"))) | F26: =+IF(OR(E26="LK"),ROUNDUP(D26*(VLOOKUP(B26,'Conteo 18-02-26'!$E:$AN,35,0))/100,0),IF(E26="CH",D25-F25,""))
E27: =+IF(E26="LK","CH",IF(D27="","",IF(D27>0,"LK","CH"))) | F27: =+IF(OR(E27="LK"),ROUNDUP(D27*(VLOOKUP(B27,'Conteo 18-02-26'!$E:$AN,35,0))/100,0),IF(E27="CH",D26-F26,""))
A28: {=+IFERROR(INDEX('Conteo 18-02-26'!$B:$B,MATCH(1,('Conteo 18-02-26'!$E:$E=$B28)*('Conteo 18-02-26'!$A:$A="Melinox"),0)),"")} | B28: =+B26+1 -> 8 | C28: {=+IFERROR(INDEX('Conteo 18-02-26'!$C:$C,MATCH(1,('Conteo 18-02-26'!$E:$E=$B28)*('Conteo 18-02-26'!$A:$A="Melinox"),0)),"")} | D28: {=+IFERROR(INDEX('Conteo 18-02-26'!$D:$D,MATCH(1,('Conteo 18-02-26'!$E:$E=$B28)*('Conteo 18-02-26'!A:A:'Conteo 18-02-26'!$A:$A="Melinox"),0)),"")} | E28: =+IF(E27="LK","CH",IF(D28="","",IF(D28>0,"LK","CH"))) | F28: =+IF(OR(E28="LK"),ROUNDUP(D28*(VLOOKUP(B28,'Conteo 18-02-26'!$E:$AN,35,0))/100,0),IF(E28="CH",D27-F27,""))
E29: =+IF(E28="LK","CH",IF(D29="","",IF(D29>0,"LK","CH"))) | F29: =+IF(OR(E29="LK"),ROUNDUP(D29*(VLOOKUP(B29,'Conteo 18-02-26'!$E:$AN,35,0))/100,0),IF(E29="CH",D28-F28,""))
A30: {=+IFERROR(INDEX('Conteo 18-02-26'!$B:$B,MATCH(1,('Conteo 18-02-26'!$E:$E=$B30)*('Conteo 18-02-26'!$A:$A="Melinox"),0)),"")} | B30: =+B28+1 -> 9 | C30: {=+IFERROR(INDEX('Conteo 18-02-26'!$C:$C,MATCH(1,('Conteo 18-02-26'!$E:$E=$B30)*('Conteo 18-02-26'!$A:$A="Melinox"),0)),"")} | D30: {=+IFERROR(INDEX('Conteo 18-02-26'!$D:$D,MATCH(1,('Conteo 18-02-26'!$E:$E=$B30)*('Conteo 18-02-26'!A:A:'Conteo 18-02-26'!$A:$A="Melinox"),0)),"")} | E30: =+IF(E29="LK","CH",IF(D30="","",IF(D30>0,"LK","CH"))) | F30: =+IF(OR(E30="LK"),ROUNDUP(D30*(VLOOKUP(B30,'Conteo 18-02-26'!$E:$AN,35,0))/100,0),IF(E30="CH",D29-F29,""))
E31: =+IF(E30="LK","CH",IF(D31="","",IF(D31>0,"LK","CH"))) | F31: =+IF(OR(E31="LK"),ROUNDUP(D31*(VLOOKUP(B31,'Conteo 18-02-26'!$E:$AN,35,0))/100,0),IF(E31="CH",D30-F30,""))
A32: {=+IFERROR(INDEX('Conteo 18-02-26'!$B:$B,MATCH(1,('Conteo 18-02-26'!$E:$E=$B32)*('Conteo 18-02-26'!$A:$A="Melinox"),0)),"")} | B32: =+B30+1 -> 10 | C32: {=+IFERROR(INDEX('Conteo 18-02-26'!$C:$C,MATCH(1,('Conteo 18-02-26'!$E:$E=$B32)*('Conteo 18-02-26'!$A:$A="Melinox"),0)),"")} | D32: {=+IFERROR(INDEX('Conteo 18-02-26'!$D:$D,MATCH(1,('Conteo 18-02-26'!$E:$E=$B32)*('Conteo 18-02-26'!A:A:'Conteo 18-02-26'!$A:$A="Melinox"),0)),"")} | E32: =+IF(E31="LK","CH",IF(D32="","",IF(D32>0,"LK","CH"))) | F32: =+IF(OR(E32="LK"),ROUNDUP(D32*(VLOOKUP(B32,'Conteo 18-02-26'!$E:$AN,35,0))/100,0),IF(E32="CH",D31-F31,""))
E33: =+IF(E32="LK","CH",IF(D33="","",IF(D33>0,"LK","CH"))) | F33: =+IF(OR(E33="LK"),ROUNDUP(D33*(VLOOKUP(B33,'Conteo 18-02-26'!$E:$AN,35,0))/100,0),IF(E33="CH",D32-F32,""))
A34: {=+IFERROR(INDEX('Conteo 18-02-26'!$B:$B,MATCH(1,('Conteo 18-02-26'!$E:$E=$B34)*('Conteo 18-02-26'!$A:$A="Melinox"),0)),"")} | B34: =+B32+1 -> 11 | C34: {=+IFERROR(INDEX('Conteo 18-02-26'!$C:$C,MATCH(1,('Conteo 18-02-26'!$E:$E=$B34)*('Conteo 18-02-26'!$A:$A="Melinox"),0)),"")} | D34: {=+IFERROR(INDEX('Conteo 18-02-26'!$D:$D,MATCH(1,('Conteo 18-02-26'!$E:$E=$B34)*('Conteo 18-02-26'!A:A:'Conteo 18-02-26'!$A:$A="Melinox"),0)),"")} | E34: =+IF(E33="LK","CH",IF(D34="","",IF(D34>0,"LK","CH"))) | F34: =+IF(OR(E34="LK"),ROUNDUP(D34*(VLOOKUP(B34,'Conteo 18-02-26'!$E:$AN,35,0))/100,0),IF(E34="CH",D33-F33,""))
E35: =+IF(E34="LK","CH",IF(D35="","",IF(D35>0,"LK","CH"))) | F35: =+IF(OR(E35="LK"),ROUNDUP(D35*(VLOOKUP(B35,'Conteo 18-02-26'!$E:$AN,35,0))/100,0),IF(E35="CH",D34-F34,""))
A36: {=+IFERROR(INDEX('Conteo 18-02-26'!$B:$B,MATCH(1,('Conteo 18-02-26'!$E:$E=$B36)*('Conteo 18-02-26'!$A:$A="Melinox"),0)),"")} | B36: =+B34+1 -> 12 | C36: {=+IFERROR(INDEX('Conteo 18-02-26'!$C:$C,MATCH(1,('Conteo 18-02-26'!$E:$E=$B36)*('Conteo 18-02-26'!$A:$A="Melinox"),0)),"")} | D36: {=+IFERROR(INDEX('Conteo 18-02-26'!$D:$D,MATCH(1,('Conteo 18-02-26'!$E:$E=$B36)*('Conteo 18-02-26'!A:A:'Conteo 18-02-26'!$A:$A="Melinox"),0)),"")} | E36: =+IF(E35="LK","CH",IF(D36="","",IF(D36>0,"LK","CH"))) | F36: =+IF(OR(E36="LK"),ROUNDUP(D36*(VLOOKUP(B36,'Conteo 18-02-26'!$E:$AN,35,0))/100,0),IF(E36="CH",D35-F35,""))
E37: =+IF(E36="LK","CH",IF(D37="","",IF(D37>0,"LK","CH"))) | F37: =+IF(OR(E37="LK"),ROUNDUP(D37*(VLOOKUP(B37,'Conteo 18-02-26'!$E:$AN,35,0))/100,0),IF(E37="CH",D36-F36,""))
A38: {=+IFERROR(INDEX('Conteo 18-02-26'!$B:$B,MATCH(1,('Conteo 18-02-26'!$E:$E=$B38)*('Conteo 18-02-26'!$A:$A="Melinox"),0)),"")} | B38: =+B36+1 -> 13 | C38: {=+IFERROR(INDEX('Conteo 18-02-26'!$C:$C,MATCH(1,('Conteo 18-02-26'!$E:$E=$B38)*('Conteo 18-02-26'!$A:$A="Melinox"),0)),"")} | D38: {=+IFERROR(INDEX('Conteo 18-02-26'!$D:$D,MATCH(1,('Conteo 18-02-26'!$E:$E=$B38)*('Conteo 18-02-26'!A:A:'Conteo 18-02-26'!$A:$A="Melinox"),0)),"")} | E38: =+IF(E37="LK","CH",IF(D38="","",IF(D38>0,"LK","CH"))) | F38: =+IF(OR(E38="LK"),ROUNDUP(D38*(VLOOKUP(B38,'Conteo 18-02-26'!$E:$AN,35,0))/100,0),IF(E38="CH",D37-F37,""))
E39: =+IF(E38="LK","CH",IF(D39="","",IF(D39>0,"LK","CH"))) | F39: =+IF(OR(E39="LK"),ROUNDUP(D39*(VLOOKUP(B39,'Conteo 18-02-26'!$E:$AN,35,0))/100,0),IF(E39="CH",D38-F38,""))
A40: {=+IFERROR(INDEX('Conteo 18-02-26'!$B:$B,MATCH(1,('Conteo 18-02-26'!$E:$E=$B40)*('Conteo 18-02-26'!$A:$A="Melinox"),0)),"")} | B40: =+B38+1 -> 14 | C40: {=+IFERROR(INDEX('Conteo 18-02-26'!$C:$C,MATCH(1,('Conteo 18-02-26'!$E:$E=$B40)*('Conteo 18-02-26'!$A:$A="Melinox"),0)),"")} | D40: {=+IFERROR(INDEX('Conteo 18-02-26'!$D:$D,MATCH(1,('Conteo 18-02-26'!$E:$E=$B40)*('Conteo 18-02-26'!A:A:'Conteo 18-02-26'!$A:$A="Melinox"),0)),"")} | E40: =+IF(E39="LK","CH",IF(D40="","",IF(D40>0,"LK","CH"))) | F40: =+IF(OR(E40="LK"),ROUNDUP(D40*(VLOOKUP(B40,'Conteo 18-02-26'!$E:$AN,35,0))/100,0),IF(E40="CH",D39-F39,""))
E41: =+IF(E40="LK","CH",IF(D41="","",IF(D41>0,"LK","CH"))) | F41: =+IF(OR(E41="LK"),ROUNDUP(D41*(VLOOKUP(B41,'Conteo 18-02-26'!$E:$AN,35,0))/100,0),IF(E41="CH",D40-F40,""))
A42: {=+IFERROR(INDEX('Conteo 18-02-26'!$B:$B,MATCH(1,('Conteo 18-02-26'!$E:$E=$B42)*('Conteo 18-02-26'!$A:$A="Melinox"),0)),"")} | B42: =+B40+1 -> 15 | C42: {=+IFERROR(INDEX('Conteo 18-02-26'!$C:$C,MATCH(1,('Conteo 18-02-26'!$E:$E=$B42)*('Conteo 18-02-26'!$A:$A="Melinox"),0)),"")} | D42: {=+IFERROR(INDEX('Conteo 18-02-26'!$D:$D,MATCH(1,('Conteo 18-02-26'!$E:$E=$B42)*('Conteo 18-02-26'!A:A:'Conteo 18-02-26'!$A:$A="Melinox"),0)),"")} | E42: =+IF(E41="LK","CH",IF(D42="","",IF(D42>0,"LK","CH"))) | F42: =+IF(OR(E42="LK"),ROUNDUP(D42*(VLOOKUP(B42,'Conteo 18-02-26'!$E:$AN,35,0))/100,0),IF(E42="CH",D41-F41,""))
E43: =+IF(E42="LK","CH",IF(D43="","",IF(D43>0,"LK","CH"))) | F43: =+IF(OR(E43="LK"),ROUNDUP(D43*(VLOOKUP(B43,'Conteo 18-02-26'!$E:$AN,35,0))/100,0),IF(E43="CH",D42-F42,""))

Sheet O.C. Rueda y Cia
A1: Loekemeyer Hnos. S.R.L | F1: Chef SRL
A2: CUIT: | C2: 30-51584245-0 | F2: CUIT: | H2: 30-68575625-7
A3: DIRECCION: | C3: Cervantes 2868 | F3: DIRECCION: | H3: Virgilio 2788
A4: LOCALIDAD: | C4: Villa Devoto, CABA | F4: LOCALIDAD: | H4: Villa Real, CABA
A6: ORDEN DE COMPRA | F6: FECHA PEDIDO: | I6: =+TODAY() -> 46099
A8: RAZON SOCIAL: | C8: RUEDA Y CIA | D8: COD PROV: | E8: 3372 | F8: ENTREGA EN: | I8: Cervantes 2868
A10: FACTURAR Loekemeyer 70% Chef 30%
A12: ESTE PEDIDO ANULA CUALQUIER PEDIDO ANTERIOR
A13: Cód ISIS | B13: N° Ord | C13: Descripcion Material | D13: Pedido KG | E13: Emp | F13: KG a FC | G13: Fecha Pos Ent | H13: Fecha Ent | I13: Kg Ent | J13: Fecha Ent | K13: Kg Ent | L13: Fecha Ent | M13: Kg Ent
A14: {=+IFERROR(INDEX('Conteo 18-02-26'!$B:$B,MATCH(1,('Conteo 18-02-26'!$E:$E=$B14)*('Conteo 18-02-26'!$A:$A="Rueda y Cia"),0)),"")} | B14: 1 | C14: {=+IFERROR(INDEX('Conteo 18-02-26'!$C:$C,MATCH(1,('Conteo 18-02-26'!$E:$E=$B14)*('Conteo 18-02-26'!$A:$A="Rueda y Cia"),0)),"")} | D14: {=+IFERROR(INDEX('Conteo 18-02-26'!$D:$D,MATCH(1,('Conteo 18-02-26'!$E:$E=$B14)*('Conteo 18-02-26'!A:A:'Conteo 18-02-26'!$A:$A="Rueda y Cia"),0)),"")} | E14: =+IF(E13="LK","CH",IF(D14="","",IF(D14>0,"LK","CH"))) | F14: =+IF(OR(E14="LK"),ROUNDUP(D14*(VLOOKUP(B14,'Conteo 18-02-26'!$E:$AN,35,0))/100,0),IF(E14="CH",D13-F13,""))
E15: =+IF(E14="LK","CH",IF(D15="","",IF(D15>0,"LK","CH"))) | F15: =+IF(OR(E15="LK"),ROUNDUP(D15*(VLOOKUP(B15,'Conteo 18-02-26'!$E:$AN,35,0))/100,0),IF(E15="CH",D14-F14,""))
A16: {=+IFERROR(INDEX('Conteo 18-02-26'!$B:$B,MATCH(1,('Conteo 18-02-26'!$E:$E=$B16)*('Conteo 18-02-26'!$A:$A="Rueda y Cia"),0)),"")} | B16: =+B14+1 -> 2 | C16: {=+IFERROR(INDEX('Conteo 18-02-26'!$C:$C,MATCH(1,('Conteo 18-02-26'!$E:$E=$B16)*('Conteo 18-02-26'!$A:$A="Rueda y Cia"),0)),"")} | D16: {=+IFERROR(INDEX('Conteo 18-02-26'!$D:$D,MATCH(1,('Conteo 18-02-26'!$E:$E=$B16)*('Conteo 18-02-26'!A:A:'Conteo 18-02-26'!$A:$A="Rueda y Cia"),0)),"")} | E16: =+IF(E15="LK","CH",IF(D16="","",IF(D16>0,"LK","CH"))) | F16: =+IF(OR(E16="LK"),ROUNDUP(D16*(VLOOKUP(B16,'Conteo 18-02-26'!$E:$AN,35,0))/100,0),IF(E16="CH",D15-F15,""))
E17: =+IF(E16="LK","CH",IF(D17="","",IF(D17>0,"LK","CH"))) | F17: =+IF(OR(E17="LK"),ROUNDUP(D17*(VLOOKUP(B17,'Conteo 18-02-26'!$E:$AN,35,0))/100,0),IF(E17="CH",D16-F16,""))
A18: {=+IFERROR(INDEX('Conteo 18-02-26'!$B:$B,MATCH(1,('Conteo 18-02-26'!$E:$E=$B18)*('Conteo 18-02-26'!$A:$A="Rueda y Cia"),0)),"")} | B18: =+B16+1 -> 3 | C18: {=+IFERROR(INDEX('Conteo 18-02-26'!$C:$C,MATCH(1,('Conteo 18-02-26'!$E:$E=$B18)*('Conteo 18-02-26'!$A:$A="Rueda y Cia"),0)),"")} | D18: {=+IFERROR(INDEX('Conteo 18-02-26'!$D:$D,MATCH(1,('Conteo 18-02-26'!$E:$E=$B18)*('Conteo 18-02-26'!A:A:'Conteo 18-02-26'!$A:$A="Rueda y Cia"),0)),"")} | E18: =+IF(E17="LK","CH",IF(D18="","",IF(D18>0,"LK","CH"))) | F18: =+IF(OR(E18="LK"),ROUNDUP(D18*(VLOOKUP(B18,'Conteo 18-02-26'!$E:$AN,35,0))/100,0),IF(E18="CH",D17-F17,""))
E19: =+IF(E18="LK","CH",IF(D19="","",IF(D19>0,"LK","CH"))) | F19: =+IF(OR(E19="LK"),ROUNDUP(D19*(VLOOKUP(B19,'Conteo 18-02-26'!$E:$AN,35,0))/100,0),IF(E19="CH",D18-F18,""))
A20: {=+IFERROR(INDEX('Conteo 18-02-26'!$B:$B,MATCH(1,('Conteo 18-02-26'!$E:$E=$B20)*('Conteo 18-02-26'!$A:$A="Rueda y Cia"),0)),"")} | B20: =+B18+1 -> 4 | C20: {=+IFERROR(INDEX('Conteo 18-02-26'!$C:$C,MATCH(1,('Conteo 18-02-26'!$E:$E=$B20)*('Conteo 18-02-26'!$A:$A="Rueda y Cia"),0)),"")} | D20: {=+IFERROR(INDEX('Conteo 18-02-26'!$D:$D,MATCH(1,('Conteo 18-02-26'!$E:$E=$B20)*('Conteo 18-02-26'!A:A:'Conteo 18-02-26'!$A:$A="Rueda y Cia"),0)),"")} | E20: =+IF(E19="LK","CH",IF(D20="","",IF(D20>0,"LK","CH"))) | F20: =+IF(OR(E20="LK"),ROUNDUP(D20*(VLOOKUP(B20,'Conteo 18-02-26'!$E:$AN,35,0))/100,0),IF(E20="CH",D19-F19,""))
E21: =+IF(E20="LK","CH",IF(D21="","",IF(D21>0,"LK","CH"))) | F21: =+IF(OR(E21="LK"),ROUNDUP(D21*(VLOOKUP(B21,'Conteo 18-02-26'!$E:$AN,35,0))/100,0),IF(E21="CH",D20-F20,""))
A22: {=+IFERROR(INDEX('Conteo 18-02-26'!$B:$B,MATCH(1,('Conteo 18-02-26'!$E:$E=$B22)*('Conteo 18-02-26'!$A:$A="Rueda y Cia"),0)),"")} | B22: =+B20+1 -> 5 | C22: {=+IFERROR(INDEX('Conteo 18-02-26'!$C:$C,MATCH(1,('Conteo 18-02-26'!$E:$E=$B22)*('Conteo 18-02-26'!$A:$A="Rueda y Cia"),0)),"")} | D22: {=+IFERROR(INDEX('Conteo 18-02-26'!$D:$D,MATCH(1,('Conteo 18-02-26'!$E:$E=$B22)*('Conteo 18-02-26'!A:A:'Conteo 18-02-26'!$A:$A="Rueda y Cia"),0)),"")} | E22: =+IF(E21="LK","CH",IF(D22="","",IF(D22>0,"LK","CH"))) | F22: =+IF(OR(E22="LK"),ROUNDUP(D22*(VLOOKUP(B22,'Conteo 18-02-26'!$E:$AN,35,0))/100,0),IF(E22="CH",D21-F21,""))
E23: =+IF(E22="LK","CH",IF(D23="","",IF(D23>0,"LK","CH"))) | F23: =+IF(OR(E23="LK"),ROUNDUP(D23*(VLOOKUP(B23,'Conteo 18-02-26'!$E:$AN,35,0))/100,0),IF(E23="CH",D22-F22,""))
A24: {=+IFERROR(INDEX('Conteo 18-02-26'!$B:$B,MATCH(1,('Conteo 18-02-26'!$E:$E=$B24)*('Conteo 18-02-26'!$A:$A="Rueda y Cia"),0)),"")} | B24: =+B22+1 -> 6 | C24: {=+IFERROR(INDEX('Conteo 18-02-26'!$C:$C,MATCH(1,('Conteo 18-02-26'!$E:$E=$B24)*('Conteo 18-02-26'!$A:$A="Rueda y Cia"),0)),"")} | D24: {=+IFERROR(INDEX('Conteo 18-02-26'!$D:$D,MATCH(1,('Conteo 18-02-26'!$E:$E=$B24)*('Conteo 18-02-26'!A:A:'Conteo 18-02-26'!$A:$A="Rueda y Cia"),0)),"")} | E24: =+IF(E23="LK","CH",IF(D24="","",IF(D24>0,"LK","CH"))) | F24: =+IF(OR(E24="LK"),ROUNDUP(D24*(VLOOKUP(B24,'Conteo 18-02-26'!$E:$AN,35,0))/100,0),IF(E24="CH",D23-F23,""))
E25: =+IF(E24="LK","CH",IF(D25="","",IF(D25>0,"LK","CH"))) | F25: =+IF(OR(E25="LK"),ROUNDUP(D25*(VLOOKUP(B25,'Conteo 18-02-26'!$E:$AN,35,0))/100,0),IF(E25="CH",D24-F24,""))
A26: {=+IFERROR(INDEX('Conteo 18-02-26'!$B:$B,MATCH(1,('Conteo 18-02-26'!$E:$E=$B26)*('Conteo 18-02-26'!$A:$A="Rueda y Cia"),0)),"")} | B26: =+B24+1 -> 7 | C26: {=+IFERROR(INDEX('Conteo 18-02-26'!$C:$C,MATCH(1,('Conteo 18-02-26'!$E:$E=$B26)*('Conteo 18-02-26'!$A:$A="Rueda y Cia"),0)),"")} | D26: {=+IFERROR(INDEX('Conteo 18-02-26'!$D:$D,MATCH(1,('Conteo 18-02-26'!$E:$E=$B26)*('Conteo 18-02-26'!A:A:'Conteo 18-02-26'!$A:$A="Rueda y Cia"),0)),"")} | E26: =+IF(E25="LK","CH",IF(D26="","",IF(D26>0,"LK","CH"))) | F26: =+IF(OR(E26="LK"),ROUNDUP(D26*(VLOOKUP(B26,'Conteo 18-02-26'!$E:$AN,35,0))/100,0),IF(E26="CH",D25-F25,""))
E27: =+IF(E26="LK","CH",IF(D27="","",IF(D27>0,"LK","CH"))) | F27: =+IF(OR(E27="LK"),ROUNDUP(D27*(VLOOKUP(B27,'Conteo 18-02-26'!$E:$AN,35,0))/100,0),IF(E27="CH",D26-F26,""))
A28: {=+IFERROR(INDEX('Conteo 18-02-26'!$B:$B,MATCH(1,('Conteo 18-02-26'!$E:$E=$B28)*('Conteo 18-02-26'!$A:$A="Rueda y Cia"),0)),"")} | B28: =+B26+1 -> 8 | C28: {=+IFERROR(INDEX('Conteo 18-02-26'!$C:$C,MATCH(1,('Conteo 18-02-26'!$E:$E=$B28)*('Conteo 18-02-26'!$A:$A="Rueda y Cia"),0)),"")} | D28: {=+IFERROR(INDEX('Conteo 18-02-26'!$D:$D,MATCH(1,('Conteo 18-02-26'!$E:$E=$B28)*('Conteo 18-02-26'!A:A:'Conteo 18-02-26'!$A:$A="Rueda y Cia"),0)),"")} | E28: =+IF(E27="LK","CH",IF(D28="","",IF(D28>0,"LK","CH"))) | F28: =+IF(OR(E28="LK"),ROUNDUP(D28*(VLOOKUP(B28,'Conteo 18-02-26'!$E:$AN,35,0))/100,0),IF(E28="CH",D27-F27,""))
E29: =+IF(E28="LK","CH",IF(D29="","",IF(D29>0,"LK","CH"))) | F29: =+IF(OR(E29="LK"),ROUNDUP(D29*(VLOOKUP(B29,'Conteo 18-02-26'!$E:$AN,35,0))/100,0),IF(E29="CH",D28-F28,""))
A30: {=+IFERROR(INDEX('Conteo 18-02-26'!$B:$B,MATCH(1,('Conteo 18-02-26'!$E:$E=$B30)*('Conteo 18-02-26'!$A:$A="Rueda y Cia"),0)),"")} | B30: =+B28+1 -> 9 | C30: {=+IFERROR(INDEX('Conteo 18-02-26'!$C:$C,MATCH(1,('Conteo 18-02-26'!$E:$E=$B30)*('Conteo 18-02-26'!$A:$A="Rueda y Cia"),0)),"")} | D30: {=+IFERROR(INDEX('Conteo 18-02-26'!$D:$D,MATCH(1,('Conteo 18-02-26'!$E:$E=$B30)*('Conteo 18-02-26'!A:A:'Conteo 18-02-26'!$A:$A="Rueda y Cia"),0)),"")} | E30: =+IF(E29="LK","CH",IF(D30="","",IF(D30>0,"LK","CH"))) | F30: =+IF(OR(E30="LK"),ROUNDUP(D30*(VLOOKUP(B30,'Conteo 18-02-26'!$E:$AN,35,0))/100,0),IF(E30="CH",D29-F29,""))
E31: =+IF(E30="LK","CH",IF(D31="","",IF(D31>0,"LK","CH"))) | F31: =+IF(OR(E31="LK"),ROUNDUP(D31*(VLOOKUP(B31,'Conteo 18-02-26'!$E:$AN,35,0))/100,0),IF(E31="CH",D30-F30,""))
A32: {=+IFERROR(INDEX('Conteo 18-02-26'!$B:$B,MATCH(1,('Conteo 18-02-26'!$E:$E=$B32)*('Conteo 18-02-26'!$A:$A="Rueda y Cia"),0)),"")} | B32: =+B30+1 -> 10 | C32: {=+IFERROR(INDEX('Conteo 18-02-26'!$C:$C,MATCH(1,('Conteo 18-02-26'!$E:$E=$B32)*('Conteo 18-02-26'!$A:$A="Rueda y Cia"),0)),"")} | D32: {=+IFERROR(INDEX('Conteo 18-02-26'!$D:$D,MATCH(1,('Conteo 18-02-26'!$E:$E=$B32)*('Conteo 18-02-26'!A:A:'Conteo 18-02-26'!$A:$A="Rueda y Cia"),0)),"")} | E32: =+IF(E31="LK","CH",IF(D32="","",IF(D32>0,"LK","CH"))) | F32: =+IF(OR(E32="LK"),ROUNDUP(D32*(VLOOKUP(B32,'Conteo 18-02-26'!$E:$AN,35,0))/100,0),IF(E32="CH",D31-F31,""))
E33: =+IF(E32="LK","CH",IF(D33="","",IF(D33>0,"LK","CH"))) | F33: =+IF(OR(E33="LK"),ROUNDUP(D33*(VLOOKUP(B33,'Conteo 18-02-26'!$E:$AN,35,0))/100,0),IF(E33="CH",D32-F32,""))
A34: {=+IFERROR(INDEX('Conteo 18-02-26'!$B:$B,MATCH(1,('Conteo 18-02-26'!$E:$E=$B34)*('Conteo 18-02-26'!$A:$A="Rueda y Cia"),0)),"")} | B34: =+B32+1 -> 11 | C34: {=+IFERROR(INDEX('Conteo 18-02-26'!$C:$C,MATCH(1,('Conteo 18-02-26'!$E:$E=$B34)*('Conteo 18-02-26'!$A:$A="Rueda y Cia"),0)),"")} | D34: {=+IFERROR(INDEX('Conteo 18-02-26'!$D:$D,MATCH(1,('Conteo 18-02-26'!$E:$E=$B34)*('Conteo 18-02-26'!A:A:'Conteo 18-02-26'!$A:$A="Rueda y Cia"),0)),"")} | E34: =+IF(E33="LK","CH",IF(D34="","",IF(D34>0,"LK","CH"))) | F34: =+IF(OR(E34="LK"),ROUNDUP(D34*(VLOOKUP(B34,'Conteo 18-02-26'!$E:$AN,35,0))/100,0),IF(E34="CH",D33-F33,""))
E35: =+IF(E34="LK","CH",IF(D35="","",IF(D35>0,"LK","CH"))) | F35: =+IF(OR(E35="LK"),ROUNDUP(D35*(VLOOKUP(B35,'Conteo 18-02-26'!$E:$AN,35,0))/100,0),IF(E35="CH",D34-F34,""))
A36: {=+IFERROR(INDEX('Conteo 18-02-26'!$B:$B,MATCH(1,('Conteo 18-02-26'!$E:$E=$B36)*('Conteo 18-02-26'!$A:$A="Rueda y Cia"),0)),"")} | B36: =+B34+1 -> 12 | C36: {=+IFERROR(INDEX('Conteo 18-02-26'!$C:$C,MATCH(1,('Conteo 18-02-26'!$E:$E=$B36)*('Conteo 18-02-26'!$A:$A="Rueda y Cia"),0)),"")} | D36: {=+IFERROR(INDEX('Conteo 18-02-26'!$D:$D,MATCH(1,('Conteo 18-02-26'!$E:$E=$B36)*('Conteo 18-02-26'!A:A:'Conteo 18-02-26'!$A:$A="Rueda y Cia"),0)),"")} | E36: =+IF(E35="LK","CH",IF(D36="","",IF(D36>0,"LK","CH"))) | F36: =+IF(OR(E36="LK"),ROUNDUP(D36*(VLOOKUP(B36,'Conteo 18-02-26'!$E:$AN,35,0))/100,0),IF(E36="CH",D35-F35,""))
E37: =+IF(E36="LK","CH",IF(D37="","",IF(D37>0,"LK","CH"))) | F37: =+IF(OR(E37="LK"),ROUNDUP(D37*(VLOOKUP(B37,'Conteo 18-02-26'!$E:$AN,35,0))/100,0),IF(E37="CH",D36-F36,""))
A38: {=+IFERROR(INDEX('Conteo 18-02-26'!$B:$B,MATCH(1,('Conteo 18-02-26'!$E:$E=$B38)*('Conteo 18-02-26'!$A:$A="Rueda y Cia"),0)),"")} | B38: =+B36+1 -> 13 | C38: {=+IFERROR(INDEX('Conteo 18-02-26'!$C:$C,MATCH(1,('Conteo 18-02-26'!$E:$E=$B38)*('Conteo 18-02-26'!$A:$A="Rueda y Cia"),0)),"")} | D38: {=+IFERROR(INDEX('Conteo 18-02-26'!$D:$D,MATCH(1,('Conteo 18-02-26'!$E:$E=$B38)*('Conteo 18-02-26'!A:A:'Conteo 18-02-26'!$A:$A="Rueda y Cia"),0)),"")} | E38: =+IF(E37="LK","CH",IF(D38="","",IF(D38>0,"LK","CH"))) | F38: =+IF(OR(E38="LK"),ROUNDUP(D38*(VLOOKUP(B38,'Conteo 18-02-26'!$E:$AN,35,0))/100,0),IF(E38="CH",D37-F37,""))
E39: =+IF(E38="LK","CH",IF(D39="","",IF(D39>0,"LK","CH"))) | F39: =+IF(OR(E39="LK"),ROUNDUP(D39*(VLOOKUP(B39,'Conteo 18-02-26'!$E:$AN,35,0))/100,0),IF(E39="CH",D38-F38,""))
A40: {=+IFERROR(INDEX('Conteo 18-02-26'!$B:$B,MATCH(1,('Conteo 18-02-26'!$E:$E=$B40)*('Conteo 18-02-26'!$A:$A="Rueda y Cia"),0)),"")} | B40: =+B38+1 -> 14 | C40: {=+IFERROR(INDEX('Conteo 18-02-26'!$C:$C,MATCH(1,('Conteo 18-02-26'!$E:$E=$B40)*('Conteo 18-02-26'!$A:$A="Rueda y Cia"),0)),"")} | D40: {=+IFERROR(INDEX('Conteo 18-02-26'!$D:$D,MATCH(1,('Conteo 18-02-26'!$E:$E=$B40)*('Conteo 18-02-26'!A:A:'Conteo 18-02-26'!$A:$A="Rueda y Cia"),0)),"")} | E40: =+IF(E39="LK","CH",IF(D40="","",IF(D40>0,"LK","CH"))) | F40: =+IF(OR(E40="LK"),ROUNDUP(D40*(VLOOKUP(B40,'Conteo 18-02-26'!$E:$AN,35,0))/100,0),IF(E40="CH",D39-F39,""))
E41: =+IF(E40="LK","CH",IF(D41="","",IF(D41>0,"LK","CH"))) | F41: =+IF(OR(E41="LK"),ROUNDUP(D41*(VLOOKUP(B41,'Conteo 18-02-26'!$E:$AN,35,0))/100,0),IF(E41="CH",D40-F40,""))
A42: {=+IFERROR(INDEX('Conteo 18-02-26'!$B:$B,MATCH(1,('Conteo 18-02-26'!$E:$E=$B42)*('Conteo 18-02-26'!$A:$A="Rueda y Cia"),0)),"")} | B42: =+B40+1 -> 15 | C42: {=+IFERROR(INDEX('Conteo 18-02-26'!$C:$C,MATCH(1,('Conteo 18-02-26'!$E:$E=$B42)*('Conteo 18-02-26'!$A:$A="Rueda y Cia"),0)),"")} | D42: {=+IFERROR(INDEX('Conteo 18-02-26'!$D:$D,MATCH(1,('Conteo 18-02-26'!$E:$E=$B42)*('Conteo 18-02-26'!A:A:'Conteo 18-02-26'!$A:$A="Rueda y Cia"),0)),"")} | E42: =+IF(E41="LK","CH",IF(D42="","",IF(D42>0,"LK","CH"))) | F42: =+IF(OR(E42="LK"),ROUNDUP(D42*(VLOOKUP(B42,'Conteo 18-02-26'!$E:$AN,35,0))/100,0),IF(E42="CH",D41-F41,""))
E43: =+IF(E42="LK","CH",IF(D43="","",IF(D43>0,"LK","CH"))) | F43: =+IF(OR(E43="LK"),ROUNDUP(D43*(VLOOKUP(B43,'Conteo 18-02-26'!$E:$AN,35,0))/100,0),IF(E43="CH",D42-F42,""))

Sheet O.C. Alambres Rumbo
A1: Loekemeyer Hnos. S.R.L | F1: Chef SRL
A2: CUIT: | C2: 30-51584245-0 | F2: CUIT: | H2: 30-68575625-7
A3: DIRECCION: | C3: Cervantes 2868 | F3: DIRECCION: | H3: Virgilio 2788
A4: LOCALIDAD: | C4: Villa Devoto, CABA | F4: LOCALIDAD: | H4: Villa Real, CABA
A6: ORDEN DE COMPRA | F6: FECHA PEDIDO: | I6: =+TODAY() -> 46099
A8: RAZON SOCIAL: | C8: ALAMBRES RUMBO | D8: COD PROV: | E8: 1857 | F8: ENTREGA EN: | I8: Cervantes 2868
A10: FACTURAR Loekemeyer 70% Chef 30%
A12: ESTE PEDIDO ANULA CUALQUIER PEDIDO ANTERIOR
A13: Cód ISIS | B13: N° Ord | C13: Descripcion Material | D13: Pedido KG | E13: Emp | F13: KG a FC | G13: Fecha Pos Ent | H13: Fecha Ent | I13: Kg Ent | J13: Fecha Ent | K13: Kg Ent | L13: Fecha Ent | M13: Kg Ent
A14: {=+IFERROR(INDEX('Conteo 18-02-26'!$B:$B,MATCH(1,('Conteo 18-02-26'!$E:$E=$B14)*('Conteo 18-02-26'!$A:$A="Rumbo"),0)),"")} | B14: 1 | C14: {=+IFERROR(INDEX('Conteo 18-02-26'!$C:$C,MATCH(1,('Conteo 18-02-26'!$E:$E=$B14)*('Conteo 18-02-26'!$A:$A="Rumbo"),0)),"")} | D14: {=+IFERROR(INDEX('Conteo 18-02-26'!$D:$D,MATCH(1,('Conteo 18-02-26'!$E:$E=$B14)*('Conteo 18-02-26'!A:A:'Conteo 18-02-26'!$A:$A="Rumbo"),0)),"")} | E14: =+IF(E13="LK","CH",IF(D14="","",IF(D14>0,"LK","CH"))) | F14: =+IF(OR(E14="LK"),ROUNDUP(D14*(VLOOKUP(B14,'Conteo 18-02-26'!$E:$AN,35,0))/100,0),IF(E14="CH",D13-F13,""))
E15: =+IF(E14="LK","CH",IF(D15="","",IF(D15>0,"LK","CH"))) | F15: =+IF(OR(E15="LK"),ROUNDUP(D15*(VLOOKUP(B15,'Conteo 18-02-26'!$E:$AN,35,0))/100,0),IF(E15="CH",D14-F14,""))
A16: {=+IFERROR(INDEX('Conteo 18-02-26'!$B:$B,MATCH(1,('Conteo 18-02-26'!$E:$E=$B16)*('Conteo 18-02-26'!$A:$A="Rumbo"),0)),"")} | B16: =+B14+1 -> 2 | C16: {=+IFERROR(INDEX('Conteo 18-02-26'!$C:$C,MATCH(1,('Conteo 18-02-26'!$E:$E=$B16)*('Conteo 18-02-26'!$A:$A="Rumbo"),0)),"")} | D16: {=+IFERROR(INDEX('Conteo 18-02-26'!$D:$D,MATCH(1,('Conteo 18-02-26'!$E:$E=$B16)*('Conteo 18-02-26'!A:A:'Conteo 18-02-26'!$A:$A="Rumbo"),0)),"")} | E16: =+IF(E15="LK","CH",IF(D16="","",IF(D16>0,"LK","CH"))) | F16: =+IF(OR(E16="LK"),ROUNDUP(D16*(VLOOKUP(B16,'Conteo 18-02-26'!$E:$AN,35,0))/100,0),IF(E16="CH",D15-F15,""))
E17: =+IF(E16="LK","CH",IF(D17="","",IF(D17>0,"LK","CH"))) | F17: =+IF(OR(E17="LK"),ROUNDUP(D17*(VLOOKUP(B17,'Conteo 18-02-26'!$E:$AN,35,0))/100,0),IF(E17="CH",D16-F16,""))
A18: {=+IFERROR(INDEX('Conteo 18-02-26'!$B:$B,MATCH(1,('Conteo 18-02-26'!$E:$E=$B18)*('Conteo 18-02-26'!$A:$A="Rumbo"),0)),"")} | B18: =+B16+1 -> 3 | C18: {=+IFERROR(INDEX('Conteo 18-02-26'!$C:$C,MATCH(1,('Conteo 18-02-26'!$E:$E=$B18)*('Conteo 18-02-26'!$A:$A="Rumbo"),0)),"")} | D18: {=+IFERROR(INDEX('Conteo 18-02-26'!$D:$D,MATCH(1,('Conteo 18-02-26'!$E:$E=$B18)*('Conteo 18-02-26'!A:A:'Conteo 18-02-26'!$A:$A="Rumbo"),0)),"")} | E18: =+IF(E17="LK","CH",IF(D18="","",IF(D18>0,"LK","CH"))) | F18: =+IF(OR(E18="LK"),ROUNDUP(D18*(VLOOKUP(B18,'Conteo 18-02-26'!$E:$AN,35,0))/100,0),IF(E18="CH",D17-F17,""))
E19: =+IF(E18="LK","CH",IF(D19="","",IF(D19>0,"LK","CH"))) | F19: =+IF(OR(E19="LK"),ROUNDUP(D19*(VLOOKUP(B19,'Conteo 18-02-26'!$E:$AN,35,0))/100,0),IF(E19="CH",D18-F18,""))
A20: {=+IFERROR(INDEX('Conteo 18-02-26'!$B:$B,MATCH(1,('Conteo 18-02-26'!$E:$E=$B20)*('Conteo 18-02-26'!$A:$A="Rumbo"),0)),"")} | B20: =+B18+1 -> 4 | C20: {=+IFERROR(INDEX('Conteo 18-02-26'!$C:$C,MATCH(1,('Conteo 18-02-26'!$E:$E=$B20)*('Conteo 18-02-26'!$A:$A="Rumbo"),0)),"")} | D20: {=+IFERROR(INDEX('Conteo 18-02-26'!$D:$D,MATCH(1,('Conteo 18-02-26'!$E:$E=$B20)*('Conteo 18-02-26'!A:A:'Conteo 18-02-26'!$A:$A="Rumbo"),0)),"")} | E20: =+IF(E19="LK","CH",IF(D20="","",IF(D20>0,"LK","CH"))) | F20: =+IF(OR(E20="LK"),ROUNDUP(D20*(VLOOKUP(B20,'Conteo 18-02-26'!$E:$AN,35,0))/100,0),IF(E20="CH",D19-F19,""))
E21: =+IF(E20="LK","CH",IF(D21="","",IF(D21>0,"LK","CH"))) | F21: =+IF(OR(E21="LK"),ROUNDUP(D21*(VLOOKUP(B21,'Conteo 18-02-26'!$E:$AN,35,0))/100,0),IF(E21="CH",D20-F20,""))
A22: {=+IFERROR(INDEX('Conteo 18-02-26'!$B:$B,MATCH(1,('Conteo 18-02-26'!$E:$E=$B22)*('Conteo 18-02-26'!$A:$A="Rumbo"),0)),"")} | B22: =+B20+1 -> 5 | C22: {=+IFERROR(INDEX('Conteo 18-02-26'!$C:$C,MATCH(1,('Conteo 18-02-26'!$E:$E=$B22)*('Conteo 18-02-26'!$A:$A="Rumbo"),0)),"")} | D22: {=+IFERROR(INDEX('Conteo 18-02-26'!$D:$D,MATCH(1,('Conteo 18-02-26'!$E:$E=$B22)*('Conteo 18-02-26'!A:A:'Conteo 18-02-26'!$A:$A="Rumbo"),0)),"")} | E22: =+IF(E21="LK","CH",IF(D22="","",IF(D22>0,"LK","CH"))) | F22: =+IF(OR(E22="LK"),ROUNDUP(D22*(VLOOKUP(B22,'Conteo 18-02-26'!$E:$AN,35,0))/100,0),IF(E22="CH",D21-F21,""))
E23: =+IF(E22="LK","CH",IF(D23="","",IF(D23>0,"LK","CH"))) | F23: =+IF(OR(E23="LK"),ROUNDUP(D23*(VLOOKUP(B23,'Conteo 18-02-26'!$E:$AN,35,0))/100,0),IF(E23="CH",D22-F22,""))
A24: {=+IFERROR(INDEX('Conteo 18-02-26'!$B:$B,MATCH(1,('Conteo 18-02-26'!$E:$E=$B24)*('Conteo 18-02-26'!$A:$A="Rumbo"),0)),"")} | B24: =+B22+1 -> 6 | C24: {=+IFERROR(INDEX('Conteo 18-02-26'!$C:$C,MATCH(1,('Conteo 18-02-26'!$E:$E=$B24)*('Conteo 18-02-26'!$A:$A="Rumbo"),0)),"")} | D24: {=+IFERROR(INDEX('Conteo 18-02-26'!$D:$D,MATCH(1,('Conteo 18-02-26'!$E:$E=$B24)*('Conteo 18-02-26'!A:A:'Conteo 18-02-26'!$A:$A="Rumbo"),0)),"")} | E24: =+IF(E23="LK","CH",IF(D24="","",IF(D24>0,"LK","CH"))) | F24: =+IF(OR(E24="LK"),ROUNDUP(D24*(VLOOKUP(B24,'Conteo 18-02-26'!$E:$AN,35,0))/100,0),IF(E24="CH",D23-F23,""))
E25: =+IF(E24="LK","CH",IF(D25="","",IF(D25>0,"LK","CH"))) | F25: =+IF(OR(E25="LK"),ROUNDUP(D25*(VLOOKUP(B25,'Conteo 18-02-26'!$E:$AN,35,0))/100,0),IF(E25="CH",D24-F24,""))
A26: {=+IFERROR(INDEX('Conteo 18-02-26'!$B:$B,MATCH(1,('Conteo 18-02-26'!$E:$E=$B26)*('Conteo 18-02-26'!$A:$A="Rumbo"),0)),"")} | B26: =+B24+1 -> 7 | C26: {=+IFERROR(INDEX('Conteo 18-02-26'!$C:$C,MATCH(1,('Conteo 18-02-26'!$E:$E=$B26)*('Conteo 18-02-26'!$A:$A="Rumbo"),0)),"")} | D26: {=+IFERROR(INDEX('Conteo 18-02-26'!$D:$D,MATCH(1,('Conteo 18-02-26'!$E:$E=$B26)*('Conteo 18-02-26'!A:A:'Conteo 18-02-26'!$A:$A="Rumbo"),0)),"")} | E26: =+IF(E25="LK","CH",IF(D26="","",IF(D26>0,"LK","CH"))) | F26: =+IF(OR(E26="LK"),ROUNDUP(D26*(VLOOKUP(B26,'Conteo 18-02-26'!$E:$AN,35,0))/100,0),IF(E26="CH",D25-F25,""))
E27: =+IF(E26="LK","CH",IF(D27="","",IF(D27>0,"LK","CH"))) | F27: =+IF(OR(E27="LK"),ROUNDUP(D27*(VLOOKUP(B27,'Conteo 18-02-26'!$E:$AN,35,0))/100,0),IF(E27="CH",D26-F26,""))
A28: {=+IFERROR(INDEX('Conteo 18-02-26'!$B:$B,MATCH(1,('Conteo 18-02-26'!$E:$E=$B28)*('Conteo 18-02-26'!$A:$A="Rumbo"),0)),"")} | B28: =+B26+1 -> 8 | C28: {=+IFERROR(INDEX('Conteo 18-02-26'!$C:$C,MATCH(1,('Conteo 18-02-26'!$E:$E=$B28)*('Conteo 18-02-26'!$A:$A="Rumbo"),0)),"")} | D28: {=+IFERROR(INDEX('Conteo 18-02-26'!$D:$D,MATCH(1,('Conteo 18-02-26'!$E:$E=$B28)*('Conteo 18-02-26'!A:A:'Conteo 18-02-26'!$A:$A="Rumbo"),0)),"")} | E28: =+IF(E27="LK","CH",IF(D28="","",IF(D28>0,"LK","CH"))) | F28: =+IF(OR(E28="LK"),ROUNDUP(D28*(VLOOKUP(B28,'Conteo 18-02-26'!$E:$AN,35,0))/100,0),IF(E28="CH",D27-F27,""))
E29: =+IF(E28="LK","CH",IF(D29="","",IF(D29>0,"LK","CH"))) | F29: =+IF(OR(E29="LK"),ROUNDUP(D29*(VLOOKUP(B29,'Conteo 18-02-26'!$E:$AN,35,0))/100,0),IF(E29="CH",D28-F28,""))
A30: {=+IFERROR(INDEX('Conteo 18-02-26'!$B:$B,MATCH(1,('Conteo 18-02-26'!$E:$E=$B30)*('Conteo 18-02-26'!$A:$A="Rumbo"),0)),"")} | B30: =+B28+1 -> 9 | C30: {=+IFERROR(INDEX('Conteo 18-02-26'!$C:$C,MATCH(1,('Conteo 18-02-26'!$E:$E=$B30)*('Conteo 18-02-26'!$A:$A="Rumbo"),0)),"")} | D30: {=+IFERROR(INDEX('Conteo 18-02-26'!$D:$D,MATCH(1,('Conteo 18-02-26'!$E:$E=$B30)*('Conteo 18-02-26'!A:A:'Conteo 18-02-26'!$A:$A="Rumbo"),0)),"")} | E30: =+IF(E29="LK","CH",IF(D30="","",IF(D30>0,"LK","CH"))) | F30: =+IF(OR(E30="LK"),ROUNDUP(D30*(VLOOKUP(B30,'Conteo 18-02-26'!$E:$AN,35,0))/100,0),IF(E30="CH",D29-F29,""))
E31: =+IF(E30="LK","CH",IF(D31="","",IF(D31>0,"LK","CH"))) | F31: =+IF(OR(E31="LK"),ROUNDUP(D31*(VLOOKUP(B31,'Conteo 18-02-26'!$E:$AN,35,0))/100,0),IF(E31="CH",D30-F30,""))
A32: {=+IFERROR(INDEX('Conteo 18-02-26'!$B:$B,MATCH(1,('Conteo 18-02-26'!$E:$E=$B32)*('Conteo 18-02-26'!$A:$A="Rumbo"),0)),"")} | B32: =+B30+1 -> 10 | C32: {=+IFERROR(INDEX('Conteo 18-02-26'!$C:$C,MATCH(1,('Conteo 18-02-26'!$E:$E=$B32)*('Conteo 18-02-26'!$A:$A="Rumbo"),0)),"")} | D32: {=+IFERROR(INDEX('Conteo 18-02-26'!$D:$D,MATCH(1,('Conteo 18-02-26'!$E:$E=$B32)*('Conteo 18-02-26'!A:A:'Conteo 18-02-26'!$A:$A="Rumbo"),0)),"")} | E32: =+IF(E31="LK","CH",IF(D32="","",IF(D32>0,"LK","CH"))) | F32: =+IF(OR(E32="LK"),ROUNDUP(D32*(VLOOKUP(B32,'Conteo 18-02-26'!$E:$AN,35,0))/100,0),IF(E32="CH",D31-F31,""))
E33: =+IF(E32="LK","CH",IF(D33="","",IF(D33>0,"LK","CH"))) | F33: =+IF(OR(E33="LK"),ROUNDUP(D33*(VLOOKUP(B33,'Conteo 18-02-26'!$E:$AN,35,0))/100,0),IF(E33="CH",D32-F32,""))
A34: {=+IFERROR(INDEX('Conteo 18-02-26'!$B:$B,MATCH(1,('Conteo 18-02-26'!$E:$E=$B34)*('Conteo 18-02-26'!$A:$A="Rumbo"),0)),"")} | B34: =+B32+1 -> 11 | C34: {=+IFERROR(INDEX('Conteo 18-02-26'!$C:$C,MATCH(1,('Conteo 18-02-26'!$E:$E=$B34)*('Conteo 18-02-26'!$A:$A="Rumbo"),0)),"")} | D34: {=+IFERROR(INDEX('Conteo 18-02-26'!$D:$D,MATCH(1,('Conteo 18-02-26'!$E:$E=$B34)*('Conteo 18-02-26'!A:A:'Conteo 18-02-26'!$A:$A="Rumbo"),0)),"")} | E34: =+IF(E33="LK","CH",IF(D34="","",IF(D34>0,"LK","CH"))) | F34: =+IF(OR(E34="LK"),ROUNDUP(D34*(VLOOKUP(B34,'Conteo 18-02-26'!$E:$AN,35,0))/100,0),IF(E34="CH",D33-F33,""))
E35: =+IF(E34="LK","CH",IF(D35="","",IF(D35>0,"LK","CH"))) | F35: =+IF(OR(E35="LK"),ROUNDUP(D35*(VLOOKUP(B35,'Conteo 18-02-26'!$E:$AN,35,0))/100,0),IF(E35="CH",D34-F34,""))
A36: {=+IFERROR(INDEX('Conteo 18-02-26'!$B:$B,MATCH(1,('Conteo 18-02-26'!$E:$E=$B36)*('Conteo 18-02-26'!$A:$A="Rumbo"),0)),"")} | B36: =+B34+1 -> 12 | C36: {=+IFERROR(INDEX('Conteo 18-02-26'!$C:$C,MATCH(1,('Conteo 18-02-26'!$E:$E=$B36)*('Conteo 18-02-26'!$A:$A="Rumbo"),0)),"")} | D36: {=+IFERROR(INDEX('Conteo 18-02-26'!$D:$D,MATCH(1,('Conteo 18-02-26'!$E:$E=$B36)*('Conteo 18-02-26'!A:A:'Conteo 18-02-26'!$A:$A="Rumbo"),0)),"")} | E36: =+IF(E35="LK","CH",IF(D36="","",IF(D36>0,"LK","CH"))) | F36: =+IF(OR(E36="LK"),ROUNDUP(D36*(VLOOKUP(B36,'Conteo 18-02-26'!$E:$AN,35,0))/100,0),IF(E36="CH",D35-F35,""))
E37: =+IF(E36="LK","CH",IF(D37="","",IF(D37>0,"LK","CH"))) | F37: =+IF(OR(E37="LK"),ROUNDUP(D37*(VLOOKUP(B37,'Conteo 18-02-26'!$E:$AN,35,0))/100,0),IF(E37="CH",D36-F36,""))
A38: {=+IFERROR(INDEX('Conteo 18-02-26'!$B:$B,MATCH(1,('Conteo 18-02-26'!$E:$E=$B38)*('Conteo 18-02-26'!$A:$A="Rumbo"),0)),"")} | B38: =+B36+1 -> 13 | C38: {=+IFERROR(INDEX('Conteo 18-02-26'!$C:$C,MATCH(1,('Conteo 18-02-26'!$E:$E=$B38)*('Conteo 18-02-26'!$A:$A="Rumbo"),0)),"")} | D38: {=+IFERROR(INDEX('Conteo 18-02-26'!$D:$D,MATCH(1,('Conteo 18-02-26'!$E:$E=$B38)*('Conteo 18-02-26'!A:A:'Conteo 18-02-26'!$A:$A="Rumbo"),0)),"")} | E38: =+IF(E37="LK","CH",IF(D38="","",IF(D38>0,"LK","CH"))) | F38: =+IF(OR(E38="LK"),ROUNDUP(D38*(VLOOKUP(B38,'Conteo 18-02-26'!$E:$AN,35,0))/100,0),IF(E38="CH",D37-F37,""))
E39: =+IF(E38="LK","CH",IF(D39="","",IF(D39>0,"LK","CH"))) | F39: =+IF(OR(E39="LK"),ROUNDUP(D39*(VLOOKUP(B39,'Conteo 18-02-26'!$E:$AN,35,0))/100,0),IF(E39="CH",D38-F38,""))
A40: {=+IFERROR(INDEX('Conteo 18-02-26'!$B:$B,MATCH(1,('Conteo 18-02-26'!$E:$E=$B40)*('Conteo 18-02-26'!$A:$A="Rumbo"),0)),"")} | B40: =+B38+1 -> 14 | C40: {=+IFERROR(INDEX('Conteo 18-02-26'!$C:$C,MATCH(1,('Conteo 18-02-26'!$E:$E=$B40)*('Conteo 18-02-26'!$A:$A="Rumbo"),0)),"")} | D40: {=+IFERROR(INDEX('Conteo 18-02-26'!$D:$D,MATCH(1,('Conteo 18-02-26'!$E:$E=$B40)*('Conteo 18-02-26'!A:A:'Conteo 18-02-26'!$A:$A="Rumbo"),0)),"")} | E40: =+IF(E39="LK","CH",IF(D40="","",IF(D40>0,"LK","CH"))) | F40: =+IF(OR(E40="LK"),ROUNDUP(D40*(VLOOKUP(B40,'Conteo 18-02-26'!$E:$AN,35,0))/100,0),IF(E40="CH",D39-F39,""))
E41: =+IF(E40="LK","CH",IF(D41="","",IF(D41>0,"LK","CH"))) | F41: =+IF(OR(E41="LK"),ROUNDUP(D41*(VLOOKUP(B41,'Conteo 18-02-26'!$E:$AN,35,0))/100,0),IF(E41="CH",D40-F40,""))
A42: {=+IFERROR(INDEX('Conteo 18-02-26'!$B:$B,MATCH(1,('Conteo 18-02-26'!$E:$E=$B42)*('Conteo 18-02-26'!$A:$A="Rumbo"),0)),"")} | B42: =+B40+1 -> 15 | C42: {=+IFERROR(INDEX('Conteo 18-02-26'!$C:$C,MATCH(1,('Conteo 18-02-26'!$E:$E=$B42)*('Conteo 18-02-26'!$A:$A="Rumbo"),0)),"")} | D42: {=+IFERROR(INDEX('Conteo 18-02-26'!$D:$D,MATCH(1,('Conteo 18-02-26'!$E:$E=$B42)*('Conteo 18-02-26'!A:A:'Conteo 18-02-26'!$A:$A="Rumbo"),0)),"")} | E42: =+IF(E41="LK","CH",IF(D42="","",IF(D42>0,"LK","CH"))) | F42: =+IF(OR(E42="LK"),ROUNDUP(D42*(VLOOKUP(B42,'Conteo 18-02-26'!$E:$AN,35,0))/100,0),IF(E42="CH",D41-F41,""))
E43: =+IF(E42="LK","CH",IF(D43="","",IF(D43>0,"LK","CH"))) | F43: =+IF(OR(E43="LK"),ROUNDUP(D43*(VLOOKUP(B43,'Conteo 18-02-26'!$E:$AN,35,0))/100,0),IF(E43="CH",D42-F42,""))

Sheet O.C. Casa Landau 
A1: Loekemeyer Hnos. S.R.L | F1: Chef SRL
A2: CUIT: | C2: 30-51584245-0 | F2: CUIT: | H2: 30-68575625-7
A3: DIRECCION: | C3: Cervantes 2868 | F3: DIRECCION: | H3: Virgilio 2788
A4: LOCALIDAD: | C4: Villa Devoto, CABA | F4: LOCALIDAD: | H4: Villa Real, CABA
A6: ORDEN DE COMPRA | F6: FECHA PEDIDO: | I6: =+TODAY() -> 46099
A8: RAZON SOCIAL: | C8: CASA LANDAU | D8: COD PROV: | E8: 3228 | F8: ENTREGA EN: | I8: Cervantes 2868
A10: FACTURAR Loekemeyer 70% Chef 30%
A12: ESTE PEDIDO ANULA CUALQUIER PEDIDO ANTERIOR
A13: Cód ISIS | B13: N° Ord | C13: Descripcion Material | D13: Pedido KG | E13: Emp | F13: KG a FC | G13: Fecha Pos Ent | H13: Fecha Ent | I13: Kg Ent | J13: Fecha Ent | K13: Kg Ent | L13: Fecha Ent | M13: Kg Ent
A14: {=+IFERROR(INDEX('Conteo 18-02-26'!$B:$B,MATCH(1,('Conteo 18-02-26'!$E:$E=$B14)*('Conteo 18-02-26'!$A:$A="Casa Landau"),0)),"")} -> 1130500 | B14: 1 | C14: {=+IFERROR(INDEX('Conteo 18-02-26'!$C:$C,MATCH(1,('Conteo 18-02-26'!$E:$E=$B14)*('Conteo 18-02-26'!$A:$A="Casa Landau"),0)),"")} -> Aro p/Llavero Grande | D14: {=+IFERROR(INDEX('Conteo 18-02-26'!$D:$D,MATCH(1,('Conteo 18-02-26'!$E:$E=$B14)*('Conteo 18-02-26'!A:A:'Conteo 18-02-26'!$A:$A="Casa Landau"),0)),"")} -> 1000 | E14: =+IF(E13="LK","CH",IF(D14="","",IF(D14>0,"LK","CH"))) -> LK | F14: =+IF(OR(E14="LK"),ROUNDUP(D14*(VLOOKUP(B14,'Conteo 18-02-26'!$E:$AN,35,0))/100,0),IF(E14="CH",D13-F13,"")) -> 700
E15: =+IF(E14="LK","CH",IF(D15="","",IF(D15>0,"LK","CH"))) -> CH | F15: =+IF(OR(E15="LK"),ROUNDUP(D15*(VLOOKUP(B15,'Conteo 18-02-26'!$E:$AN,35,0))/100,0),IF(E15="CH",D14-F14,"")) -> 300
A16: {=+IFERROR(INDEX('Conteo 18-02-26'!$B:$B,MATCH(1,('Conteo 18-02-26'!$E:$E=$B16)*('Conteo 18-02-26'!$A:$A="Casa Landau"),0)),"")} | B16: =+B14+1 -> 2 | C16: {=+IFERROR(INDEX('Conteo 18-02-26'!$C:$C,MATCH(1,('Conteo 18-02-26'!$E:$E=$B16)*('Conteo 18-02-26'!$A:$A="Casa Landau"),0)),"")} | D16: {=+IFERROR(INDEX('Conteo 18-02-26'!$D:$D,MATCH(1,('Conteo 18-02-26'!$E:$E=$B16)*('Conteo 18-02-26'!A:A:'Conteo 18-02-26'!$A:$A="Casa Landau"),0)),"")} | E16: =+IF(E15="LK","CH",IF(D16="","",IF(D16>0,"LK","CH"))) | F16: =+IF(OR(E16="LK"),ROUNDUP(D16*(VLOOKUP(B16,'Conteo 18-02-26'!$E:$AN,35,0))/100,0),IF(E16="CH",D15-F15,""))
E17: =+IF(E16="LK","CH",IF(D17="","",IF(D17>0,"LK","CH"))) | F17: =+IF(OR(E17="LK"),ROUNDUP(D17*(VLOOKUP(B17,'Conteo 18-02-26'!$E:$AN,35,0))/100,0),IF(E17="CH",D16-F16,""))
A18: {=+IFERROR(INDEX('Conteo 18-02-26'!$B:$B,MATCH(1,('Conteo 18-02-26'!$E:$E=$B18)*('Conteo 18-02-26'!$A:$A="Casa Landau"),0)),"")} | B18: =+B16+1 -> 3 | C18: {=+IFERROR(INDEX('Conteo 18-02-26'!$C:$C,MATCH(1,('Conteo 18-02-26'!$E:$E=$B18)*('Conteo 18-02-26'!$A:$A="Casa Landau"),0)),"")} | D18: {=+IFERROR(INDEX('Conteo 18-02-26'!$D:$D,MATCH(1,('Conteo 18-02-26'!$E:$E=$B18)*('Conteo 18-02-26'!A:A:'Conteo 18-02-26'!$A:$A="Casa Landau"),0)),"")} | E18: =+IF(E17="LK","CH",IF(D18="","",IF(D18>0,"LK","CH"))) | F18: =+IF(OR(E18="LK"),ROUNDUP(D18*(VLOOKUP(B18,'Conteo 18-02-26'!$E:$AN,35,0))/100,0),IF(E18="CH",D17-F17,""))
E19: =+IF(E18="LK","CH",IF(D19="","",IF(D19>0,"LK","CH"))) | F19: =+IF(OR(E19="LK"),ROUNDUP(D19*(VLOOKUP(B19,'Conteo 18-02-26'!$E:$AN,35,0))/100,0),IF(E19="CH",D18-F18,""))
A20: {=+IFERROR(INDEX('Conteo 18-02-26'!$B:$B,MATCH(1,('Conteo 18-02-26'!$E:$E=$B20)*('Conteo 18-02-26'!$A:$A="Casa Landau"),0)),"")} | B20: =+B18+1 -> 4 | C20: {=+IFERROR(INDEX('Conteo 18-02-26'!$C:$C,MATCH(1,('Conteo 18-02-26'!$E:$E=$B20)*('Conteo 18-02-26'!$A:$A="Casa Landau"),0)),"")} | D20: {=+IFERROR(INDEX('Conteo 18-02-26'!$D:$D,MATCH(1,('Conteo 18-02-26'!$E:$E=$B20)*('Conteo 18-02-26'!A:A:'Conteo 18-02-26'!$A:$A="Casa Landau"),0)),"")} | E20: =+IF(E19="LK","CH",IF(D20="","",IF(D20>0,"LK","CH"))) | F20: =+IF(OR(E20="LK"),ROUNDUP(D20*(VLOOKUP(B20,'Conteo 18-02-26'!$E:$AN,35,0))/100,0),IF(E20="CH",D19-F19,""))
E21: =+IF(E20="LK","CH",IF(D21="","",IF(D21>0,"LK","CH"))) | F21: =+IF(OR(E21="LK"),ROUNDUP(D21*(VLOOKUP(B21,'Conteo 18-02-26'!$E:$AN,35,0))/100,0),IF(E21="CH",D20-F20,""))
A22: {=+IFERROR(INDEX('Conteo 18-02-26'!$B:$B,MATCH(1,('Conteo 18-02-26'!$E:$E=$B22)*('Conteo 18-02-26'!$A:$A="Casa Landau"),0)),"")} | B22: =+B20+1 -> 5 | C22: {=+IFERROR(INDEX('Conteo 18-02-26'!$C:$C,MATCH(1,('Conteo 18-02-26'!$E:$E=$B22)*('Conteo 18-02-26'!$A:$A="Casa Landau"),0)),"")} | D22: {=+IFERROR(INDEX('Conteo 18-02-26'!$D:$D,MATCH(1,('Conteo 18-02-26'!$E:$E=$B22)*('Conteo 18-02-26'!A:A:'Conteo 18-02-26'!$A:$A="Casa Landau"),0)),"")} | E22: =+IF(E21="LK","CH",IF(D22="","",IF(D22>0,"LK","CH"))) | F22: =+IF(OR(E22="LK"),ROUNDUP(D22*(VLOOKUP(B22,'Conteo 18-02-26'!$E:$AN,35,0))/100,0),IF(E22="CH",D21-F21,""))
E23: =+IF(E22="LK","CH",IF(D23="","",IF(D23>0,"LK","CH"))) | F23: =+IF(OR(E23="LK"),ROUNDUP(D23*(VLOOKUP(B23,'Conteo 18-02-26'!$E:$AN,35,0))/100,0),IF(E23="CH",D22-F22,""))
A24: {=+IFERROR(INDEX('Conteo 18-02-26'!$B:$B,MATCH(1,('Conteo 18-02-26'!$E:$E=$B24)*('Conteo 18-02-26'!$A:$A="Casa Landau"),0)),"")} | B24: =+B22+1 -> 6 | C24: {=+IFERROR(INDEX('Conteo 18-02-26'!$C:$C,MATCH(1,('Conteo 18-02-26'!$E:$E=$B24)*('Conteo 18-02-26'!$A:$A="Casa Landau"),0)),"")} | D24: {=+IFERROR(INDEX('Conteo 18-02-26'!$D:$D,MATCH(1,('Conteo 18-02-26'!$E:$E=$B24)*('Conteo 18-02-26'!A:A:'Conteo 18-02-26'!$A:$A="Casa Landau"),0)),"")} | E24: =+IF(E23="LK","CH",IF(D24="","",IF(D24>0,"LK","CH"))) | F24: =+IF(OR(E24="LK"),ROUNDUP(D24*(VLOOKUP(B24,'Conteo 18-02-26'!$E:$AN,35,0))/100,0),IF(E24="CH",D23-F23,""))
E25: =+IF(E24="LK","CH",IF(D25="","",IF(D25>0,"LK","CH"))) | F25: =+IF(OR(E25="LK"),ROUNDUP(D25*(VLOOKUP(B25,'Conteo 18-02-26'!$E:$AN,35,0))/100,0),IF(E25="CH",D24-F24,""))
A26: {=+IFERROR(INDEX('Conteo 18-02-26'!$B:$B,MATCH(1,('Conteo 18-02-26'!$E:$E=$B26)*('Conteo 18-02-26'!$A:$A="Casa Landau"),0)),"")} | B26: =+B24+1 -> 7 | C26: {=+IFERROR(INDEX('Conteo 18-02-26'!$C:$C,MATCH(1,('Conteo 18-02-26'!$E:$E=$B26)*('Conteo 18-02-26'!$A:$A="Casa Landau"),0)),"")} | D26: {=+IFERROR(INDEX('Conteo 18-02-26'!$D:$D,MATCH(1,('Conteo 18-02-26'!$E:$E=$B26)*('Conteo 18-02-26'!A:A:'Conteo 18-02-26'!$A:$A="Casa Landau"),0)),"")} | E26: =+IF(E25="LK","CH",IF(D26="","",IF(D26>0,"LK","CH"))) | F26: =+IF(OR(E26="LK"),ROUNDUP(D26*(VLOOKUP(B26,'Conteo 18-02-26'!$E:$AN,35,0))/100,0),IF(E26="CH",D25-F25,""))
E27: =+IF(E26="LK","CH",IF(D27="","",IF(D27>0,"LK","CH"))) | F27: =+IF(OR(E27="LK"),ROUNDUP(D27*(VLOOKUP(B27,'Conteo 18-02-26'!$E:$AN,35,0))/100,0),IF(E27="CH",D26-F26,""))
A28: {=+IFERROR(INDEX('Conteo 18-02-26'!$B:$B,MATCH(1,('Conteo 18-02-26'!$E:$E=$B28)*('Conteo 18-02-26'!$A:$A="Casa Landau"),0)),"")} | B28: =+B26+1 -> 8 | C28: {=+IFERROR(INDEX('Conteo 18-02-26'!$C:$C,MATCH(1,('Conteo 18-02-26'!$E:$E=$B28)*('Conteo 18-02-26'!$A:$A="Casa Landau"),0)),"")} | D28: {=+IFERROR(INDEX('Conteo 18-02-26'!$D:$D,MATCH(1,('Conteo 18-02-26'!$E:$E=$B28)*('Conteo 18-02-26'!A:A:'Conteo 18-02-26'!$A:$A="Casa Landau"),0)),"")} | E28: =+IF(E27="LK","CH",IF(D28="","",IF(D28>0,"LK","CH"))) | F28: =+IF(OR(E28="LK"),ROUNDUP(D28*(VLOOKUP(B28,'Conteo 18-02-26'!$E:$AN,35,0))/100,0),IF(E28="CH",D27-F27,""))
E29: =+IF(E28="LK","CH",IF(D29="","",IF(D29>0,"LK","CH"))) | F29: =+IF(OR(E29="LK"),ROUNDUP(D29*(VLOOKUP(B29,'Conteo 18-02-26'!$E:$AN,35,0))/100,0),IF(E29="CH",D28-F28,""))
A30: {=+IFERROR(INDEX('Conteo 18-02-26'!$B:$B,MATCH(1,('Conteo 18-02-26'!$E:$E=$B30)*('Conteo 18-02-26'!$A:$A="Casa Landau"),0)),"")} | B30: =+B28+1 -> 9 | C30: {=+IFERROR(INDEX('Conteo 18-02-26'!$C:$C,MATCH(1,('Conteo 18-02-26'!$E:$E=$B30)*('Conteo 18-02-26'!$A:$A="Casa Landau"),0)),"")} | D30: {=+IFERROR(INDEX('Conteo 18-02-26'!$D:$D,MATCH(1,('Conteo 18-02-26'!$E:$E=$B30)*('Conteo 18-02-26'!A:A:'Conteo 18-02-26'!$A:$A="Casa Landau"),0)),"")} | E30: =+IF(E29="LK","CH",IF(D30="","",IF(D30>0,"LK","CH"))) | F30: =+IF(OR(E30="LK"),ROUNDUP(D30*(VLOOKUP(B30,'Conteo 18-02-26'!$E:$AN,35,0))/100,0),IF(E30="CH",D29-F29,""))
E31: =+IF(E30="LK","CH",IF(D31="","",IF(D31>0,"LK","CH"))) | F31: =+IF(OR(E31="LK"),ROUNDUP(D31*(VLOOKUP(B31,'Conteo 18-02-26'!$E:$AN,35,0))/100,0),IF(E31="CH",D30-F30,""))
A32: {=+IFERROR(INDEX('Conteo 18-02-26'!$B:$B,MATCH(1,('Conteo 18-02-26'!$E:$E=$B32)*('Conteo 18-02-26'!$A:$A="Casa Landau"),0)),"")} | B32: =+B30+1 -> 10 | C32: {=+IFERROR(INDEX('Conteo 18-02-26'!$C:$C,MATCH(1,('Conteo 18-02-26'!$E:$E=$B32)*('Conteo 18-02-26'!$A:$A="Casa Landau"),0)),"")} | D32: {=+IFERROR(INDEX('Conteo 18-02-26'!$D:$D,MATCH(1,('Conteo 18-02-26'!$E:$E=$B32)*('Conteo 18-02-26'!A:A:'Conteo 18-02-26'!$A:$A="Casa Landau"),0)),"")} | E32: =+IF(E31="LK","CH",IF(D32="","",IF(D32>0,"LK","CH"))) | F32: =+IF(OR(E32="LK"),ROUNDUP(D32*(VLOOKUP(B32,'Conteo 18-02-26'!$E:$AN,35,0))/100,0),IF(E32="CH",D31-F31,""))
E33: =+IF(E32="LK","CH",IF(D33="","",IF(D33>0,"LK","CH"))) | F33: =+IF(OR(E33="LK"),ROUNDUP(D33*(VLOOKUP(B33,'Conteo 18-02-26'!$E:$AN,35,0))/100,0),IF(E33="CH",D32-F32,""))
A34: {=+IFERROR(INDEX('Conteo 18-02-26'!$B:$B,MATCH(1,('Conteo 18-02-26'!$E:$E=$B34)*('Conteo 18-02-26'!$A:$A="Casa Landau"),0)),"")} | B34: =+B32+1 -> 11 | C34: {=+IFERROR(INDEX('Conteo 18-02-26'!$C:$C,MATCH(1,('Conteo 18-02-26'!$E:$E=$B34)*('Conteo 18-02-26'!$A:$A="Casa Landau"),0)),"")} | D34: {=+IFERROR(INDEX('Conteo 18-02-26'!$D:$D,MATCH(1,('Conteo 18-02-26'!$E:$E=$B34)*('Conteo 18-02-26'!A:A:'Conteo 18-02-26'!$A:$A="Casa Landau"),0)),"")} | E34: =+IF(E33="LK","CH",IF(D34="","",IF(D34>0,"LK","CH"))) | F34: =+IF(OR(E34="LK"),ROUNDUP(D34*(VLOOKUP(B34,'Conteo 18-02-26'!$E:$AN,35,0))/100,0),IF(E34="CH",D33-F33,""))
E35: =+IF(E34="LK","CH",IF(D35="","",IF(D35>0,"LK","CH"))) | F35: =+IF(OR(E35="LK"),ROUNDUP(D35*(VLOOKUP(B35,'Conteo 18-02-26'!$E:$AN,35,0))/100,0),IF(E35="CH",D34-F34,""))
A36: {=+IFERROR(INDEX('Conteo 18-02-26'!$B:$B,MATCH(1,('Conteo 18-02-26'!$E:$E=$B36)*('Conteo 18-02-26'!$A:$A="Casa Landau"),0)),"")} | B36: =+B34+1 -> 12 | C36: {=+IFERROR(INDEX('Conteo 18-02-26'!$C:$C,MATCH(1,('Conteo 18-02-26'!$E:$E=$B36)*('Conteo 18-02-26'!$A:$A="Casa Landau"),0)),"")} | D36: {=+IFERROR(INDEX('Conteo 18-02-26'!$D:$D,MATCH(1,('Conteo 18-02-26'!$E:$E=$B36)*('Conteo 18-02-26'!A:A:'Conteo 18-02-26'!$A:$A="Casa Landau"),0)),"")} | E36: =+IF(E35="LK","CH",IF(D36="","",IF(D36>0,"LK","CH"))) | F36: =+IF(OR(E36="LK"),ROUNDUP(D36*(VLOOKUP(B36,'Conteo 18-02-26'!$E:$AN,35,0))/100,0),IF(E36="CH",D35-F35,""))
E37: =+IF(E36="LK","CH",IF(D37="","",IF(D37>0,"LK","CH"))) | F37: =+IF(OR(E37="LK"),ROUNDUP(D37*(VLOOKUP(B37,'Conteo 18-02-26'!$E:$AN,35,0))/100,0),IF(E37="CH",D36-F36,""))
A38: {=+IFERROR(INDEX('Conteo 18-02-26'!$B:$B,MATCH(1,('Conteo 18-02-26'!$E:$E=$B38)*('Conteo 18-02-26'!$A:$A="Casa Landau"),0)),"")} | B38: =+B36+1 -> 13 | C38: {=+IFERROR(INDEX('Conteo 18-02-26'!$C:$C,MATCH(1,('Conteo 18-02-26'!$E:$E=$B38)*('Conteo 18-02-26'!$A:$A="Casa Landau"),0)),"")} | D38: {=+IFERROR(INDEX('Conteo 18-02-26'!$D:$D,MATCH(1,('Conteo 18-02-26'!$E:$E=$B38)*('Conteo 18-02-26'!A:A:'Conteo 18-02-26'!$A:$A="Casa Landau"),0)),"")} | E38: =+IF(E37="LK","CH",IF(D38="","",IF(D38>0,"LK","CH"))) | F38: =+IF(OR(E38="LK"),ROUNDUP(D38*(VLOOKUP(B38,'Conteo 18-02-26'!$E:$AN,35,0))/100,0),IF(E38="CH",D37-F37,""))
E39: =+IF(E38="LK","CH",IF(D39="","",IF(D39>0,"LK","CH"))) | F39: =+IF(OR(E39="LK"),ROUNDUP(D39*(VLOOKUP(B39,'Conteo 18-02-26'!$E:$AN,35,0))/100,0),IF(E39="CH",D38-F38,""))
A40: {=+IFERROR(INDEX('Conteo 18-02-26'!$B:$B,MATCH(1,('Conteo 18-02-26'!$E:$E=$B40)*('Conteo 18-02-26'!$A:$A="Casa Landau"),0)),"")} | B40: =+B38+1 -> 14 | C40: {=+IFERROR(INDEX('Conteo 18-02-26'!$C:$C,MATCH(1,('Conteo 18-02-26'!$E:$E=$B40)*('Conteo 18-02-26'!$A:$A="Casa Landau"),0)),"")} | D40: {=+IFERROR(INDEX('Conteo 18-02-26'!$D:$D,MATCH(1,('Conteo 18-02-26'!$E:$E=$B40)*('Conteo 18-02-26'!A:A:'Conteo 18-02-26'!$A:$A="Casa Landau"),0)),"")} | E40: =+IF(E39="LK","CH",IF(D40="","",IF(D40>0,"LK","CH"))) | F40: =+IF(OR(E40="LK"),ROUNDUP(D40*(VLOOKUP(B40,'Conteo 18-02-26'!$E:$AN,35,0))/100,0),IF(E40="CH",D39-F39,""))
E41: =+IF(E40="LK","CH",IF(D41="","",IF(D41>0,"LK","CH"))) | F41: =+IF(OR(E41="LK"),ROUNDUP(D41*(VLOOKUP(B41,'Conteo 18-02-26'!$E:$AN,35,0))/100,0),IF(E41="CH",D40-F40,""))
A42: {=+IFERROR(INDEX('Conteo 18-02-26'!$B:$B,MATCH(1,('Conteo 18-02-26'!$E:$E=$B42)*('Conteo 18-02-26'!$A:$A="Casa Landau"),0)),"")} | B42: =+B40+1 -> 15 | C42: {=+IFERROR(INDEX('Conteo 18-02-26'!$C:$C,MATCH(1,('Conteo 18-02-26'!$E:$E=$B42)*('Conteo 18-02-26'!$A:$A="Casa Landau"),0)),"")} | D42: {=+IFERROR(INDEX('Conteo 18-02-26'!$D:$D,MATCH(1,('Conteo 18-02-26'!$E:$E=$B42)*('Conteo 18-02-26'!A:A:'Conteo 18-02-26'!$A:$A="Casa Landau"),0)),"")} | E42: =+IF(E41="LK","CH",IF(D42="","",IF(D42>0,"LK","CH"))) | F42: =+IF(OR(E42="LK"),ROUNDUP(D42*(VLOOKUP(B42,'Conteo 18-02-26'!$E:$AN,35,0))/100,0),IF(E42="CH",D41-F41,""))
E43: =+IF(E42="LK","CH",IF(D43="","",IF(D43>0,"LK","CH"))) | F43: =+IF(OR(E43="LK"),ROUNDUP(D43*(VLOOKUP(B43,'Conteo 18-02-26'!$E:$AN,35,0))/100,0),IF(E43="CH",D42-F42,""))

Sheet O.C. Bella Vista
A1: Loekemeyer Hnos. S.R.L | F1: Chef SRL
A2: CUIT: | C2: 30-51584245-0 | F2: CUIT: | H2: 30-68575625-7
A3: DIRECCION: | C3: Cervantes 2868 | F3: DIRECCION: | H3: Virgilio 2788
A4: LOCALIDAD: | C4: Villa Devoto, CABA | F4: LOCALIDAD: | H4: Villa Real, CABA
A6: ORDEN DE COMPRA | F6: FECHA PEDIDO: | I6: =+TODAY() -> 46099
A8: RAZON SOCIAL: | C8: METALURGICA BELLA VISTA | D8: COD PROV: | E8: 890 | F8: ENTREGA EN: | I8: Cervantes 2868
A10: FACTURAR Loekemeyer 70% Chef 30%
A12: ESTE PEDIDO ANULA CUALQUIER PEDIDO ANTERIOR
A13: Cód ISIS | B13: N° Ord | C13: Descripcion Material | D13: Pedido KG | E13: Emp | F13: KG a FC | G13: Fecha Pos Ent | H13: Fecha Ent | I13: Kg Ent | J13: Fecha Ent | K13: Kg Ent | L13: Fecha Ent | M13: Kg Ent
A14: {=+IFERROR(INDEX('Conteo 18-02-26'!$B:$B,MATCH(1,('Conteo 18-02-26'!$E:$E=$B14)*('Conteo 18-02-26'!$A:$A="Bella Vista"),0)),"")} -> 1106500 | B14: 1 | C14: {=+IFERROR(INDEX('Conteo 18-02-26'!$C:$C,MATCH(1,('Conteo 18-02-26'!$E:$E=$B14)*('Conteo 18-02-26'!$A:$A="Bella Vista"),0)),"")} -> Tapita Aluminio | D14: {=+IFERROR(INDEX('Conteo 18-02-26'!$D:$D,MATCH(1,('Conteo 18-02-26'!$E:$E=$B14)*('Conteo 18-02-26'!A:A:'Conteo 18-02-26'!$A:$A="Bella Vista"),0)),"")} -> 40 | E14: =+IF(E13="LK","CH",IF(D14="","",IF(D14>0,"LK","CH"))) -> LK | F14: =+IF(OR(E14="LK"),ROUNDUP(D14*(VLOOKUP(B14,'Conteo 18-02-26'!$E:$AN,35,0))/100,0),IF(E14="CH",D13-F13,"")) -> 28
E15: =+IF(E14="LK","CH",IF(D15="","",IF(D15>0,"LK","CH"))) -> CH | F15: =+IF(OR(E15="LK"),ROUNDUP(D15*(VLOOKUP(B15,'Conteo 18-02-26'!$E:$AN,35,0))/100,0),IF(E15="CH",D14-F14,"")) -> 12
A16: {=+IFERROR(INDEX('Conteo 18-02-26'!$B:$B,MATCH(1,('Conteo 18-02-26'!$E:$E=$B16)*('Conteo 18-02-26'!$A:$A="Bella Vista"),0)),"")} | B16: =+B14+1 -> 2 | C16: {=+IFERROR(INDEX('Conteo 18-02-26'!$C:$C,MATCH(1,('Conteo 18-02-26'!$E:$E=$B16)*('Conteo 18-02-26'!$A:$A="Bella Vista"),0)),"")} | D16: {=+IFERROR(INDEX('Conteo 18-02-26'!$D:$D,MATCH(1,('Conteo 18-02-26'!$E:$E=$B16)*('Conteo 18-02-26'!A:A:'Conteo 18-02-26'!$A:$A="Bella Vista"),0)),"")} | E16: =+IF(E15="LK","CH",IF(D16="","",IF(D16>0,"LK","CH"))) | F16: =+IF(OR(E16="LK"),ROUNDUP(D16*(VLOOKUP(B16,'Conteo 18-02-26'!$E:$AN,35,0))/100,0),IF(E16="CH",D15-F15,""))
E17: =+IF(E16="LK","CH",IF(D17="","",IF(D17>0,"LK","CH"))) | F17: =+IF(OR(E17="LK"),ROUNDUP(D17*(VLOOKUP(B17,'Conteo 18-02-26'!$E:$AN,35,0))/100,0),IF(E17="CH",D16-F16,""))
A18: {=+IFERROR(INDEX('Conteo 18-02-26'!$B:$B,MATCH(1,('Conteo 18-02-26'!$E:$E=$B18)*('Conteo 18-02-26'!$A:$A="Bella Vista"),0)),"")} | B18: =+B16+1 -> 3 | C18: {=+IFERROR(INDEX('Conteo 18-02-26'!$C:$C,MATCH(1,('Conteo 18-02-26'!$E:$E=$B18)*('Conteo 18-02-26'!$A:$A="Bella Vista"),0)),"")} | D18: {=+IFERROR(INDEX('Conteo 18-02-26'!$D:$D,MATCH(1,('Conteo 18-02-26'!$E:$E=$B18)*('Conteo 18-02-26'!A:A:'Conteo 18-02-26'!$A:$A="Bella Vista"),0)),"")} | E18: =+IF(E17="LK","CH",IF(D18="","",IF(D18>0,"LK","CH"))) | F18: =+IF(OR(E18="LK"),ROUNDUP(D18*(VLOOKUP(B18,'Conteo 18-02-26'!$E:$AN,35,0))/100,0),IF(E18="CH",D17-F17,""))
E19: =+IF(E18="LK","CH",IF(D19="","",IF(D19>0,"LK","CH"))) | F19: =+IF(OR(E19="LK"),ROUNDUP(D19*(VLOOKUP(B19,'Conteo 18-02-26'!$E:$AN,35,0))/100,0),IF(E19="CH",D18-F18,""))
A20: {=+IFERROR(INDEX('Conteo 18-02-26'!$B:$B,MATCH(1,('Conteo 18-02-26'!$E:$E=$B20)*('Conteo 18-02-26'!$A:$A="Bella Vista"),0)),"")} | B20: =+B18+1 -> 4 | C20: {=+IFERROR(INDEX('Conteo 18-02-26'!$C:$C,MATCH(1,('Conteo 18-02-26'!$E:$E=$B20)*('Conteo 18-02-26'!$A:$A="Bella Vista"),0)),"")} | D20: {=+IFERROR(INDEX('Conteo 18-02-26'!$D:$D,MATCH(1,('Conteo 18-02-26'!$E:$E=$B20)*('Conteo 18-02-26'!A:A:'Conteo 18-02-26'!$A:$A="Bella Vista"),0)),"")} | E20: =+IF(E19="LK","CH",IF(D20="","",IF(D20>0,"LK","CH"))) | F20: =+IF(OR(E20="LK"),ROUNDUP(D20*(VLOOKUP(B20,'Conteo 18-02-26'!$E:$AN,35,0))/100,0),IF(E20="CH",D19-F19,""))
E21: =+IF(E20="LK","CH",IF(D21="","",IF(D21>0,"LK","CH"))) | F21: =+IF(OR(E21="LK"),ROUNDUP(D21*(VLOOKUP(B21,'Conteo 18-02-26'!$E:$AN,35,0))/100,0),IF(E21="CH",D20-F20,""))
A22: {=+IFERROR(INDEX('Conteo 18-02-26'!$B:$B,MATCH(1,('Conteo 18-02-26'!$E:$E=$B22)*('Conteo 18-02-26'!$A:$A="Bella Vista"),0)),"")} | B22: =+B20+1 -> 5 | C22: {=+IFERROR(INDEX('Conteo 18-02-26'!$C:$C,MATCH(1,('Conteo 18-02-26'!$E:$E=$B22)*('Conteo 18-02-26'!$A:$A="Bella Vista"),0)),"")} | D22: {=+IFERROR(INDEX('Conteo 18-02-26'!$D:$D,MATCH(1,('Conteo 18-02-26'!$E:$E=$B22)*('Conteo 18-02-26'!A:A:'Conteo 18-02-26'!$A:$A="Bella Vista"),0)),"")} | E22: =+IF(E21="LK","CH",IF(D22="","",IF(D22>0,"LK","CH"))) | F22: =+IF(OR(E22="LK"),ROUNDUP(D22*(VLOOKUP(B22,'Conteo 18-02-26'!$E:$AN,35,0))/100,0),IF(E22="CH",D21-F21,""))
E23: =+IF(E22="LK","CH",IF(D23="","",IF(D23>0,"LK","CH"))) | F23: =+IF(OR(E23="LK"),ROUNDUP(D23*(VLOOKUP(B23,'Conteo 18-02-26'!$E:$AN,35,0))/100,0),IF(E23="CH",D22-F22,""))
A24: {=+IFERROR(INDEX('Conteo 18-02-26'!$B:$B,MATCH(1,('Conteo 18-02-26'!$E:$E=$B24)*('Conteo 18-02-26'!$A:$A="Bella Vista"),0)),"")} | B24: =+B22+1 -> 6 | C24: {=+IFERROR(INDEX('Conteo 18-02-26'!$C:$C,MATCH(1,('Conteo 18-02-26'!$E:$E=$B24)*('Conteo 18-02-26'!$A:$A="Bella Vista"),0)),"")} | D24: {=+IFERROR(INDEX('Conteo 18-02-26'!$D:$D,MATCH(1,('Conteo 18-02-26'!$E:$E=$B24)*('Conteo 18-02-26'!A:A:'Conteo 18-02-26'!$A:$A="Bella Vista"),0)),"")} | E24: =+IF(E23="LK","CH",IF(D24="","",IF(D24>0,"LK","CH"))) | F24: =+IF(OR(E24="LK"),ROUNDUP(D24*(VLOOKUP(B24,'Conteo 18-02-26'!$E:$AN,35,0))/100,0),IF(E24="CH",D23-F23,""))
E25: =+IF(E24="LK","CH",IF(D25="","",IF(D25>0,"LK","CH"))) | F25: =+IF(OR(E25="LK"),ROUNDUP(D25*(VLOOKUP(B25,'Conteo 18-02-26'!$E:$AN,35,0))/100,0),IF(E25="CH",D24-F24,""))
A26: {=+IFERROR(INDEX('Conteo 18-02-26'!$B:$B,MATCH(1,('Conteo 18-02-26'!$E:$E=$B26)*('Conteo 18-02-26'!$A:$A="Bella Vista"),0)),"")} | B26: =+B24+1 -> 7 | C26: {=+IFERROR(INDEX('Conteo 18-02-26'!$C:$C,MATCH(1,('Conteo 18-02-26'!$E:$E=$B26)*('Conteo 18-02-26'!$A:$A="Bella Vista"),0)),"")} | D26: {=+IFERROR(INDEX('Conteo 18-02-26'!$D:$D,MATCH(1,('Conteo 18-02-26'!$E:$E=$B26)*('Conteo 18-02-26'!A:A:'Conteo 18-02-26'!$A:$A="Bella Vista"),0)),"")} | E26: =+IF(E25="LK","CH",IF(D26="","",IF(D26>0,"LK","CH"))) | F26: =+IF(OR(E26="LK"),ROUNDUP(D26*(VLOOKUP(B26,'Conteo 18-02-26'!$E:$AN,35,0))/100,0),IF(E26="CH",D25-F25,""))
E27: =+IF(E26="LK","CH",IF(D27="","",IF(D27>0,"LK","CH"))) | F27: =+IF(OR(E27="LK"),ROUNDUP(D27*(VLOOKUP(B27,'Conteo 18-02-26'!$E:$AN,35,0))/100,0),IF(E27="CH",D26-F26,""))
A28: {=+IFERROR(INDEX('Conteo 18-02-26'!$B:$B,MATCH(1,('Conteo 18-02-26'!$E:$E=$B28)*('Conteo 18-02-26'!$A:$A="Bella Vista"),0)),"")} | B28: =+B26+1 -> 8 | C28: {=+IFERROR(INDEX('Conteo 18-02-26'!$C:$C,MATCH(1,('Conteo 18-02-26'!$E:$E=$B28)*('Conteo 18-02-26'!$A:$A="Bella Vista"),0)),"")} | D28: {=+IFERROR(INDEX('Conteo 18-02-26'!$D:$D,MATCH(1,('Conteo 18-02-26'!$E:$E=$B28)*('Conteo 18-02-26'!A:A:'Conteo 18-02-26'!$A:$A="Bella Vista"),0)),"")} | E28: =+IF(E27="LK","CH",IF(D28="","",IF(D28>0,"LK","CH"))) | F28: =+IF(OR(E28="LK"),ROUNDUP(D28*(VLOOKUP(B28,'Conteo 18-02-26'!$E:$AN,35,0))/100,0),IF(E28="CH",D27-F27,""))
E29: =+IF(E28="LK","CH",IF(D29="","",IF(D29>0,"LK","CH"))) | F29: =+IF(OR(E29="LK"),ROUNDUP(D29*(VLOOKUP(B29,'Conteo 18-02-26'!$E:$AN,35,0))/100,0),IF(E29="CH",D28-F28,""))
A30: {=+IFERROR(INDEX('Conteo 18-02-26'!$B:$B,MATCH(1,('Conteo 18-02-26'!$E:$E=$B30)*('Conteo 18-02-26'!$A:$A="Bella Vista"),0)),"")} | B30: =+B28+1 -> 9 | C30: {=+IFERROR(INDEX('Conteo 18-02-26'!$C:$C,MATCH(1,('Conteo 18-02-26'!$E:$E=$B30)*('Conteo 18-02-26'!$A:$A="Bella Vista"),0)),"")} | D30: {=+IFERROR(INDEX('Conteo 18-02-26'!$D:$D,MATCH(1,('Conteo 18-02-26'!$E:$E=$B30)*('Conteo 18-02-26'!A:A:'Conteo 18-02-26'!$A:$A="Bella Vista"),0)),"")} | E30: =+IF(E29="LK","CH",IF(D30="","",IF(D30>0,"LK","CH"))) | F30: =+IF(OR(E30="LK"),ROUNDUP(D30*(VLOOKUP(B30,'Conteo 18-02-26'!$E:$AN,35,0))/100,0),IF(E30="CH",D29-F29,""))
E31: =+IF(E30="LK","CH",IF(D31="","",IF(D31>0,"LK","CH"))) | F31: =+IF(OR(E31="LK"),ROUNDUP(D31*(VLOOKUP(B31,'Conteo 18-02-26'!$E:$AN,35,0))/100,0),IF(E31="CH",D30-F30,""))
A32: {=+IFERROR(INDEX('Conteo 18-02-26'!$B:$B,MATCH(1,('Conteo 18-02-26'!$E:$E=$B32)*('Conteo 18-02-26'!$A:$A="Bella Vista"),0)),"")} | B32: =+B30+1 -> 10 | C32: {=+IFERROR(INDEX('Conteo 18-02-26'!$C:$C,MATCH(1,('Conteo 18-02-26'!$E:$E=$B32)*('Conteo 18-02-26'!$A:$A="Bella Vista"),0)),"")} | D32: {=+IFERROR(INDEX('Conteo 18-02-26'!$D:$D,MATCH(1,('Conteo 18-02-26'!$E:$E=$B32)*('Conteo 18-02-26'!A:A:'Conteo 18-02-26'!$A:$A="Bella Vista"),0)),"")} | E32: =+IF(E31="LK","CH",IF(D32="","",IF(D32>0,"LK","CH"))) | F32: =+IF(OR(E32="LK"),ROUNDUP(D32*(VLOOKUP(B32,'Conteo 18-02-26'!$E:$AN,35,0))/100,0),IF(E32="CH",D31-F31,""))
E33: =+IF(E32="LK","CH",IF(D33="","",IF(D33>0,"LK","CH"))) | F33: =+IF(OR(E33="LK"),ROUNDUP(D33*(VLOOKUP(B33,'Conteo 18-02-26'!$E:$AN,35,0))/100,0),IF(E33="CH",D32-F32,""))
A34: {=+IFERROR(INDEX('Conteo 18-02-26'!$B:$B,MATCH(1,('Conteo 18-02-26'!$E:$E=$B34)*('Conteo 18-02-26'!$A:$A="Bella Vista"),0)),"")} | B34: =+B32+1 -> 11 | C34: {=+IFERROR(INDEX('Conteo 18-02-26'!$C:$C,MATCH(1,('Conteo 18-02-26'!$E:$E=$B34)*('Conteo 18-02-26'!$A:$A="Bella Vista"),0)),"")} | D34: {=+IFERROR(INDEX('Conteo 18-02-26'!$D:$D,MATCH(1,('Conteo 18-02-26'!$E:$E=$B34)*('Conteo 18-02-26'!A:A:'Conteo 18-02-26'!$A:$A="Bella Vista"),0)),"")} | E34: =+IF(E33="LK","CH",IF(D34="","",IF(D34>0,"LK","CH"))) | F34: =+IF(OR(E34="LK"),ROUNDUP(D34*(VLOOKUP(B34,'Conteo 18-02-26'!$E:$AN,35,0))/100,0),IF(E34="CH",D33-F33,""))
E35: =+IF(E34="LK","CH",IF(D35="","",IF(D35>0,"LK","CH"))) | F35: =+IF(OR(E35="LK"),ROUNDUP(D35*(VLOOKUP(B35,'Conteo 18-02-26'!$E:$AN,35,0))/100,0),IF(E35="CH",D34-F34,""))
A36: {=+IFERROR(INDEX('Conteo 18-02-26'!$B:$B,MATCH(1,('Conteo 18-02-26'!$E:$E=$B36)*('Conteo 18-02-26'!$A:$A="Bella Vista"),0)),"")} | B36: =+B34+1 -> 12 | C36: {=+IFERROR(INDEX('Conteo 18-02-26'!$C:$C,MATCH(1,('Conteo 18-02-26'!$E:$E=$B36)*('Conteo 18-02-26'!$A:$A="Bella Vista"),0)),"")} | D36: {=+IFERROR(INDEX('Conteo 18-02-26'!$D:$D,MATCH(1,('Conteo 18-02-26'!$E:$E=$B36)*('Conteo 18-02-26'!A:A:'Conteo 18-02-26'!$A:$A="Bella Vista"),0)),"")} | E36: =+IF(E35="LK","CH",IF(D36="","",IF(D36>0,"LK","CH"))) | F36: =+IF(OR(E36="LK"),ROUNDUP(D36*(VLOOKUP(B36,'Conteo 18-02-26'!$E:$AN,35,0))/100,0),IF(E36="CH",D35-F35,""))
E37: =+IF(E36="LK","CH",IF(D37="","",IF(D37>0,"LK","CH"))) | F37: =+IF(OR(E37="LK"),ROUNDUP(D37*(VLOOKUP(B37,'Conteo 18-02-26'!$E:$AN,35,0))/100,0),IF(E37="CH",D36-F36,""))
A38: {=+IFERROR(INDEX('Conteo 18-02-26'!$B:$B,MATCH(1,('Conteo 18-02-26'!$E:$E=$B38)*('Conteo 18-02-26'!$A:$A="Bella Vista"),0)),"")} | B38: =+B36+1 -> 13 | C38: {=+IFERROR(INDEX('Conteo 18-02-26'!$C:$C,MATCH(1,('Conteo 18-02-26'!$E:$E=$B38)*('Conteo 18-02-26'!$A:$A="Bella Vista"),0)),"")} | D38: {=+IFERROR(INDEX('Conteo 18-02-26'!$D:$D,MATCH(1,('Conteo 18-02-26'!$E:$E=$B38)*('Conteo 18-02-26'!A:A:'Conteo 18-02-26'!$A:$A="Bella Vista"),0)),"")} | E38: =+IF(E37="LK","CH",IF(D38="","",IF(D38>0,"LK","CH"))) | F38: =+IF(OR(E38="LK"),ROUNDUP(D38*(VLOOKUP(B38,'Conteo 18-02-26'!$E:$AN,35,0))/100,0),IF(E38="CH",D37-F37,""))
E39: =+IF(E38="LK","CH",IF(D39="","",IF(D39>0,"LK","CH"))) | F39: =+IF(OR(E39="LK"),ROUNDUP(D39*(VLOOKUP(B39,'Conteo 18-02-26'!$E:$AN,35,0))/100,0),IF(E39="CH",D38-F38,""))
A40: {=+IFERROR(INDEX('Conteo 18-02-26'!$B:$B,MATCH(1,('Conteo 18-02-26'!$E:$E=$B40)*('Conteo 18-02-26'!$A:$A="Bella Vista"),0)),"")} | B40: =+B38+1 -> 14 | C40: {=+IFERROR(INDEX('Conteo 18-02-26'!$C:$C,MATCH(1,('Conteo 18-02-26'!$E:$E=$B40)*('Conteo 18-02-26'!$A:$A="Bella Vista"),0)),"")} | D40: {=+IFERROR(INDEX('Conteo 18-02-26'!$D:$D,MATCH(1,('Conteo 18-02-26'!$E:$E=$B40)*('Conteo 18-02-26'!A:A:'Conteo 18-02-26'!$A:$A="Bella Vista"),0)),"")} | E40: =+IF(E39="LK","CH",IF(D40="","",IF(D40>0,"LK","CH"))) | F40: =+IF(OR(E40="LK"),ROUNDUP(D40*(VLOOKUP(B40,'Conteo 18-02-26'!$E:$AN,35,0))/100,0),IF(E40="CH",D39-F39,""))
E41: =+IF(E40="LK","CH",IF(D41="","",IF(D41>0,"LK","CH"))) | F41: =+IF(OR(E41="LK"),ROUNDUP(D41*(VLOOKUP(B41,'Conteo 18-02-26'!$E:$AN,35,0))/100,0),IF(E41="CH",D40-F40,""))
A42: {=+IFERROR(INDEX('Conteo 18-02-26'!$B:$B,MATCH(1,('Conteo 18-02-26'!$E:$E=$B42)*('Conteo 18-02-26'!$A:$A="Bella Vista"),0)),"")} | B42: =+B40+1 -> 15 | C42: {=+IFERROR(INDEX('Conteo 18-02-26'!$C:$C,MATCH(1,('Conteo 18-02-26'!$E:$E=$B42)*('Conteo 18-02-26'!$A:$A="Bella Vista"),0)),"")} | D42: {=+IFERROR(INDEX('Conteo 18-02-26'!$D:$D,MATCH(1,('Conteo 18-02-26'!$E:$E=$B42)*('Conteo 18-02-26'!A:A:'Conteo 18-02-26'!$A:$A="Bella Vista"),0)),"")} | E42: =+IF(E41="LK","CH",IF(D42="","",IF(D42>0,"LK","CH"))) | F42: =+IF(OR(E42="LK"),ROUNDUP(D42*(VLOOKUP(B42,'Conteo 18-02-26'!$E:$AN,35,0))/100,0),IF(E42="CH",D41-F41,""))
E43: =+IF(E42="LK","CH",IF(D43="","",IF(D43>0,"LK","CH"))) | F43: =+IF(OR(E43="LK"),ROUNDUP(D43*(VLOOKUP(B43,'Conteo 18-02-26'!$E:$AN,35,0))/100,0),IF(E43="CH",D42-F42,""))

Sheet O.C. Giser
A1: Loekemeyer Hnos. S.R.L | F1: Chef SRL
A2: CUIT: | C2: 30-51584245-0 | F2: CUIT: | H2: 30-68575625-7
A3: DIRECCION: | C3: Cervantes 2868 | F3: DIRECCION: | H3: Virgilio 2788
A4: LOCALIDAD: | C4: Villa Devoto, CABA | F4: LOCALIDAD: | H4: Villa Real, CABA
A6: ORDEN DE COMPRA | F6: FECHA PEDIDO: | I6: =+TODAY() -> 46099
A8: RAZON SOCIAL: | C8: METALURGICA GISER | D8: COD PROV: | E8: 3327 | F8: ENTREGA EN: | I8: Cervantes 2868
A10: FACTURAR Loekemeyer 70% Chef 30%
A12: ESTE PEDIDO ANULA CUALQUIER PEDIDO ANTERIOR
A13: Cód ISIS | B13: N° Ord | C13: Descripcion Material | D13: Pedido KG | E13: Emp | F13: KG a FC | G13: Fecha Pos Ent | H13: Fecha Ent | I13: Kg Ent | J13: Fecha Ent | K13: Kg Ent | L13: Fecha Ent | M13: Kg Ent
A14: {=+IFERROR(INDEX('Conteo 18-02-26'!$B:$B,MATCH(1,('Conteo 18-02-26'!$E:$E=$B14)*('Conteo 18-02-26'!$A:$A="Giser"),0)),"")} -> 1175500 | B14: 1 | C14: {=+IFERROR(INDEX('Conteo 18-02-26'!$C:$C,MATCH(1,('Conteo 18-02-26'!$E:$E=$B14)*('Conteo 18-02-26'!$A:$A="Giser"),0)),"")} -> Caño Inox 140 mm | D14: {=+IFERROR(INDEX('Conteo 18-02-26'!$D:$D,MATCH(1,('Conteo 18-02-26'!$E:$E=$B14)*('Conteo 18-02-26'!A:A:'Conteo 18-02-26'!$A:$A="Giser"),0)),"")} -> 25 | E14: =+IF(E13="LK","CH",IF(D14="","",IF(D14>0,"LK","CH"))) -> LK | F14: =+IF(OR(E14="LK"),ROUNDUP(D14*(VLOOKUP(B14,'Conteo 18-02-26'!$E:$AN,35,0))/100,0),IF(E14="CH",D13-F13,"")) -> 18
E15: =+IF(E14="LK","CH",IF(D15="","",IF(D15>0,"LK","CH"))) -> CH | F15: =+IF(OR(E15="LK"),ROUNDUP(D15*(VLOOKUP(B15,'Conteo 18-02-26'!$E:$AN,35,0))/100,0),IF(E15="CH",D14-F14,"")) -> 7
A16: {=+IFERROR(INDEX('Conteo 18-02-26'!$B:$B,MATCH(1,('Conteo 18-02-26'!$E:$E=$B16)*('Conteo 18-02-26'!$A:$A="Giser"),0)),"")} | B16: =+B14+1 -> 2 | C16: {=+IFERROR(INDEX('Conteo 18-02-26'!$C:$C,MATCH(1,('Conteo 18-02-26'!$E:$E=$B16)*('Conteo 18-02-26'!$A:$A="Giser"),0)),"")} | D16: {=+IFERROR(INDEX('Conteo 18-02-26'!$D:$D,MATCH(1,('Conteo 18-02-26'!$E:$E=$B16)*('Conteo 18-02-26'!A:A:'Conteo 18-02-26'!$A:$A="Giser"),0)),"")} | E16: =+IF(E15="LK","CH",IF(D16="","",IF(D16>0,"LK","CH"))) | F16: =+IF(OR(E16="LK"),ROUNDUP(D16*(VLOOKUP(B16,'Conteo 18-02-26'!$E:$AN,35,0))/100,0),IF(E16="CH",D15-F15,""))
E17: =+IF(E16="LK","CH",IF(D17="","",IF(D17>0,"LK","CH"))) | F17: =+IF(OR(E17="LK"),ROUNDUP(D17*(VLOOKUP(B17,'Conteo 18-02-26'!$E:$AN,35,0))/100,0),IF(E17="CH",D16-F16,""))
A18: {=+IFERROR(INDEX('Conteo 18-02-26'!$B:$B,MATCH(1,('Conteo 18-02-26'!$E:$E=$B18)*('Conteo 18-02-26'!$A:$A="Giser"),0)),"")} | B18: =+B16+1 -> 3 | C18: {=+IFERROR(INDEX('Conteo 18-02-26'!$C:$C,MATCH(1,('Conteo 18-02-26'!$E:$E=$B18)*('Conteo 18-02-26'!$A:$A="Giser"),0)),"")} | D18: {=+IFERROR(INDEX('Conteo 18-02-26'!$D:$D,MATCH(1,('Conteo 18-02-26'!$E:$E=$B18)*('Conteo 18-02-26'!A:A:'Conteo 18-02-26'!$A:$A="Giser"),0)),"")} | E18: =+IF(E17="LK","CH",IF(D18="","",IF(D18>0,"LK","CH"))) | F18: =+IF(OR(E18="LK"),ROUNDUP(D18*(VLOOKUP(B18,'Conteo 18-02-26'!$E:$AN,35,0))/100,0),IF(E18="CH",D17-F17,""))
E19: =+IF(E18="LK","CH",IF(D19="","",IF(D19>0,"LK","CH"))) | F19: =+IF(OR(E19="LK"),ROUNDUP(D19*(VLOOKUP(B19,'Conteo 18-02-26'!$E:$AN,35,0))/100,0),IF(E19="CH",D18-F18,""))
A20: {=+IFERROR(INDEX('Conteo 18-02-26'!$B:$B,MATCH(1,('Conteo 18-02-26'!$E:$E=$B20)*('Conteo 18-02-26'!$A:$A="Giser"),0)),"")} | B20: =+B18+1 -> 4 | C20: {=+IFERROR(INDEX('Conteo 18-02-26'!$C:$C,MATCH(1,('Conteo 18-02-26'!$E:$E=$B20)*('Conteo 18-02-26'!$A:$A="Giser"),0)),"")} | D20: {=+IFERROR(INDEX('Conteo 18-02-26'!$D:$D,MATCH(1,('Conteo 18-02-26'!$E:$E=$B20)*('Conteo 18-02-26'!A:A:'Conteo 18-02-26'!$A:$A="Giser"),0)),"")} | E20: =+IF(E19="LK","CH",IF(D20="","",IF(D20>0,"LK","CH"))) | F20: =+IF(OR(E20="LK"),ROUNDUP(D20*(VLOOKUP(B20,'Conteo 18-02-26'!$E:$AN,35,0))/100,0),IF(E20="CH",D19-F19,""))
E21: =+IF(E20="LK","CH",IF(D21="","",IF(D21>0,"LK","CH"))) | F21: =+IF(OR(E21="LK"),ROUNDUP(D21*(VLOOKUP(B21,'Conteo 18-02-26'!$E:$AN,35,0))/100,0),IF(E21="CH",D20-F20,""))
A22: {=+IFERROR(INDEX('Conteo 18-02-26'!$B:$B,MATCH(1,('Conteo 18-02-26'!$E:$E=$B22)*('Conteo 18-02-26'!$A:$A="Giser"),0)),"")} | B22: =+B20+1 -> 5 | C22: {=+IFERROR(INDEX('Conteo 18-02-26'!$C:$C,MATCH(1,('Conteo 18-02-26'!$E:$E=$B22)*('Conteo 18-02-26'!$A:$A="Giser"),0)),"")} | D22: {=+IFERROR(INDEX('Conteo 18-02-26'!$D:$D,MATCH(1,('Conteo 18-02-26'!$E:$E=$B22)*('Conteo 18-02-26'!A:A:'Conteo 18-02-26'!$A:$A="Giser"),0)),"")} | E22: =+IF(E21="LK","CH",IF(D22="","",IF(D22>0,"LK","CH"))) | F22: =+IF(OR(E22="LK"),ROUNDUP(D22*(VLOOKUP(B22,'Conteo 18-02-26'!$E:$AN,35,0))/100,0),IF(E22="CH",D21-F21,""))
E23: =+IF(E22="LK","CH",IF(D23="","",IF(D23>0,"LK","CH"))) | F23: =+IF(OR(E23="LK"),ROUNDUP(D23*(VLOOKUP(B23,'Conteo 18-02-26'!$E:$AN,35,0))/100,0),IF(E23="CH",D22-F22,""))
A24: {=+IFERROR(INDEX('Conteo 18-02-26'!$B:$B,MATCH(1,('Conteo 18-02-26'!$E:$E=$B24)*('Conteo 18-02-26'!$A:$A="Giser"),0)),"")} | B24: =+B22+1 -> 6 | C24: {=+IFERROR(INDEX('Conteo 18-02-26'!$C:$C,MATCH(1,('Conteo 18-02-26'!$E:$E=$B24)*('Conteo 18-02-26'!$A:$A="Giser"),0)),"")} | D24: {=+IFERROR(INDEX('Conteo 18-02-26'!$D:$D,MATCH(1,('Conteo 18-02-26'!$E:$E=$B24)*('Conteo 18-02-26'!A:A:'Conteo 18-02-26'!$A:$A="Giser"),0)),"")} | E24: =+IF(E23="LK","CH",IF(D24="","",IF(D24>0,"LK","CH"))) | F24: =+IF(OR(E24="LK"),ROUNDUP(D24*(VLOOKUP(B24,'Conteo 18-02-26'!$E:$AN,35,0))/100,0),IF(E24="CH",D23-F23,""))
E25: =+IF(E24="LK","CH",IF(D25="","",IF(D25>0,"LK","CH"))) | F25: =+IF(OR(E25="LK"),ROUNDUP(D25*(VLOOKUP(B25,'Conteo 18-02-26'!$E:$AN,35,0))/100,0),IF(E25="CH",D24-F24,""))
A26: {=+IFERROR(INDEX('Conteo 18-02-26'!$B:$B,MATCH(1,('Conteo 18-02-26'!$E:$E=$B26)*('Conteo 18-02-26'!$A:$A="Giser"),0)),"")} | B26: =+B24+1 -> 7 | C26: {=+IFERROR(INDEX('Conteo 18-02-26'!$C:$C,MATCH(1,('Conteo 18-02-26'!$E:$E=$B26)*('Conteo 18-02-26'!$A:$A="Giser"),0)),"")} | D26: {=+IFERROR(INDEX('Conteo 18-02-26'!$D:$D,MATCH(1,('Conteo 18-02-26'!$E:$E=$B26)*('Conteo 18-02-26'!A:A:'Conteo 18-02-26'!$A:$A="Giser"),0)),"")} | E26: =+IF(E25="LK","CH",IF(D26="","",IF(D26>0,"LK","CH"))) | F26: =+IF(OR(E26="LK"),ROUNDUP(D26*(VLOOKUP(B26,'Conteo 18-02-26'!$E:$AN,35,0))/100,0),IF(E26="CH",D25-F25,""))
E27: =+IF(E26="LK","CH",IF(D27="","",IF(D27>0,"LK","CH"))) | F27: =+IF(OR(E27="LK"),ROUNDUP(D27*(VLOOKUP(B27,'Conteo 18-02-26'!$E:$AN,35,0))/100,0),IF(E27="CH",D26-F26,""))
A28: {=+IFERROR(INDEX('Conteo 18-02-26'!$B:$B,MATCH(1,('Conteo 18-02-26'!$E:$E=$B28)*('Conteo 18-02-26'!$A:$A="Giser"),0)),"")} | B28: =+B26+1 -> 8 | C28: {=+IFERROR(INDEX('Conteo 18-02-26'!$C:$C,MATCH(1,('Conteo 18-02-26'!$E:$E=$B28)*('Conteo 18-02-26'!$A:$A="Giser"),0)),"")} | D28: {=+IFERROR(INDEX('Conteo 18-02-26'!$D:$D,MATCH(1,('Conteo 18-02-26'!$E:$E=$B28)*('Conteo 18-02-26'!A:A:'Conteo 18-02-26'!$A:$A="Giser"),0)),"")} | E28: =+IF(E27="LK","CH",IF(D28="","",IF(D28>0,"LK","CH"))) | F28: =+IF(OR(E28="LK"),ROUNDUP(D28*(VLOOKUP(B28,'Conteo 18-02-26'!$E:$AN,35,0))/100,0),IF(E28="CH",D27-F27,""))
E29: =+IF(E28="LK","CH",IF(D29="","",IF(D29>0,"LK","CH"))) | F29: =+IF(OR(E29="LK"),ROUNDUP(D29*(VLOOKUP(B29,'Conteo 18-02-26'!$E:$AN,35,0))/100,0),IF(E29="CH",D28-F28,""))
A30: {=+IFERROR(INDEX('Conteo 18-02-26'!$B:$B,MATCH(1,('Conteo 18-02-26'!$E:$E=$B30)*('Conteo 18-02-26'!$A:$A="Giser"),0)),"")} | B30: =+B28+1 -> 9 | C30: {=+IFERROR(INDEX('Conteo 18-02-26'!$C:$C,MATCH(1,('Conteo 18-02-26'!$E:$E=$B30)*('Conteo 18-02-26'!$A:$A="Giser"),0)),"")} | D30: {=+IFERROR(INDEX('Conteo 18-02-26'!$D:$D,MATCH(1,('Conteo 18-02-26'!$E:$E=$B30)*('Conteo 18-02-26'!A:A:'Conteo 18-02-26'!$A:$A="Giser"),0)),"")} | E30: =+IF(E29="LK","CH",IF(D30="","",IF(D30>0,"LK","CH"))) | F30: =+IF(OR(E30="LK"),ROUNDUP(D30*(VLOOKUP(B30,'Conteo 18-02-26'!$E:$AN,35,0))/100,0),IF(E30="CH",D29-F29,""))
E31: =+IF(E30="LK","CH",IF(D31="","",IF(D31>0,"LK","CH"))) | F31: =+IF(OR(E31="LK"),ROUNDUP(D31*(VLOOKUP(B31,'Conteo 18-02-26'!$E:$AN,35,0))/100,0),IF(E31="CH",D30-F30,""))
A32: {=+IFERROR(INDEX('Conteo 18-02-26'!$B:$B,MATCH(1,('Conteo 18-02-26'!$E:$E=$B32)*('Conteo 18-02-26'!$A:$A="Giser"),0)),"")} | B32: =+B30+1 -> 10 | C32: {=+IFERROR(INDEX('Conteo 18-02-26'!$C:$C,MATCH(1,('Conteo 18-02-26'!$E:$E=$B32)*('Conteo 18-02-26'!$A:$A="Giser"),0)),"")} | D32: {=+IFERROR(INDEX('Conteo 18-02-26'!$D:$D,MATCH(1,('Conteo 18-02-26'!$E:$E=$B32)*('Conteo 18-02-26'!A:A:'Conteo 18-02-26'!$A:$A="Giser"),0)),"")} | E32: =+IF(E31="LK","CH",IF(D32="","",IF(D32>0,"LK","CH"))) | F32: =+IF(OR(E32="LK"),ROUNDUP(D32*(VLOOKUP(B32,'Conteo 18-02-26'!$E:$AN,35,0))/100,0),IF(E32="CH",D31-F31,""))
E33: =+IF(E32="LK","CH",IF(D33="","",IF(D33>0,"LK","CH"))) | F33: =+IF(OR(E33="LK"),ROUNDUP(D33*(VLOOKUP(B33,'Conteo 18-02-26'!$E:$AN,35,0))/100,0),IF(E33="CH",D32-F32,""))
A34: {=+IFERROR(INDEX('Conteo 18-02-26'!$B:$B,MATCH(1,('Conteo 18-02-26'!$E:$E=$B34)*('Conteo 18-02-26'!$A:$A="Giser"),0)),"")} | B34: =+B32+1 -> 11 | C34: {=+IFERROR(INDEX('Conteo 18-02-26'!$C:$C,MATCH(1,('Conteo 18-02-26'!$E:$E=$B34)*('Conteo 18-02-26'!$A:$A="Giser"),0)),"")} | D34: {=+IFERROR(INDEX('Conteo 18-02-26'!$D:$D,MATCH(1,('Conteo 18-02-26'!$E:$E=$B34)*('Conteo 18-02-26'!A:A:'Conteo 18-02-26'!$A:$A="Giser"),0)),"")} | E34: =+IF(E33="LK","CH",IF(D34="","",IF(D34>0,"LK","CH"))) | F34: =+IF(OR(E34="LK"),ROUNDUP(D34*(VLOOKUP(B34,'Conteo 18-02-26'!$E:$AN,35,0))/100,0),IF(E34="CH",D33-F33,""))
E35: =+IF(E34="LK","CH",IF(D35="","",IF(D35>0,"LK","CH"))) | F35: =+IF(OR(E35="LK"),ROUNDUP(D35*(VLOOKUP(B35,'Conteo 18-02-26'!$E:$AN,35,0))/100,0),IF(E35="CH",D34-F34,""))
A36: {=+IFERROR(INDEX('Conteo 18-02-26'!$B:$B,MATCH(1,('Conteo 18-02-26'!$E:$E=$B36)*('Conteo 18-02-26'!$A:$A="Giser"),0)),"")} | B36: =+B34+1 -> 12 | C36: {=+IFERROR(INDEX('Conteo 18-02-26'!$C:$C,MATCH(1,('Conteo 18-02-26'!$E:$E=$B36)*('Conteo 18-02-26'!$A:$A="Giser"),0)),"")} | D36: {=+IFERROR(INDEX('Conteo 18-02-26'!$D:$D,MATCH(1,('Conteo 18-02-26'!$E:$E=$B36)*('Conteo 18-02-26'!A:A:'Conteo 18-02-26'!$A:$A="Giser"),0)),"")} | E36: =+IF(E35="LK","CH",IF(D36="","",IF(D36>0,"LK","CH"))) | F36: =+IF(OR(E36="LK"),ROUNDUP(D36*(VLOOKUP(B36,'Conteo 18-02-26'!$E:$AN,35,0))/100,0),IF(E36="CH",D35-F35,""))
E37: =+IF(E36="LK","CH",IF(D37="","",IF(D37>0,"LK","CH"))) | F37: =+IF(OR(E37="LK"),ROUNDUP(D37*(VLOOKUP(B37,'Conteo 18-02-26'!$E:$AN,35,0))/100,0),IF(E37="CH",D36-F36,""))
A38: {=+IFERROR(INDEX('Conteo 18-02-26'!$B:$B,MATCH(1,('Conteo 18-02-26'!$E:$E=$B38)*('Conteo 18-02-26'!$A:$A="Giser"),0)),"")} | B38: =+B36+1 -> 13 | C38: {=+IFERROR(INDEX('Conteo 18-02-26'!$C:$C,MATCH(1,('Conteo 18-02-26'!$E:$E=$B38)*('Conteo 18-02-26'!$A:$A="Giser"),0)),"")} | D38: {=+IFERROR(INDEX('Conteo 18-02-26'!$D:$D,MATCH(1,('Conteo 18-02-26'!$E:$E=$B38)*('Conteo 18-02-26'!A:A:'Conteo 18-02-26'!$A:$A="Giser"),0)),"")} | E38: =+IF(E37="LK","CH",IF(D38="","",IF(D38>0,"LK","CH"))) | F38: =+IF(OR(E38="LK"),ROUNDUP(D38*(VLOOKUP(B38,'Conteo 18-02-26'!$E:$AN,35,0))/100,0),IF(E38="CH",D37-F37,""))
E39: =+IF(E38="LK","CH",IF(D39="","",IF(D39>0,"LK","CH"))) | F39: =+IF(OR(E39="LK"),ROUNDUP(D39*(VLOOKUP(B39,'Conteo 18-02-26'!$E:$AN,35,0))/100,0),IF(E39="CH",D38-F38,""))
A40: {=+IFERROR(INDEX('Conteo 18-02-26'!$B:$B,MATCH(1,('Conteo 18-02-26'!$E:$E=$B40)*('Conteo 18-02-26'!$A:$A="Giser"),0)),"")} | B40: =+B38+1 -> 14 | C40: {=+IFERROR(INDEX('Conteo 18-02-26'!$C:$C,MATCH(1,('Conteo 18-02-26'!$E:$E=$B40)*('Conteo 18-02-26'!$A:$A="Giser"),0)),"")} | D40: {=+IFERROR(INDEX('Conteo 18-02-26'!$D:$D,MATCH(1,('Conteo 18-02-26'!$E:$E=$B40)*('Conteo 18-02-26'!A:A:'Conteo 18-02-26'!$A:$A="Giser"),0)),"")} | E40: =+IF(E39="LK","CH",IF(D40="","",IF(D40>0,"LK","CH"))) | F40: =+IF(OR(E40="LK"),ROUNDUP(D40*(VLOOKUP(B40,'Conteo 18-02-26'!$E:$AN,35,0))/100,0),IF(E40="CH",D39-F39,""))
E41: =+IF(E40="LK","CH",IF(D41="","",IF(D41>0,"LK","CH"))) | F41: =+IF(OR(E41="LK"),ROUNDUP(D41*(VLOOKUP(B41,'Conteo 18-02-26'!$E:$AN,35,0))/100,0),IF(E41="CH",D40-F40,""))
A42: {=+IFERROR(INDEX('Conteo 18-02-26'!$B:$B,MATCH(1,('Conteo 18-02-26'!$E:$E=$B42)*('Conteo 18-02-26'!$A:$A="Giser"),0)),"")} | B42: =+B40+1 -> 15 | C42: {=+IFERROR(INDEX('Conteo 18-02-26'!$C:$C,MATCH(1,('Conteo 18-02-26'!$E:$E=$B42)*('Conteo 18-02-26'!$A:$A="Giser"),0)),"")} | D42: {=+IFERROR(INDEX('Conteo 18-02-26'!$D:$D,MATCH(1,('Conteo 18-02-26'!$E:$E=$B42)*('Conteo 18-02-26'!A:A:'Conteo 18-02-26'!$A:$A="Giser"),0)),"")} | E42: =+IF(E41="LK","CH",IF(D42="","",IF(D42>0,"LK","CH"))) | F42: =+IF(OR(E42="LK"),ROUNDUP(D42*(VLOOKUP(B42,'Conteo 18-02-26'!$E:$AN,35,0))/100,0),IF(E42="CH",D41-F41,""))
E43: =+IF(E42="LK","CH",IF(D43="","",IF(D43>0,"LK","CH"))) | F43: =+IF(OR(E43="LK"),ROUNDUP(D43*(VLOOKUP(B43,'Conteo 18-02-26'!$E:$AN,35,0))/100,0),IF(E43="CH",D42-F42,""))

Sheet Conteo 18-02-26
B1: CONTEO BOMBILLA
C3: FECHA: | D3: =+TODAY() -> 46099
C8: Este pedido anula cualquier pedido anterior
C9: Giser | D9: Fecha: | AA9: INFORMACION
B10: Cód ISIS | C10: Descripcion | D10: Pedido Damian | E10: Orden Prioridad | G10: % Ocup Relev | H10: % Ocup Total | J10: Max 3 Mes Uni/ KG | K10: Stock Uni/ KG | L10: Pedi Uni/ KG | N10: Stock Prov Serv Uni | O10: Stock Taller Uni | P10: Stock CD Uni | Q10: Stock Total Uni | S10: Max Taller Uni | T10: Max CD Uni | U10: Max Total Uni | W10: Sector | X10: Stock Bolsa/ Caj/ Rollo | Y10: Uni Suelta | AA10: Cons x Mes Uni | AB10: Cons x Mes Kg | AC10: Uni x B/C | AD10: Min Uni Compra | AE10: Prec x Uni | AF10: Min Kg Compra | AG10: Prec x Kg | AH10: KG x Uni | AI10: Prov | AJ10: Unidad de Medida Pedido | AK10: Max Mes | AM10: LK | AN10: CH
A11: Giser | C11: Caño p/Sorbete Inox | D11: 0 | G11: =+IFERROR(K11/J11,0) -> 0 | H11: =+IFERROR(Q11/U11,0) -> 0 | J11: =AA11*AK11 -> 0 | K11: =(X11*AC11)+Y11 -> 5000 | L11: =+IF(K11-J11>0,0,J11-K11) -> 0 | N11: =+IFERROR(VLOOKUP(W11,'Stock Prov. Serv.'!A:D,4,0),0) -> 0 | O11: =+IFERROR(VLOOKUP(W11,'Stock Taller'!A:D,4,0),0) -> 0 | P11: =+SUMIF('Stock CD'!B:B,'Conteo 18-02-26'!W11,'Stock CD'!E:E) -> 0 | Q11: =+N11+O11+P11+K11 -> 5000 | S11: =+IFERROR(VLOOKUP(W11,'Stock Taller'!A:G,7,0),0) -> 0 | T11: =+IFERROR(SUMIF('Stock CD'!B:B,'Conteo 18-02-26'!W11,'Stock CD'!K:K),0) -> 0 | U11: =+S11+T11+J11 -> 0 | W11: BOM2 | X11: 10 | AA11: =+SUMIFS(Consumo!F:F,Consumo!D:D,'Conteo 18-02-26'!W11) -> 0 | AB11: =+AA11*AH11 -> 0 | AC11: 500 | AD11: 1000 | AE11: =+AH11*AG11 -> 0 | AF11: =+AD11*AH11 -> 9.5 | AG11: =AD11*BB11 -> 0 | AH11: 0.0095 | AI11: Giser | AJ11: Kilos | AK11: 3 | AM11: 70 | AN11: 30
A12: Giser | B12: 1096500 | C12: Buje Bombilla Bronce | D12: 0 | G12: =+IFERROR(K12/J12,0) -> 2.115162 | H12: =+IFERROR(Q12/U12,0) -> 1.611552 | J12: =AA12*AK12 -> 3456 | K12: =(X12*AC12)+Y12 -> 7310 | L12: =+IF(K12-J12>0,0,J12-K12) -> 0 | N12: =+IFERROR(VLOOKUP(W12,'Stock Prov. Serv.'!A:D,4,0),0) -> 0 | O12: =+IFERROR(VLOOKUP(W12,'Stock Taller'!A:D,4,0),0) -> 0 | P12: =+SUMIF('Stock CD'!B:B,'Conteo 18-02-26'!W12,'Stock CD'!E:E) -> 0 | Q12: =+N12+O12+P12+K12 -> 7310 | S12: =+IFERROR(VLOOKUP(W12,'Stock Taller'!A:G,7,0),0) -> 0 | T12: =+IFERROR(SUMIF('Stock CD'!B:B,'Conteo 18-02-26'!W12,'Stock CD'!K:K),0) -> 1080 | U12: =+S12+T12+J12 -> 4536 | W12: BOM5 | X12: 1 | AA12: =+SUMIFS(Consumo!F:F,Consumo!D:D,'Conteo 18-02-26'!W12) -> 1152 | AB12: =+AA12*AH12 -> 3.2832 | AC12: 7310 | AD12: 3000 | AE12: 167 | AF12: =+AD12*AH12 -> 8.55 | AG12: =+AE12/AH12 -> 58596.491 | AH12: 0.00285 | AI12: Giser | AJ12: Unidad | AK12: 3 | AM12: 70 | AN12: 30
A13: Giser | B13: 1095500 | C13: Adorno Bombilla Bronce | D13: 0 | G13: =+IFERROR(K13/J13,0) -> 0.5787037 | H13: =+IFERROR(Q13/U13,0) -> 0.44091711 | J13: =AA13*AK13 -> 3456 | K13: =(X13*AC13)+Y13 -> 2000 | L13: =+IF(K13-J13>0,0,J13-K13) -> 1456 | N13: =+IFERROR(VLOOKUP(W13,'Stock Prov. Serv.'!A:D,4,0),0) -> 0 | O13: =+IFERROR(VLOOKUP(W13,'Stock Taller'!A:D,4,0),0) -> 0 | P13: =+SUMIF('Stock CD'!B:B,'Conteo 18-02-26'!W13,'Stock CD'!E:E) -> 0 | Q13: =+N13+O13+P13+K13 -> 2000 | S13: =+IFERROR(VLOOKUP(W13,'Stock Taller'!A:G,7,0),0) -> 0 | T13: =+IFERROR(SUMIF('Stock CD'!B:B,'Conteo 18-02-26'!W13,'Stock CD'!K:K),0) -> 1080 | U13: =+S13+T13+J13 -> 4536 | W13: BOM6 | X13: 1 | AA13: =+SUMIFS(Consumo!F:F,Consumo!D:D,'Conteo 18-02-26'!W13) -> 1152 | AB13: =+AA13*AH13 -> 2.016 | AC13: 2000 | AD13: 3000 | AE13: 147 | AF13: =+AD13*AH13 -> 5.25 | AG13: =+AE13/AH13 -> 84000 | AH13: 0.00175 | AI13: Giser | AJ13: Unidad | AK13: 3 | AM13: 70 | AN13: 30
A14: Giser | B14: 1175500 | C14: Caño Inox 140 mm | D14: 25 | E14: 1 | G14: =+IFERROR(K14/J14,0) -> 0.58258855 | H14: =+IFERROR(Q14/U14,0) -> 0.016003947 | J14: =AB14*AK14 -> 112.9854 | K14: =+((X14*AC14)+Y14)*AH14 -> 65.824 | L14: =+IF(K14-J14>0,0,J14-K14) -> 47.1614 | N14: =+IFERROR(VLOOKUP(W14,'Stock Prov. Serv.'!A:D,4,0),0) -> 0 | O14: =+IFERROR(VLOOKUP(W14,'Stock Taller'!A:D,4,0),0) -> 0 | P14: =+SUMIF('Stock CD'!B:B,'Conteo 18-02-26'!W14,'Stock CD'!E:E) -> 0 | Q14: =+N14+O14+P14+K14 -> 65.824 | S14: =+IFERROR(VLOOKUP(W14,'Stock Taller'!A:G,7,0),0) -> 0 | T14: =+IFERROR(SUMIF('Stock CD'!B:B,'Conteo 18-02-26'!W14,'Stock CD'!K:K),0) -> 4000 | U14: =+S14+T14+J14 -> 4112.9854 | W14: BOM12 | X14: 4 | AA14: =+SUMIFS(Consumo!F:F,Consumo!D:D,'Conteo 18-02-26'!W14) -> 4028 | AB14: =+AA14*AH14 -> 37.6618 | AC14: 1760 | AD14: =+AF14/AH14 -> 1764.7059 | AE14: =+AH14*AG14 -> 171.666 | AF14: 16.5 | AG14: 18360 | AH14: 0.00935 | AI14: Giser/Ruffo | AJ14: Kilos | AK14: 3 | AM14: 70 | AN14: 30
A15: Giser | B15: 1093500 | C15: Caño Inox 170 mm x 0.4mm x 7 Ø | D15: 0 | G15: =+IFERROR(K15/J15,0) -> 1.1574074 | H15: =+IFERROR(Q15/U15,0) -> 0.039873606 | J15: =AB15*AK15 -> 38.5344 | K15: =+((X15*AC15)+Y15)*AH15 -> 44.6 | L15: =+IF(K15-J15>0,0,J15-K15) -> 0 | N15: =+IFERROR(VLOOKUP(W15,'Stock Prov. Serv.'!A:D,4,0),0) -> 0 | O15: =+IFERROR(VLOOKUP(W15,'Stock Taller'!A:D,4,0),0) -> 0 | P15: =+SUMIF('Stock CD'!B:B,'Conteo 18-02-26'!W15,'Stock CD'!E:E) -> 0 | Q15: =+N15+O15+P15+K15 -> 44.6 | S15: =+IFERROR(VLOOKUP(W15,'Stock Taller'!A:G,7,0),0) -> 0 | T15: =+IFERROR(SUMIF('Stock CD'!B:B,'Conteo 18-02-26'!W15,'Stock CD'!K:K),0) -> 1080 | U15: =+S15+T15+J15 -> 1118.5344 | W15: BOM14 | X15: 4 | AA15: =+SUMIFS(Consumo!F:F,Consumo!D:D,'Conteo 18-02-26'!W15) -> 1152 | AB15: =+AA15*AH15 -> 12.8448 | AC15: 1000 | AD15: =+AF15/AH15 -> 8968.6099 | AE15: =+AH15*AG15 -> 137.7025 | AF15: 100 | AG15: 12350 | AH15: 0.01115 | AI15: Giser/Ruffo | AJ15: Kilos | AK15: 3 | AM15: 70 | AN15: 30
C17: Este pedido anula cualquier pedido anterior
C18: Bella Vista | D18: Fecha: | AA18: INFORMACION
B19: Cód ISIS | C19: Descripcion | D19: Pedido Damian | E19: Orden Prioridad | G19: % Ocup Relev | H19: % Ocup Total | J19: Max 3 Mes Uni | K19: Stock Uni | L19: Pedi Uni | N19: Stock Prov Serv Uni | O19: Stock Taller Uni | P19: Stock CD Uni | Q19: Stock Total Uni | S19: Max Taller Uni | T19: Max CD Uni | U19: Max Total Uni | W19: Sector | X19: Stock Bolsa/ Caj/ Rollo | Y19: Uni Suelta | AA19: Cons x Mes Uni | AB19: Cons x Mes Kg | AC19: Uni x B/C | AD19: Min Uni Compra | AE19: Prec x Uni | AF19: Min Kg Compra | AG19: Prec x Kg | AH19: KG x Uni | AI19: Prov | AJ19: Unidad de Medida Pedido | AK19: Max Mes | AM19: LK | AN19: CH
A20: Bella Vista | B20: 1078500 | C20: Cañito Pincel Pastelero | D20: 0 | G20: =+IFERROR(K20/J20,0) -> 13.888889 | H20: =+IFERROR(Q20/U20,0) -> 2.2522523 | J20: =AA20*AK20 -> 144 | K20: =(X20*AC20)+Y20 -> 2000 | L20: =+IF(K20-J20>0,0,J20-K20) -> 0 | N20: =+IFERROR(VLOOKUP(W20,'Stock Prov. Serv.'!A:D,4,0),0) -> 0 | O20: =+IFERROR(VLOOKUP(W20,'Stock Taller'!A:D,4,0),0) -> 0 | P20: =+SUMIF('Stock CD'!B:B,'Conteo 18-02-26'!W20,'Stock CD'!E:E) -> 0 | Q20: =+N20+O20+P20+K20 -> 2000 | S20: =+IFERROR(VLOOKUP(W20,'Stock Taller'!A:G,7,0),0) -> 0 | T20: =+IFERROR(SUMIF('Stock CD'!B:B,'Conteo 18-02-26'!W20,'Stock CD'!K:K),0) -> 744 | U20: =+S20+T20+J20 -> 888 | W20: BOM9 | X20: 1 | AA20: =+SUMIFS(Consumo!F:F,Consumo!D:D,'Conteo 18-02-26'!W20) -> 48 | AB20: =+AA20*AH20 -> 0.1656 | AC20: 2000 | AD20: 1000 | AE20: 132.20677 | AF20: =+AD20*AH20 -> 3.45 | AG20: =+AE20/AH20 -> 38320.803 | AH20: 0.00345 | AI20: Bella Vista | AJ20: Unidad | AK20: 3 | AM20: 70 | AN20: 30
A21: Bella Vista | B21: 1106500 | C21: Tapita Aluminio | D21: 40 | E21: 1 | G21: =+IFERROR(K21/J21,0) -> 0 | H21: =+IFERROR(Q21/U21,0) -> 0 | J21: =AB21*AK21 -> 19.113 | K21: =(X21*AC21)+Y21 -> 0 | L21: =+IF(K21-J21>0,0,J21-K21) -> 19.113 | N21: =+IFERROR(VLOOKUP(W21,'Stock Prov. Serv.'!A:D,4,0),0) -> 0 | O21: =+IFERROR(VLOOKUP(W21,'Stock Taller'!A:D,4,0),0) -> 0 | P21: =+SUMIF('Stock CD'!B:B,'Conteo 18-02-26'!W21,'Stock CD'!E:E) -> 0 | Q21: =+N21+O21+P21+K21 -> 0 | S21: =+IFERROR(VLOOKUP(W21,'Stock Taller'!A:G,7,0),0) -> 0 | T21: =+IFERROR(SUMIF('Stock CD'!B:B,'Conteo 18-02-26'!W21,'Stock CD'!K:K),0) -> 4520 | U21: =+S21+T21+J21 -> 4539.113 | W21: BOM11 | X21: 0 | AA21: =+SUMIFS(Consumo!F:F,Consumo!D:D,'Conteo 18-02-26'!W21) -> 5540 | AB21: =+AA21*AH21 -> 6.371 | AC21: 17000 | AD21: 26000 | AE21: 3.52 | AF21: =+AD21*AH21 -> 29.9 | AG21: =AE21/AH21 -> 3060.8696 | AH21: 0.00115 | AI21: Bella Vista | AJ21: Kilos | AK21: 3 | AM21: 70 | AN21: 30
C23: Este pedido anula cualquier pedido anterior
C24: Casa Landau | D24: Fecha: | AA24: INFORMACION
B25: Cód ISIS | C25: Descripcion | D25: Pedido Damian | E25: Orden Prioridad | G25: % Ocup Relev | H25: % Ocup Total | J25: Max 4 Mes Uni | K25: Stock Uni | L25: Pedi Uni | N25: Stock Prov Serv Uni | O25: Stock Taller Uni | P25: Stock CD Uni | Q25: Stock Total Uni | S25: Max Taller Uni | T25: Max CD Uni | U25: Max Total Uni | W25: Sector | X25: Stock Bolsa/ Caj/ Rollo | Y25: Uni Suelta | AA25: Cons x Mes Uni | AB25: Cons x Mes Kg | AC25: Uni x B/C | AD25: Min Uni Compra | AE25: Prec x Uni | AF25: Min Kg Compra | AG25: Prec x Kg | AH25: KG x Uni | AI25: Prov | AJ25: Unidad de Medida Pedido | AK25: Max Mes | AM25: LK | AN25: CH
A26: Casa Landau | B26: 1130500 | C26: Aro p/Llavero Grande | D26: 1000 | E26: 1 | G26: =+IFERROR(K26/J26,0) -> 0.67925068 | H26: =+IFERROR(Q26/U26,0) -> 0.38590826 | J26: =AA26*AK26 -> 3552 | K26: =(X26*AC26)+Y26 -> 2412.6984 | L26: =+IF(K26-J26>0,0,J26-K26) -> 1139.3016 | N26: =+IFERROR(VLOOKUP(W26,'Stock Prov. Serv.'!A:D,4,0),0) -> 0 | O26: =+IFERROR(VLOOKUP(W26,'Stock Taller'!A:D,4,0),0) -> 0 | P26: =+SUMIF('Stock CD'!B:B,'Conteo 18-02-26'!W26,'Stock CD'!E:E) -> 0 | Q26: =+N26+O26+P26+K26 -> 2412.6984 | S26: =+IFERROR(VLOOKUP(W26,'Stock Taller'!A:G,7,0),0) -> 0 | T26: =+IFERROR(SUMIF('Stock CD'!B:B,'Conteo 18-02-26'!W26,'Stock CD'!K:K),0) -> 2700 | U26: =+S26+T26+J26 -> 6252 | W26: Z2S | X26: 2 | AA26: =+SUMIFS(Consumo!F:F,Consumo!D:D,'Conteo 18-02-26'!W26) -> 888 | AB26: =+AA26*AH26 -> 2.7972 | AC26: =3.8/AH26 -> 1206.3492 | AD26: 1000 | AE26: 29.06 | AF26: =+AD26*AH26 -> 3.15 | AG26: =AE26/AH26 -> 9225.3968 | AH26: =31.5/10/1000 -> 0.00315 | AI26: Casa Landau | AJ26: Unidad | AK26: 4 | AM26: 70 | AN26: 30
A27: Casa Landau | B27: 1168500 | C27: Argolla p/Llavero Chica | D27: 0 | G27: =+IFERROR(K27/J27,0) -> 13.194444 | H27: =+IFERROR(Q27/U27,0) -> 4.2792793 | J27: =AA27*AK27 -> 576 | K27: =(X27*AC27)+Y27 -> 7600 | L27: =+IF(K27-J27>0,0,J27-K27) -> 0 | N27: =+IFERROR(VLOOKUP(W27,'Stock Prov. Serv.'!A:D,4,0),0) -> 0 | O27: =+IFERROR(VLOOKUP(W27,'Stock Taller'!A:D,4,0),0) -> 0 | P27: =+SUMIF('Stock CD'!B:B,'Conteo 18-02-26'!W27,'Stock CD'!E:E) -> 0 | Q27: =+N27+O27+P27+K27 -> 7600 | S27: =+IFERROR(VLOOKUP(W27,'Stock Taller'!A:G,7,0),0) -> 0 | T27: =+IFERROR(SUMIF('Stock CD'!B:B,'Conteo 18-02-26'!W27,'Stock CD'!K:K),0) -> 1200 | U27: =+S27+T27+J27 -> 1776 | W27: Z2SB | X27: 1 | AA27: =+SUMIFS(Consumo!F:F,Consumo!D:D,'Conteo 18-02-26'!W27) -> 144 | AB27: =+AA27*AH27 -> 0.072 | AC27: =3.8/AH27 -> 7600 | AD27: 1000 | AE27: 15.47 | AF27: =+AD27*AH27 -> 0.5 | AG27: =AE27/AH27 -> 30940 | AH27: =0.5/1000 -> 0.0005 | AI27: Casa Landau | AJ27: Unidad | AK27: 4 | AM27: 70 | AN27: 30
C29: Este pedido anula cualquier pedido anterior
C30: Alambres Rumbo | D30: Fecha: | AA30: INFORMACION
B31: Cód ISIS | C31: Descripcion | D31: Pedido Damian | E31: Orden Prioridad | G31: % Ocup Relev | H31: % Ocup Total | J31: Max 3 Mes Uni | K31: Stock Uni | L31: Pedi Uni | N31: Stock Prov Serv Uni | O31: Stock Taller Uni | P31: Stock CD Uni | Q31: Stock Total Uni | S31: Max Taller Uni | T31: Max CD Uni | U31: Max Total Uni | W31: Sector | X31: Stock Bolsa/ Caj/ Rollo | Y31: Uni Suelta | AA31: Cons x Mes Uni | AB31: Cons x Mes Kg | AC31: Uni x B/C | AD31: Min Uni Compra | AE31: Prec x Uni | AF31: Min Kg Compra | AG31: Prec x Kg | AH31: KG x Uni | AI31: Prov | AJ31: Unidad de Medida Pedido | AK31: Max Mes | AM31: LK | AN31: CH
A32: Rumbo | B32: 1182500 | C32: Alambre Corta Queso | D32: 0 | G32: =+IFERROR(K32/J32,0) -> 2.4457652 | H32: =+IFERROR(Q32/U32,0) -> 1.7948045 | J32: =AA32*AK32 -> 25488 | K32: =(X32*AC32)+Y32 -> 62337.662 | L32: =+IF(K32-J32>0,0,J32-K32) -> 0 | N32: =+IFERROR(VLOOKUP(W32,'Stock Prov. Serv.'!A:D,4,0),0) -> 0 | O32: =+IFERROR(VLOOKUP(W32,'Stock Taller'!A:D,4,0),0) -> 0 | P32: =+SUMIF('Stock CD'!B:B,'Conteo 18-02-26'!W32,'Stock CD'!E:E) -> 0 | Q32: =+N32+O32+P32+K32 -> 62337.662 | S32: =+IFERROR(VLOOKUP(W32,'Stock Taller'!A:G,7,0),0) -> 1264.2857 | T32: =+IFERROR(SUMIF('Stock CD'!B:B,'Conteo 18-02-26'!W32,'Stock CD'!K:K),0) -> 7980 | U32: =+S32+T32+J32 -> 34732.286 | W32: Z19A | X32: 4 | AA32: =+SUMIFS(Consumo!F:F,Consumo!D:D,'Conteo 18-02-26'!W32) -> 8496 | AB32: =+AA32*AH32 -> 2.9736 | AC32: =(6/AH32)/1.1 -> 15584.416 | AD32: =+AF32/AH32 -> 17142.857 | AE32: =+AH32*AG32 -> 11.27 | AF32: 6 | AG32: 32200 | AH32: 0.00035 | AI32: Alambres Rumbo | AJ32: Kilos | AK32: 3 | AM32: 70 | AN32: 30
C34: Este pedido anula cualquier pedido anterior
C35: Rueda y Cia | D35: Fecha: | AA35: INFORMACION
B36: Cód ISIS | C36: Descripcion | D36: Pedido Damian | E36: Orden Prioridad | G36: % Ocup Relev | H36: % Ocup Total | J36: Max 3 Mes Uni | K36: Stock Uni | L36: Pedi Uni | N36: Stock Prov Serv Uni | O36: Stock Taller Uni | P36: Stock CD Uni | Q36: Stock Total Uni | S36: Max Taller Uni | T36: Max CD Uni | U36: Max Total Uni | W36: Sector | X36: Stock Bolsa/ Caj/ Rollo | Y36: Uni Suelta | AA36: Cons x Mes Uni | AB36: Cons x Mes Kg | AC36: Uni x B/C | AD36: Min Uni Compra | AE36: Prec x Uni | AF36: Min Kg Compra | AG36: Prec x Kg | AH36: KG x Uni | AI36: Prov | AJ36: Unidad de Medida Pedido | AK36: Max Mes | AM36: LK | AN36: CH
A37: Rueda y Cia | B37: 1136500 | C37: Cerda P/Pincel Pastelero | D37: 0 | G37: =+IFERROR(K37/J37,0) -> 7.1319444 | H37: =+IFERROR(Q37/U37,0) -> 0.91463635 | J37: =AA37*AK37 -> 144 | K37: =(X37*AC37)+Y37 -> 1027 | L37: =+IF(K37-J37>0,0,J37-K37) -> 0 | N37: =+IFERROR(VLOOKUP(W37,'Stock Prov. Serv.'!A:D,4,0),0) -> 0 | O37: =+IFERROR(VLOOKUP(W37,'Stock Taller'!A:D,4,0),0) -> 0 | P37: =+SUMIF('Stock CD'!B:B,'Conteo 18-02-26'!W37,'Stock CD'!E:E) -> 0 | Q37: =+N37+O37+P37+K37 -> 1027 | S37: =+IFERROR(VLOOKUP(W37,'Stock Taller'!A:G,7,0),0) -> 234.85063 | T37: =+IFERROR(SUMIF('Stock CD'!B:B,'Conteo 18-02-26'!W37,'Stock CD'!K:K),0) -> 744 | U37: =+S37+T37+J37 -> 1122.8506 | W37: Z19B | X37: 2 | AA37: =+SUMIFS(Consumo!F:F,Consumo!D:D,'Conteo 18-02-26'!W37) -> 48 | AB37: =+AA37*AH37 -> 0.096 | AC37: =1.027/AH37 -> 513.5 | AD37: =+AF37/AH37 -> 543.5 | AE37: =+AH37*AG37 -> 0.365 | AF37: 1.087 | AG37: 182.5 | AH37: 0.002 | AI37: Raspa y Cia | AJ37: Kilos | AK37: 3 | AM37: 70 | AN37: 30
C39: Este pedido anula cualquier pedido anterior
C40: Melinox | D40: Fecha: | AA40: INFORMACION
B41: Cód ISIS | C41: Descripcion | D41: Pedido Damian | E41: Orden Prioridad | G41: % Ocup Relev | H41: % Ocup Total | J41: Max 3 Mes Uni | K41: Stock Uni | L41: Pedi Uni | N41: Stock Prov Serv Uni | O41: Stock Taller Uni | P41: Stock CD Uni | Q41: Stock Total Uni | S41: Max Taller Uni | T41: Max CD Uni | U41: Max Total Uni | W41: Sector | X41: Stock Bolsa/ Caj/ Rollo | Y41: Uni Suelta | AA41: Cons x Mes Uni | AB41: Cons x Mes Kg | AC41: Uni x B/C | AD41: Min Uni Compra | AE41: Prec x Uni | AF41: Min Kg Compra | AG41: Prec x Kg | AH41: KG x Uni | AI41: Prov | AJ41: Unidad de Medida Pedido | AK41: Max Mes | AM41: LK | AN41: CH
A42: Melinox | B42: 5312600 | C42: Pala de Torta | D42: 0 | G42: =+IFERROR(K42/J42,0) -> 0.33333333 | H42: =+IFERROR(Q42/U42,0) -> 0.1784235 | J42: =AA42*AK42 -> 900 | K42: =(X42*AC42)+Y42 -> 300 | L42: =+IF(K42-J42>0,0,J42-K42) -> 600 | N42: =+IFERROR(VLOOKUP(W42,'Stock Prov. Serv.'!A:D,4,0),0) -> 0 | O42: =+IFERROR(VLOOKUP(W42,'Stock Taller'!A:D,4,0),0) -> 0 | P42: =+SUMIF('Stock CD'!B:B,'Conteo 18-02-26'!W42,'Stock CD'!E:E) -> 0 | Q42: =+N42+O42+P42+K42 -> 300 | S42: =+IFERROR(VLOOKUP(W42,'Stock Taller'!A:G,7,0),0) -> 313.39286 | T42: =+IFERROR(SUMIF('Stock CD'!B:B,'Conteo 18-02-26'!W42,'Stock CD'!K:K),0) -> 468 | U42: =+S42+T42+J42 -> 1681.3929 | W42: Z22 | X42: 1 | AA42: =+SUMIFS(Consumo!F:F,Consumo!D:D,'Conteo 18-02-26'!W42) -> 300 | AB42: =+AA42*AH42 -> 11.2 | AC42: 300 | AD42: 1200 | AE42: 1100 | AF42: =+AD42*AH42 -> 44.8 | AG42: =AE42/AH42 -> 29464.286 | AH42: 0.037333333 | AI42: Melinox | AJ42: Unidad | AK42: 3 | AM42: 70 | AN42: 30
C44: Este pedido anula cualquier pedido anterior
C45: Colodis Kufo | D45: Fecha: | AA45: INFORMACION
B46: Cód ISIS | C46: Descripcion | D46: Pedido Damian | E46: Orden Prioridad | G46: % Ocup Relev | H46: % Ocup Total | J46: Max 3 Mes Uni | K46: Stock Uni | L46: Pedi Uni | N46: Stock Prov Serv Uni | O46: Stock Taller Uni | P46: Stock CD Uni | Q46: Stock Total Uni | S46: Max Taller Uni | T46: Max CD Uni | U46: Max Total Uni | W46: Sector | X46: Stock Bolsa/ Caj/ Rollo | Y46: Uni Suelta | AA46: Cons x Mes Uni | AB46: Cons x Mes Kg | AC46: Uni x B/C | AD46: Min Uni Compra | AE46: Prec x Uni | AF46: Min Kg Compra | AG46: Prec x Kg | AH46: KG x Uni | AI46: Prov | AJ46: Unidad de Medida Pedido | AK46: Max Mes | AM46: LK | AN46: CH
A47: Kufo | B47: 5323600 | C47: Ralladores Cilindrico 14cm | D47: 0 | G47: =+IFERROR(K47/J47,0) -> 0 | H47: =+IFERROR(Q47/U47,0) -> 0 | J47: =AA47*AK47 -> 1332 | K47: =(X47*AC47)+Y47 -> 0 | L47: =+IF(K47-J47>0,0,J47-K47) -> 1332 | N47: =+IFERROR(VLOOKUP(W47,'Stock Prov. Serv.'!A:D,4,0),0) -> 0 | O47: =+IFERROR(VLOOKUP(W47,'Stock Taller'!A:D,4,0),0) -> 0 | P47: =+SUMIF('Stock CD'!B:B,'Conteo 18-02-26'!W47,'Stock CD'!E:E) -> 0 | Q47: =+N47+O47+P47+K47 -> 0 | S47: =+IFERROR(VLOOKUP(W47,'Stock Taller'!A:G,7,0),0) -> 0 | T47: =+IFERROR(SUMIF('Stock CD'!B:B,'Conteo 18-02-26'!W47,'Stock CD'!K:K),0) -> 720 | U47: =+S47+T47+J47 -> 2052 | W47: AA6/ AE10 | X47: 0 | AA47: =+SUMIFS(Consumo!F:F,Consumo!D:D,'Conteo 18-02-26'!W47) -> 444 | AB47: =+AA47*AH47 -> 20.0355 | AC47: 60 | AD47: =600000/AE47 -> 5854.8009 | AE47: 102.48 | AF47: =+AD47*AH47 -> 264.19789 | AG47: =AE47/AH47 -> 2271.0249 | AH47: =+(180.5/4)/1000 -> 0.045125 | AI47: Colodis Kufo | AJ47: Unidad | AK47: 3 | AM47: 70 | AN47: 30
C49: Este pedido anula cualquier pedido anterior
C50: Resortes Charcas | D50: Fecha: | AA50: INFORMACION
B51: Cód ISIS | C51: Descripcion | D51: Pedido Damian | E51: Orden Prioridad | G51: % Ocup Relev | H51: % Ocup Total | J51: Max 3 Mes Uni | K51: Stock Uni | L51: Pedi Uni | N51: Stock Prov Serv Uni | O51: Stock Taller Uni | P51: Stock CD Uni | Q51: Stock Total Uni | S51: Max Taller Uni | T51: Max CD Uni | U51: Max Total Uni | W51: Sector | X51: Stock Bolsa/ Caj/ Rollo | Y51: Uni Suelta | AA51: Cons x Mes Uni | AB51: Cons x Mes Kg | AC51: Uni x B/C | AD51: Min Uni Compra | AE51: Prec x Uni | AF51: Min Kg Compra | AG51: Prec x Kg | AH51: KG x Uni | AI51: Prov | AJ51: Unidad de Medida Pedido | AK51: Max Mes | AM51: LK | AN51: CH
A52: Charcas | C52: Resorte p/Bombilla Autolim. | D52: 0 | G52: =+IFERROR(K52/J52,0) -> 0.86805556 | H52: =+IFERROR(Q52/U52,0) -> 0.66137566 | J52: =AA52*AK52 -> 3456 | K52: =(X52*AC52)+Y52 -> 3000 | L52: =+IF(K52-J52>0,0,J52-K52) -> 456 | N52: =+IFERROR(VLOOKUP(W52,'Stock Prov. Serv.'!A:D,4,0),0) -> 0 | O52: =+IFERROR(VLOOKUP(W52,'Stock Taller'!A:D,4,0),0) -> 0 | P52: =+SUMIF('Stock CD'!B:B,'Conteo 18-02-26'!W52,'Stock CD'!E:E) -> 0 | Q52: =+N52+O52+P52+K52 -> 3000 | S52: =+IFERROR(VLOOKUP(W52,'Stock Taller'!A:G,7,0),0) -> 0 | T52: =+IFERROR(SUMIF('Stock CD'!B:B,'Conteo 18-02-26'!W52,'Stock CD'!K:K),0) -> 1080 | U52: =+S52+T52+J52 -> 4536 | W52: BOM4 | X52: 1 | AA52: =+SUMIFS(Consumo!F:F,Consumo!D:D,'Conteo 18-02-26'!W52) -> 1152 | AB52: =+AA52*AH52 -> 2.0736 | AC52: 3000 | AD52: 10000 | AE52: $ 0 | AF52: =+AD52*AH52 -> 18 | AG52: =+AE52/AH52 -> 0 | AH52: 0.0018 | AI52: Resorte Charcas | AJ52: Unidad | AK52: 3 | AM52: 70 | AN52: 30
A53: Charcas | B53: 1111500 | C53: Resorte p/ Bombilla Crudo | D53: 20000 | E53: 1 | G53: =+IFERROR(K53/J53,0) -> 0 | H53: =+IFERROR(Q53/U53,0) -> 0 | J53: =AA53*AK53 -> 16620 | K53: =(X53*AC53)+Y53 -> 0 | L53: =+IF(K53-J53>0,0,J53-K53) -> 16620 | N53: =+IFERROR(VLOOKUP(W53,'Stock Prov. Serv.'!A:D,4,0),0) -> 0 | O53: =+IFERROR(VLOOKUP(W53,'Stock Taller'!A:D,4,0),0) -> 0 | P53: =+SUMIF('Stock CD'!B:B,'Conteo 18-02-26'!W53,'Stock CD'!E:E) -> 0 | Q53: =+N53+O53+P53+K53 -> 0 | S53: =+IFERROR(VLOOKUP(W53,'Stock Taller'!A:G,7,0),0) -> 0 | T53: =+IFERROR(SUMIF('Stock CD'!B:B,'Conteo 18-02-26'!W53,'Stock CD'!K:K),0) -> 0 | U53: =+S53+T53+J53 -> 16620 | W53: BOM7 | X53: 0 | AA53: =+SUMIFS(Consumo!F:F,Consumo!D:D,'Conteo 18-02-26'!W53) -> 5540 | AB53: =+AA53*AH53 -> 29.085 | AC53: 2900 | AD53: 10000 | AE53: $ 0 | AF53: =+AD53*AH53 -> 52.5 | AG53: =+AE53/AH53 -> 0 | AH53: 0.00525 | AI53: Resortes Charcas | AJ53: Unidad | AK53: 3 | AM53: 70 | AN53: 30
A54: Charcas | B54: 1112500 | C54: Resorte Biconico | D54: 0 | G54: =+IFERROR(K54/J54,0) -> 1.0632642 | H54: =+IFERROR(Q54/U54,0) -> 0.77942323 | J54: =AA54*AK54 -> 1504.8 | K54: =(X54*AC54)+Y54 -> 1600 | L54: =+IF(K54-J54>0,0,J54-K54) -> 0 | N54: =+IFERROR(VLOOKUP(W54,'Stock Prov. Serv.'!A:D,4,0),0) -> 0 | O54: =+IFERROR(VLOOKUP(W54,'Stock Taller'!A:D,4,0),0) -> 0 | P54: =+SUMIF('Stock CD'!B:B,'Conteo 18-02-26'!W54,'Stock CD'!E:E) -> 0 | Q54: =+N54+O54+P54+K54 -> 1600 | S54: =+IFERROR(VLOOKUP(W54,'Stock Taller'!A:G,7,0),0) -> 0 | T54: =+IFERROR(SUMIF('Stock CD'!B:B,'Conteo 18-02-26'!W54,'Stock CD'!K:K),0) -> 548 | U54: =+S54+T54+J54 -> 2052.8 | W54: BOM10 | X54: 4 | AA54: =+SUMIFS(Consumo!F:F,Consumo!D:D,'Conteo 18-02-26'!W54) -> 501.6 | AB54: =+AA54*AH54 -> 3.762 | AC54: 400 | AD54: 5000 | AE54: 82.5 | AF54: =+AD54*AH54 -> 37.5 | AG54: =AE54/AH54 -> 11000 | AH54: 0.0075 | AI54: Resortes Charcas | AJ54: Unidad | AK54: 3 | AM54: 70 | AN54: 30
A55: Charcas | C55: Resorte Mini Batidor | D55: 0 | G55: =+IFERROR(K55/J55,0) -> 1.2183236 | H55: =+IFERROR(Q55/U55,0) -> 1.2183236 | J55: =AA55*AK55 -> 2052 | K55: =(X55*AC55)+Y55 -> 2500 | L55: =+IF(K55-J55>0,0,J55-K55) -> 0 | N55: =+IFERROR(VLOOKUP(W55,'Stock Prov. Serv.'!A:D,4,0),0) -> 0 | O55: =+IFERROR(VLOOKUP(W55,'Stock Taller'!A:D,4,0),0) -> 0 | P55: =+SUMIF('Stock CD'!B:B,'Conteo 18-02-26'!W55,'Stock CD'!E:E) -> 0 | Q55: =+N55+O55+P55+K55 -> 2500 | S55: =+IFERROR(VLOOKUP(W55,'Stock Taller'!A:G,7,0),0) -> 0 | T55: =+IFERROR(SUMIF('Stock CD'!B:B,'Conteo 18-02-26'!W55,'Stock CD'!K:K),0) -> 0 | U55: =+S55+T55+J55 -> 2052 | W55: EP10 | X55: 5 | AA55: =+SUMIFS(Consumo!F:F,Consumo!D:D,'Conteo 18-02-26'!W55) -> 684 | AB55: =+AA55*AH55 -> 8.1054 | AC55: 500 | AD55: 10000 | AE55: 90 | AF55: =+AD55*AH55 -> 118.5 | AG55: =AE55/AH55 -> 7594.9367 | AH55: 0.01185 | AI55: Resortes Charcas | AJ55: Unidad | AK55: 3 | AM55: 70 | AN55: 30
A56: Charcas | B56: 1114500 | C56: Resorte Batidor Pera | D56: 0 | G56: =+IFERROR(K56/J56,0) -> 0.81209395 | H56: =+IFERROR(Q56/U56,0) -> 0.49477317 | J56: =AA56*AK56 -> 24012 | K56: =(X56*AC56)+Y56 -> 19500 | L56: =+IF(K56-J56>0,0,J56-K56) -> 4512 | N56: =+IFERROR(VLOOKUP(W56,'Stock Prov. Serv.'!A:D,4,0),0) -> 0 | O56: =+IFERROR(VLOOKUP(W56,'Stock Taller'!A:D,4,0),0) -> 0 | P56: =+SUMIF('Stock CD'!B:B,'Conteo 18-02-26'!W56,'Stock CD'!E:E) -> 0 | Q56: =+N56+O56+P56+K56 -> 19500 | S56: =+IFERROR(VLOOKUP(W56,'Stock Taller'!A:G,7,0),0) -> 8600 | T56: =+IFERROR(SUMIF('Stock CD'!B:B,'Conteo 18-02-26'!W56,'Stock CD'!K:K),0) -> 6800 | U56: =+S56+T56+J56 -> 39412 | W56: LLF8 | X56: 30 | AA56: =+SUMIFS(Consumo!F:F,Consumo!D:D,'Conteo 18-02-26'!W56) -> 8004 | AB56: =+AA56*AH56 -> 284.142 | AC56: 650 | AD56: 10000 | AE56: 112.5 | AF56: =+AD56*AH56 -> 355 | AG56: =AE56/AH56 -> 3169.0141 | AH56: 0.0355 | AI56: Resortes Charcas | AJ56: Unidad | AK56: 3 | AM56: 70 | AN56: 30
C58: Este pedido anula cualquier pedido anterior
C59: Roosvelt | D59: Fecha: | AA59: INFORMACION
B60: Cód ISIS | C60: Descripcion | D60: Pedido Damian | E60: Orden Prioridad | G60: % Ocup Relev | H60: % Ocup Total | J60: Max 3 Mes Uni | K60: Stock Uni | L60: Pedi Uni | N60: Stock Prov Serv Uni | O60: Stock Taller Uni | P60: Stock CD Uni | Q60: Stock Total Uni | S60: Max Taller Uni | T60: Max CD Uni | U60: Max Total Uni | W60: Sector | X60: Stock Bolsa/ Caj/ Rollo | Y60: Uni Suelta | AA60: Cons x Mes Uni | AB60: Cons x Mes Kg | AC60: Uni x B/C | AD60: Min Uni Compra | AE60: Prec x Uni | AF60: Min Kg Compra | AG60: Prec x Kg | AH60: KG x Uni | AI60: Prov | AJ60: Unidad de Medida Pedido | AK60: Max Mes | AM60: LK | AN60: CH
A61: Roosvelt | B61: 5161600 | C61: Resorte p/ Bombilla Niq | D61: 0 | G61: =+IFERROR(K61/J61,0) -> 0.090252708 | H61: =+IFERROR(Q61/U61,0) -> 0.070955535 | J61: =AA61*AK61 -> 16620 | K61: =(X61*AC61)+Y61 -> 1500 | L61: =+IF(K61-J61>0,0,J61-K61) -> 15120 | N61: =+IFERROR(VLOOKUP(W61,'Stock Prov. Serv.'!A:D,4,0),0) -> 0 | O61: =+IFERROR(VLOOKUP(W61,'Stock Taller'!A:D,4,0),0) -> 0 | P61: =+SUMIF('Stock CD'!B:B,'Conteo 18-02-26'!W61,'Stock CD'!E:E) -> 0 | Q61: =+N61+O61+P61+K61 -> 1500 | S61: =+IFERROR(VLOOKUP(W61,'Stock Taller'!A:G,7,0),0) -> 0 | T61: =+IFERROR(SUMIF('Stock CD'!B:B,'Conteo 18-02-26'!W61,'Stock CD'!K:K),0) -> 4520 | U61: =+S61+T61+J61 -> 21140 | W61: BOM8 | X61: 3 | AA61: =+SUMIFS(Consumo!F:F,Consumo!D:D,'Conteo 18-02-26'!W61) -> 5540 | AB61: =+AA61*AH61 -> 25.207 | AC61: 500 | AD61: 2200 | AE61: =+AH61*AG61 -> 5.6619403 | AF61: =+AD61*AH61 -> 10.01 | AG61: 1244.3825 | AH61: 0.00455 | AI61: Roosvelt | AJ61: Kilos | AK61: 3 | AM61: 70 | AN61: 30
C63: Este pedido anula cualquier pedido anterior
C64: Rueda | D64: Fecha: | AA64: INFORMACION
B65: Cód ISIS | C65: Descripcion | D65: Pedido Damian | E65: Orden Prioridad | G65: % Ocup Relev | H65: % Ocup Total | J65: Max 3 Mes Rollo | K65: Stock Rollo | L65: Pedido Rollo | N65: Stock Prov Serv Rollo | O65: Stock Taller Rollo | P65: Stock CD Rollo | Q65: Stock Total Rollo | S65: Max Taller Rollo | T65: Max CD Rollo | U65: Max Total Rollo | W65: Sector | X65: Stock Bolsa/ Caj/ Rollo | Y65: Uni Suelta | AA65: Cons x Mes Rollo | AB65: Cons x Mes Kg | AC65: Uni x B/C | AD65: Min Uni Compra | AE65: Prec x Uni | AF65: Min Kg Compra | AG65: Prec x Kg | AH65: KG x Uni | AI65: Prov | AJ65: Unidad de Medida Pedido | AK65: Max Mes | AM65: LK | AN65: CH
A66: Rueda | B66: 1165500 | C66: Tela Manga Repostera | D66: 0 | G66: =+IFERROR(K66/J66,0) -> 0.73076923 | H66: =+IFERROR(Q66/U66,0) -> 0.55882353 | J66: =AA66*AK66 -> 4.1052632 | K66: =X66 -> 3 | L66: =+IF(K66-J66>0,0,J66-K66) -> 1.1052632 | N66: =+IFERROR(VLOOKUP(W66,'Stock Prov. Serv.'!A:D,4,0),0) -> 0 | O66: =+IFERROR(VLOOKUP(W66,'Stock Taller'!A:D,4,0),0) -> 0 | P66: =+(SUMIF('Stock CD'!B:B,'Conteo 18-02-26'!W66,'Stock CD'!E:E)/AC66) -> 0 | Q66: =+N66+O66+P66+K66 -> 3 | S66: =+IFERROR(VLOOKUP(W66,'Stock Taller'!A:G,7,0),0) -> 0 | T66: =+(IFERROR(SUMIF('Stock CD'!B:B,'Conteo 18-02-26'!W66,'Stock CD'!K:K),0)/AC66) -> 1.2631579 | U66: =+S66+T66+J66 -> 5.3684211 | W66: BOM8B | X66: 3 | AA66: =+(SUMIFS(Consumo!F:F,Consumo!D:D,'Conteo 18-02-26'!W66)/AC66) -> 1.3684211 | AB66: =+AA66*AH66 -> 0 | AC66: 950 | AI66: Rueda | AJ66: Rollo | AK66: 3 | AM66: 100 | AN66: 0
C68: Este pedido anula cualquier pedido anterior
C69: Eclipse | D69: Fecha:
B70: Cód ISIS | C70: Descripcion | D70: Pedido Damian | E70: Orden Prioridad | G70: % Ocup Relev | H70: % Ocup Total | J70: Max 3 Mes Uni | K70: Stock Uni | L70: Pedi Uni | N70: Stock Prov Serv Uni | O70: Stock Taller Uni | P70: Stock CD Uni | Q70: Stock Total Uni | S70: Max Taller Uni | T70: Max CD Uni | U70: Max Total Uni | W70: Sector | X70: Stock Bolsa/ Caj/ Rollo | Y70: Uni Suelta | AA70: Cons x Mes Uni | AB70: Cons x Mes Kg | AC70: Uni x B/C | AD70: Min Uni Compra | AE70: Prec x Uni | AF70: Min Kg Compra | AG70: Prec x Kg | AH70: KG x Uni | AI70: Prov | AJ70: Unidad de Medida Pedido | AK70: Max Mes | AM70: LK | AN70: CH
A71: Eclipse | B71: 5167600 | C71: Descorazonador Manzana | D71: 0 | G71: =+IFERROR(K71/J71,0) -> 1.6346154 | H71: =+IFERROR(Q71/U71,0) -> 1.6346154 | J71: =AA71*AK71 -> 1872 | K71: =(X71*AC71)+Y71 -> 3060 | L71: =+IF(K71-J71>0,0,J71-K71) -> 0 | N71: =+IFERROR(VLOOKUP(W71,'Stock Prov. Serv.'!A:D,4,0),0) -> 0 | O71: =+IFERROR(VLOOKUP(W71,'Stock Taller'!A:D,4,0),0) -> 0 | P71: =+(SUMIF('Stock CD'!B:B,'Conteo 18-02-26'!W71,'Stock CD'!E:E)/AC71) -> 0 | Q71: =+N71+O71+P71+K71 -> 3060 | S71: =+IFERROR(VLOOKUP(W71,'Stock Taller'!A:G,7,0),0) -> 0 | T71: =+(IFERROR(SUMIF('Stock CD'!B:B,'Conteo 18-02-26'!W71,'Stock CD'!K:K),0)/AC71) -> 0 | U71: =+S71+T71+J71 -> 1872 | W71: Z32 | X71: 3 | AA71: =+SUMIFS(Consumo!F:F,Consumo!D:D,'Conteo 18-02-26'!W71) -> 624 | AB71: =+AA71*AH71 -> 9.7344 | AC71: 1020 | AD71: 500 | AE71: 75 | AF71: =+AD71*AH71 -> 7.8 | AG71: =AE71/AH71 -> 4807.6923 | AH71: 0.0156 | AI71: Eclipse | AJ71: Unidad | AK71: 3 | AM71: 70 | AN71: 30
B77: DISCONTINUOS
B79: Cód ISIS | C79: Descripcion | G79: % Ocup | J79: Max 3 Mes Uni | K79: Pedi Uni | L79: Sector | W79: Stock Bolsa / Caj / Rollo | X79: Uni Sueltas | Y79: Stock Total | AA79: Cons x Mes | AB79: Cons x Mes Kg | AC79: Uni x B/C | AD79: Min Uni Compra | AE79: Prec x Uni | AF79: Min Kg Compra | AG79: Prec x Kg | AH79: KG x Uni | AI79: Prov
B80: 1213500 | C80: Arandelas Corta Queso | G80: =+IFERROR(Y80/J80,0) -> 0 | H80: =+IFERROR(Q80/U80,0) -> 0 | J80: =AA80*#REF! -> #REF! | K80: =+IF(G80-D80-C80>0,0,D80-G80-C80) -> #VALUE! | L80: A1 | N80: =+IFERROR(VLOOKUP(L80,'Stock Prov. Serv.'!A:D,4,0),0) -> 0 | O80: =+IFERROR(VLOOKUP(L80,'Stock Taller'!A:D,4,0),0) -> 0 | P80: =+SUMIF('Stock CD'!B:B,'Conteo 18-02-26'!L80,'Stock CD'!E:E) -> 0 | Q80: =+N80+O80+P80+Y80 -> 0 | S80: =+IFERROR(VLOOKUP(L80,'Stock Taller'!A:G,7,0),0) -> 0 | T80: =+IFERROR(SUMIF('Stock CD'!B:B,'Conteo 18-02-26'!L80,'Stock CD'!K:K),0) -> 15960 | U80: =+S80+T80+J80 -> #REF! | Y80: =(W80*AC80)+X80 -> 0 | AA80: =+(SUMIFS(Consumo!F:F,Consumo!D:D,'Conteo 18-02-26'!L80))*2 -> 16992 | AB80: =+AA80*AH80 -> 2.0696256 | AC80: 30000 | AD80: 1000 | AE80: 0.0419 | AF80: =+AD80*AH80 -> 0.1218 | AG80: =AE80/AH80 -> 344.00657 | AH80: 0.0001218 | AI80: Industria Skotnica | AJ80: Unidad
B81: 1113500 | C81: Resorte Conico Cuchara Helado | J81: =AA81*#REF! -> #REF! | K81: =+IF(G81-D81>0,0,D81-G81) -> 0 | L81: BOM10B | W81: 0 | Y81: =W81*AC81+X81 -> 0 | AA81: =+SUMIFS(Consumo!F:F,Consumo!D:D,'Conteo 18-02-26'!L81) -> 408 | AI81: Resortes Charcas
C82: Caño Alum Bombilla p/Anodizar | G82: =+Y82/J82 -> #REF! | J82: =AA82*#REF! -> #REF! | K82: =+IF(G82+#REF!+J82-D82>0,0,D82-G82-#REF!-J82) -> #REF! | L82: BOM3 | Y82: =W82*AC82+X82 -> 0 | AA82: =+SUMIFS(Consumo!F:F,Consumo!D:D,'Conteo 18-02-26'!L82) -> 360 | AC82: 500 | AD82: 1000 | AI82: Aluher
C83: Enrulador Largo | G83: =+Y83/J83 -> #REF! | J83: =AA83*#REF! -> #REF! | K83: =+IF(G83+#REF!+J83-D83>0,0,D83-G83-#REF!-J83) -> #REF! | L83: Z31A | Y83: =W83*AC83+X83 -> 0 | AA83: =+SUMIFS(Consumo!F:F,Consumo!D:D,'Conteo 18-02-26'!L83) -> 180 | AC83: 939 | AI83: Metalurg Eclipse
C84: Enrulador Corto | G84: =+Y84/J84 -> #REF! | J84: =AA84*#REF! -> #REF! | K84: =+IF(G84+#REF!+J84-D84>0,0,D84-G84-#REF!-J84) -> #REF! | L84: Z31B | Y84: =W84*AC84+X84 -> 0 | AA84: =+SUMIFS(Consumo!F:F,Consumo!D:D,'Conteo 18-02-26'!L84) -> 180 | AI84: Metalurg Eclipse
L86: Z:\AA LOGISTICA Relevamiento y Pedidos\A3 Relevamiento Stock y Pedidos Insumos\Relevamiento\A Relevamientos INSUMOS y Pedido\A Bombillas

Sheet Stock Prov. Serv.
A1: STOCK PROV SERV BOMBILLA | F1: INFORMACION
A2: Sector Proceso | B2: Descripción Parte | C2: Stock Cajon | D2: Stock Uni | F2: Max Prov Serv Cajon | G2: Kg x Uni | H2: Uni x Cajon | I2: KG x Cajon
A3: T1 | B3: Tornillos Corta Queso | D3: =+C3*H3 -> 0 | F3: 0 | G3: 0.00129 | H3: =1299*2 -> 2598 | I3: 3.35142
A4: Z19A | B4: Alambre Corta Queso | D4: =+C4*H4 -> 0 | F4: 10 | G4: 0.00216 | H4: 13888.889 | I4: =+G4*H4 -> 30
A5: Z19B | B5: Cerda p/ Pincel | D5: =+C5*H5 -> 0 | F5: 5 | G5: 0.002 | H5: 500 | I5: 1.0535
A6: Z22 | B6: Llavero Pie | D6: =+C6*H6 -> 0 | F6: 0 | G6: 0.023983333 | H6: 1250.8687 | I6: =+G6*H6 -> 30
A7: BOM18 | B7: Caño p/ Sorbete Inox | D7: =+C7*H7 -> 0 | F7: 0 | G7: 0.0095 | H7: 500 | I7: 7
A8: BOM3 | B8: Caño Alum Bombilla p/ Anodizar | D8: =+C8*H8 -> 0 | F8: 0 | G8: 0 | H8: 3100 | I8: 11
A9: BOM4 | B9: Resortes p/ bomb. Autoli. | D9: =+C9*H9 -> 0 | F9: 0
A10: BOM5 | B10: Buje Bombilla Bronce | D10: =+C10*H10 -> 0 | F10: 0 | G10: 0.00285 | H10: 5000 | I10: 14.25
A11: BOM6 | B11: Adorno Bombilla Bronce | D11: =+C11*H11 -> 0 | F11: 0 | G11: 0.00175 | H11: 5500 | I11: 11
A12: BOM7 | B12: Resorte p/ Bombilla Crudo | D12: =+C12*H12 -> 0 | F12: 0 | G12: 0.00525
A13: BOM8 | B13: Resorte p/ Bombilla 557/558 | D13: =+C13*H13 -> 0 | F13: 0 | G13: 0.00455 | H13: 500 | I13: 2.3
A14: BOM8B | B14: Tela Manga Repostera | D14: =+C14*H14 -> 0 | F14: 0 | G14: =+IFERROR((F14*J14)/H14,0) -> 0 | H14: 950 | I14: 0
A15: BOM9 | B15: Cañito Pincel Pastelero | D15: =+C15*H15 -> 0 | F15: 0 | G15: 0.00345 | H15: 2000 | I15: 7.2
A16: BOM10 | B16: Resorte Biconico | D16: =+C16*H16 -> 0 | F16: 0 | G16: 0.0075 | H16: 400 | I16: 11.4
A17: BOM11 | B17: Tapita Aluminio | D17: =+C17*H17 -> 0 | F17: 0 | G17: 0.00115 | H17: 2000 | I17: 18.8
A18: BOM12 | B18: Caño Inox 140 mm | D18: =+C18*H18 -> 0 | F18: 0 | G18: 0.00935 | H18: 4000 | I18: 17
A19: BOM14 | B19: Caño Inox 170 mm | D19: =+C19*H19 -> 0 | F19: 0 | G19: 0.01115

Sheet Stock Taller
A1: STOCK TALLERISTA BOMBILLA | F1: INFORMACION
A2: Sector Proceso | B2: Descripción Parte | C2: Conteo Cajon | D2: Conteo Uni | F2: Max Taller Cajon | G2: Max Taller Uni | H2: Kg x Uni | I2: Uni x Cajon | J2: KG x Cajon
A3: Z19A | B3: Alambre Corta Queso | F3: 0.091028571 | G3: =+IFERROR((F3*J3)/H3,0) -> 1264.2857 | H3: 0.00216 | I3: 13888.889 | J3: =+H3*I3 -> 30
A4: Z19B | B4: Cerda p/ Pincel | F4: 0.44584838 | G4: =+IFERROR((F4*J4)/H4,0) -> 234.85063 | H4: 0.002 | I4: =1/H4 -> 500 | J4: =1053.5/1000 -> 1.0535
A5: BOM18 | B5: Caño p/ Sorbete Inox | F5: 0 | G5: =+IFERROR((F5*J5)/H5,0) -> 0 | H5: 0.0095 | I5: 500 | J5: 7
A6: BOM3 | B6: Caño Alum Bombilla p/ Anodizar | F6: 0 | G6: =+IFERROR((F6*J6)/H6,0) -> 0 | H6: =+VLOOKUP(A6,'Conteo 18-02-26'!C:AJ,32,0) -> #N/A | I6: 3100 | J6: 11
A7: BOM5 | B7: Buje Bombilla Bronce | F7: 0.55310621 | G7: =+IFERROR((F7*J7)/H7,0) -> 0 | H7: =+VLOOKUP(A7,'Conteo 18-02-26'!C:AJ,32,0) -> #N/A | I7: 5000 | J7: =+I7*H7 -> #N/A
A8: BOM6 | B8: Adorno Bombilla Bronce | F8: 0.276 | G8: =+IFERROR((F8*J8)/H8,0) -> 0 | H8: =+VLOOKUP(A8,'Conteo 18-02-26'!C:AJ,32,0) -> #N/A | I8: 5500 | J8: 11
A9: BOM9 | B9: Cañito Pincel Pastelero | F9: 0.285 | G9: =+IFERROR((F9*J9)/H9,0) -> 0 | H9: =+VLOOKUP(A9,'Conteo 18-02-26'!C:AJ,32,0) -> #N/A | I9: 2000 | J9: 7.2
A10: BOM10 | B10: Resorte Biconico | F10: 0.274 | G10: =+IFERROR((F10*J10)/H10,0) -> 0 | H10: =+VLOOKUP(A10,'Conteo 18-02-26'!C:AJ,32,0) -> #N/A | I10: 400 | J10: 11.4
A11: BOM11 | B11: Tapita Aluminio | F11: 4.104 | G11: =+IFERROR((F11*J11)/H11,0) -> 0 | H11: =+VLOOKUP(A11,'Conteo 18-02-26'!C:AJ,32,0) -> #N/A | I11: 2000 | J11: 18.8
A12: BOM12 | B12: Caño Inox 140 mm | F12: 2.1590909 | G12: =+IFERROR((F12*J12)/H12,0) -> 0 | H12: =+VLOOKUP(A12,'Conteo 18-02-26'!C:AJ,32,0) -> #N/A | I12: 4000 | J12: 17
A13: BOM14 | B13: Caño Inox 170 mm | F13: 1.4790997 | G13: =+IFERROR((F13*J13)/H13,0) -> 0 | H13: =+VLOOKUP(A13,'Conteo 18-02-26'!C:AJ,32,0) -> #N/A
A14: BOM7 | B14: Resorte p/ Bombilla Crudo | F14: 0 | G14: =+IFERROR((F14*J14)/H14,0) -> 0 | H14: =+VLOOKUP(A14,'Conteo 18-02-26'!C:AJ,32,0) -> #N/A
A15: BOM8 | B15: Resorte p/ Bombilla Niq | F15: 0 | G15: =+IFERROR((F15*J15)/H15,0) -> 0 | H15: =+VLOOKUP(A15,'Conteo 18-02-26'!C:AJ,32,0) -> #N/A | I15: 500 | J15: 2.3
A16: BOM8B | B16: Tela Manga Repostera | F16: 0 | G16: =+IFERROR((F16*J16)/H16,0) -> 0 | H16: =+VLOOKUP(A16,'Conteo 18-02-26'!C:AJ,32,0) -> #N/A
A17: Z2S | B17: Aro p/Llavero Grande | F17: 0 | G17: =+IFERROR((F17*J17)/H17,0) -> 0 | H17: =+VLOOKUP(A17,'Conteo 18-02-26'!C:AJ,32,0) -> #N/A
A18: Z22 | B18: Pala de Torta | F18: 1.3 | G18: =+IFERROR((F18*J18)/H18,0) -> 313.39286 | H18: 0.037333333 | I18: 238 | J18: 9
A19: Z2SB | B19: Argolla p/Llavero Chica | F19: 0 | G19: =+IFERROR((F19*J19)/H19,0) -> 0 | H19: =+VLOOKUP(A19,'Conteo 18-02-26'!C:AJ,32,0) -> #N/A | I19: 8000 | J19: 3.4
A20: A1 | B20: Arandelas Corta Queso | F20: 0 | G20: =+IFERROR((F20*J20)/H20,0) -> 0 | H20: =+VLOOKUP(A20,'Conteo 18-02-26'!C:AJ,32,0) -> #N/A
A21: LLF8 | B21: Batidor Pera | F21: 17.2 | G21: =+IFERROR((F21*J21)/H21,0) -> 8600 | H21: 0.0355 | I21: 500 | J21: =500*H21 -> 17.75

Sheet Stock CD
A1: STOCK VIRGILIO BOMBILLA | I1: INFORMACION
A3: Descripción de Partes | B3: Sector Proce | C3: Cod Art | D3: Stock Cajas CD | E3: Stock Uni CD | F3: Parte x Uni | G3: KG x Uni | I3: Max Cajas CD | J3: Uni x Caja | K3: Max Uni CD | L3: Max KG CD | M3: Estad Madre Uni
A4: Tapita Aluminio | B4: BOM11 | C4: 557 | D4: =+IFERROR(VLOOKUP(C4,'Stock ISIS LK'!A:D,4,0),IFERROR(VLOOKUP(C4,'Stock ISIS CH'!A:D,4,0),0)) -> 0 | E4: =+D4*F4*J4 -> 0 | F4: 1 | G4: 0.013 | I4: 33.333333 | J4: 24 | K4: =+I4*J4*F4 -> 800 | L4: =+K4*G4 -> 10.4 | M4: =+IFERROR(VLOOKUP(C4,'Est Madre LK 10-25'!A:C,3),VLOOKUP(C4,'Est Madre CH 10-25'!A:C,3,0)) -> 1440
A5: Tapita Aluminio | B5: BOM11 | C5: 558 | D5: =+IFERROR(VLOOKUP(C5,'Stock ISIS LK'!A:D,4,0),IFERROR(VLOOKUP(C5,'Stock ISIS CH'!A:D,4,0),0)) -> 0 | E5: =+D5*F5*J5 -> 0 | F5: 1 | G5: 0.013 | I5: 108.33333 | J5: 24 | K5: =+I5*J5*F5 -> 2600 | L5: =+K5*G5 -> 33.8 | M5: =+IFERROR(VLOOKUP(C5,'Est Madre LK 10-25'!A:C,3),VLOOKUP(C5,'Est Madre CH 10-25'!A:C,3,0)) -> 1440
A6: Tapita Aluminio | B6: BOM11 | C6: 573 | D6: =+IFERROR(VLOOKUP(C6,'Stock ISIS LK'!A:D,4,0),IFERROR(VLOOKUP(C6,'Stock ISIS CH'!A:D,4,0),0)) -> 0 | E6: =+D6*F6*J6 -> 0 | F6: 1 | G6: 0.013 | I6: 16.666667 | J6: 24 | K6: =+I6*J6*F6 -> 400 | L6: =+K6*G6 -> 5.2 | M6: =+IFERROR(VLOOKUP(C6,'Est Madre LK 10-25'!A:C,3),VLOOKUP(C6,'Est Madre CH 10-25'!A:C,3,0)) -> 24
A7: Tapita Aluminio | B7: BOM11 | C7: 755 | D7: =+IFERROR(VLOOKUP(C7,'Stock ISIS LK'!A:D,4,0),IFERROR(VLOOKUP(C7,'Stock ISIS CH'!A:D,4,0),0)) -> 0 | E7: =+D7*F7*J7 -> 0 | F7: 1 | G7: 0.013 | I7: 15 | J7: 24 | K7: =+I7*J7*F7 -> 360 | L7: =+K7*G7 -> 4.68 | M7: =+IFERROR(VLOOKUP(C7,'Est Madre LK 10-25'!A:C,3),VLOOKUP(C7,'Est Madre CH 10-25'!A:C,3,0)) -> 2136
A8: Tapita Aluminio | B8: BOM11 | C8: 762 | D8: =+IFERROR(VLOOKUP(C8,'Stock ISIS LK'!A:D,4,0),IFERROR(VLOOKUP(C8,'Stock ISIS CH'!A:D,4,0),0)) -> 0 | E8: =+D8*F8*J8 -> 0 | F8: 1 | G8: 0.013 | I8: 5 | J8: 24 | K8: =+I8*J8*F8 -> 120 | L8: =+K8*G8 -> 1.56 | M8: =+IFERROR(VLOOKUP(C8,'Est Madre LK 10-25'!A:C,3),VLOOKUP(C8,'Est Madre CH 10-25'!A:C,3,0)) -> 2136
A9: Tapita Aluminio | B9: BOM11 | C9: 763 | D9: =+IFERROR(VLOOKUP(C9,'Stock ISIS LK'!A:D,4,0),IFERROR(VLOOKUP(C9,'Stock ISIS CH'!A:D,4,0),0)) -> 0 | E9: =+D9*F9*J9 -> 0 | F9: 1 | G9: 0.013 | I9: 10 | J9: 24 | K9: =+I9*J9*F9 -> 240 | L9: =+K9*G9 -> 3.12 | M9: =+IFERROR(VLOOKUP(C9,'Est Madre LK 10-25'!A:C,3),VLOOKUP(C9,'Est Madre CH 10-25'!A:C,3,0)) -> 2136
A10: Caño Inox 140 mm | B10: BOM12 | C10: 557 | D10: =+IFERROR(VLOOKUP(C10,'Stock ISIS LK'!A:D,4,0),IFERROR(VLOOKUP(C10,'Stock ISIS CH'!A:D,4,0),0)) -> 0 | E10: =+D10*F10*J10 -> 0 | F10: 1 | G10: 0.0095 | I10: 33.333333 | J10: 24 | K10: =+I10*J10*F10 -> 800 | L10: =+K10*G10 -> 7.6 | M10: =+IFERROR(VLOOKUP(C10,'Est Madre LK 10-25'!A:C,3),VLOOKUP(C10,'Est Madre CH 10-25'!A:C,3,0)) -> 1440
A11: Caño Inox 140 mm | B11: BOM12 | C11: 558 | D11: =+IFERROR(VLOOKUP(C11,'Stock ISIS LK'!A:D,4,0),IFERROR(VLOOKUP(C11,'Stock ISIS CH'!A:D,4,0),0)) -> 0 | E11: =+D11*F11*J11 -> 0 | F11: 1 | G11: 0.0095 | I11: 108.33333 | J11: 24 | K11: =+I11*J11*F11 -> 2600 | L11: =+K11*G11 -> 24.7 | M11: =+IFERROR(VLOOKUP(C11,'Est Madre LK 10-25'!A:C,3),VLOOKUP(C11,'Est Madre CH 10-25'!A:C,3,0)) -> 1440
A12: Caño Inox 140 mm | B12: BOM12 | C12: 655 | D12: =+IFERROR(VLOOKUP(C12,'Stock ISIS LK'!A:D,4,0),IFERROR(VLOOKUP(C12,'Stock ISIS CH'!A:D,4,0),0)) -> 0 | E12: =+D12*F12*J12 -> 0 | F12: 1 | G12: 0.0095 | I12: 10 | J12: 24 | K12: =+I12*J12*F12 -> 240 | L12: =+K12*G12 -> 2.28 | M12: =+IFERROR(VLOOKUP(C12,'Est Madre LK 10-25'!A:C,3),VLOOKUP(C12,'Est Madre CH 10-25'!A:C,3,0)) -> 2136
A13: Caño Inox 140 mm | B13: BOM12 | C13: 762 | D13: =+IFERROR(VLOOKUP(C13,'Stock ISIS LK'!A:D,4,0),IFERROR(VLOOKUP(C13,'Stock ISIS CH'!A:D,4,0),0)) -> 0 | E13: =+D13*F13*J13 -> 0 | F13: 1 | G13: 0.0095 | I13: 5 | J13: 24 | K13: =+I13*J13*F13 -> 120 | L13: =+K13*G13 -> 1.14 | M13: =+IFERROR(VLOOKUP(C13,'Est Madre LK 10-25'!A:C,3),VLOOKUP(C13,'Est Madre CH 10-25'!A:C,3,0)) -> 2136
A14: Caño Inox 140 mm | B14: BOM12 | C14: 763 | D14: =+IFERROR(VLOOKUP(C14,'Stock ISIS LK'!A:D,4,0),IFERROR(VLOOKUP(C14,'Stock ISIS CH'!A:D,4,0),0)) -> 0 | E14: =+D14*F14*J14 -> 0 | F14: 1 | G14: 0.0095 | I14: 10 | J14: 24 | K14: =+I14*J14*F14 -> 240 | L14: =+K14*G14 -> 2.28 | M14: =+IFERROR(VLOOKUP(C14,'Est Madre LK 10-25'!A:C,3),VLOOKUP(C14,'Est Madre CH 10-25'!A:C,3,0)) -> 2136
A15: Caño Inox 170 mm | B15: BOM14 | C15: 654 | D15: =+IFERROR(VLOOKUP(C15,'Stock ISIS LK'!A:D,4,0),IFERROR(VLOOKUP(C15,'Stock ISIS CH'!A:D,4,0),0)) -> 0 | E15: =+D15*F15*J15 -> 0 | F15: 1 | G15: 0.0113 | I15: 37.5 | J15: 24 | K15: =+I15*J15*F15 -> 900 | L15: =+K15*G15 -> 10.17 | M15: =+IFERROR(VLOOKUP(C15,'Est Madre LK 10-25'!A:C,3),VLOOKUP(C15,'Est Madre CH 10-25'!A:C,3,0)) -> 2136
... A34: Resorte Batidor Pera | B34: LLF8 | C34: 802 | D34: =+IFERROR(VLOOKUP(C34,'Stock ISIS LK'!A:D,4,0),IFERROR(VLOOKUP(C34,'Stock ISIS CH'!A:D,4,0),0)) -> 0 | E34: =+D34*F34*J34 -> 0 | F34: 1 | G34: 0.0355 | I34: 100 | J34: 12 | K34: =+I34*J34*F34 -> 1200 | L34: =+K34*G34 -> 42.6 | M34: =+IFERROR(VLOOKUP(C34,'Est Madre LK 10-25'!A:C,3),VLOOKUP(C34,'Est Madre CH 10-25'!A:C,3,0)) -> 2136
A35: Tela Manga Repostera | B35: BOM8B | C35: 280 | D35: =+IFERROR(VLOOKUP(C35,'Stock ISIS LK'!A:D,4,0),IFERROR(VLOOKUP(C35,'Stock ISIS CH'!A:D,4,0),0)) -> 0 | E35: =+D35*F35*J35 -> 0 | F35: 1 | I35: 100 | J35: 12 | K35: =+I35*J35*F35 -> 1200 | L35: =+K35*G35 -> 0 | M35: =+IFERROR(VLOOKUP(C35,'Est Madre LK 10-25'!A:C,3),VLOOKUP(C35,'Est Madre CH 10-25'!A:C,3,0)) -> #N/A
A36: Alambre Corta Queso | B36: Z19A | C36: 546 | D36: =+IFERROR(VLOOKUP(C36,'Stock ISIS LK'!A:D,4,0),IFERROR(VLOOKUP(C36,'Stock ISIS CH'!A:D,4,0),0)) -> 0 | E36: =+D36*F36*J36 -> 0 | F36: 1 | G36: 0.004 | I36: 530 | J36: 12 | K36: =+I36*J36*F36 -> 6360 | L36: =+K36*G36 -> 25.44 | M36: =+IFERROR(VLOOKUP(C36,'Est Madre LK 10-25'!A:C,3),VLOOKUP(C36,'Est Madre CH 10-25'!A:C,3,0)) -> 1440
A37: Alambre Corta Queso | B37: Z19A | C37: 809 | D37: =+IFERROR(VLOOKUP(C37,'Stock ISIS LK'!A:D,4,0),IFERROR(VLOOKUP(C37,'Stock ISIS CH'!A:D,4,0),0)) -> 0 | E37: =+D37*F37*J37 -> 0 | F37: 1 | G37: 0.004 | I37: 135 | J37: 12 | K37: =+I37*J37*F37 -> 1620 | L37: =+K37*G37 -> 6.48 | M37: =+IFERROR(VLOOKUP(C37,'Est Madre LK 10-25'!A:C,3),VLOOKUP(C37,'Est Madre CH 10-25'!A:C,3,0)) -> 2136
A38: Arandelas Corta Queso | B38: A1 | C38: 546 | D38: =+IFERROR(VLOOKUP(C38,'Stock ISIS LK'!A:D,4,0),IFERROR(VLOOKUP(C38,'Stock ISIS CH'!A:D,4,0),0)) -> 0 | E38: =+D38*F38*J38 -> 0 | F38: 2 | G38: 0.0001218 | I38: 530 | J38: 12 | K38: =+I38*J38*F38 -> 12720 | L38: =+K38*G38 -> 1.549296 | M38: =+IFERROR(VLOOKUP(C38,'Est Madre LK 10-25'!A:C,3),VLOOKUP(C38,'Est Madre CH 10-25'!A:C,3,0)) -> 1440
A39: Arandelas Corta Queso | B39: A1 | C39: 809 | D39: =+IFERROR(VLOOKUP(C39,'Stock ISIS LK'!A:D,4,0),IFERROR(VLOOKUP(C39,'Stock ISIS CH'!A:D,4,0),0)) -> 0 | E39: =+D39*F39*J39 -> 0 | F39: 2 | G39: 0.0001218 | I39: 135 | J39: 12 | K39: =+I39*J39*F39 -> 3240 | L39: =+K39*G39 -> 0.394632 | M39: =+IFERROR(VLOOKUP(C39,'Est Madre LK 10-25'!A:C,3),VLOOKUP(C39,'Est Madre CH 10-25'!A:C,3,0)) -> 2136
A40: Cerda p/ Pincel | B40: Z19B | C40: 548 | D40: =+IFERROR(VLOOKUP(C40,'Stock ISIS LK'!A:D,4,0),IFERROR(VLOOKUP(C40,'Stock ISIS CH'!A:D,4,0),0)) -> 0 | E40: =+D40*F40*J40 -> 0 | F40: 1 | G40: 0.0241 | I40: 25 | J40: 24 | K40: =+I40*J40*F40 -> 600 | L40: =+K40*G40 -> 14.46 | M40: =+IFERROR(VLOOKUP(C40,'Est Madre LK 10-25'!A:C,3),VLOOKUP(C40,'Est Madre CH 10-25'!A:C,3,0)) -> 1440
A41: Cerda p/ Pincel | B41: Z19B | C41: 864 | D41: =+IFERROR(VLOOKUP(C41,'Stock ISIS LK'!A:D,4,0),IFERROR(VLOOKUP(C41,'Stock ISIS CH'!A:D,4,0),0)) -> 0 | E41: =+D41*F41*J41 -> 0 | F41: 1 | G41: 0.0241 | I41: 12 | J41: 12 | K41: =+I41*J41*F41 -> 144 | L41: =+K41*G41 -> 3.4704 | M41: =+IFERROR(VLOOKUP(C41,'Est Madre LK 10-25'!A:C,3),VLOOKUP(C41,'Est Madre CH 10-25'!A:C,3,0)) -> 2136
A42: Aro p/Llavero Grande | B42: Z2S | C42: 57 | D42: =+IFERROR(VLOOKUP(C42,'Stock ISIS LK'!A:D,4,0),IFERROR(VLOOKUP(C42,'Stock ISIS CH'!A:D,4,0),0)) -> 0 | E42: =+D42*F42*J42 -> 0 | F42: 1 | G42: 0.00315 | I42: 100 | J42: 12 | K42: =+I42*J42*F42 -> 1200 | L42: =+K42*G42 -> 3.78 | M42: =+IFERROR(VLOOKUP(C42,'Est Madre LK 10-25'!A:C,3),VLOOKUP(C42,'Est Madre CH 10-25'!A:C,3,0)) -> #N/A
A43: Aro p/Llavero Grande | B43: Z2S | C43: 498 | D43: =+IFERROR(VLOOKUP(C43,'Stock ISIS LK'!A:D,4,0),IFERROR(VLOOKUP(C43,'Stock ISIS CH'!A:D,4,0),0)) -> 0 | E43: =+D43*F43*J43 -> 0 | F43: 1 | G43: 0.00315 | I43: 25 | J43: 12 | K43: =+I43*J43*F43 -> 300 | L43: =+K43*G43 -> 0.945 | M43: =+IFERROR(VLOOKUP(C43,'Est Madre LK 10-25'!A:C,3),VLOOKUP(C43,'Est Madre CH 10-25'!A:C,3,0)) -> #N/A
A44: Aro p/Llavero Grande | B44: Z2S | C44: 499 | D44: =+IFERROR(VLOOKUP(C44,'Stock ISIS LK'!A:D,4,0),IFERROR(VLOOKUP(C44,'Stock ISIS CH'!A:D,4,0),0)) -> 0 | E44: =+D44*F44*J44 -> 0 | F44: 1 | G44: 0.00315 | I44: 100 | J44: 12 | K44: =+I44*J44*F44 -> 1200 | L44: =+K44*G44 -> 3.78 | M44: =+IFERROR(VLOOKUP(C44,'Est Madre LK 10-25'!A:C,3),VLOOKUP(C44,'Est Madre CH 10-25'!A:C,3,0)) -> #N/A
A45: Argolla p/Llavero Chica | B45: Z2SB | C45: 499 | D45: =+IFERROR(VLOOKUP(C45,'Stock ISIS LK'!A:D,4,0),IFERROR(VLOOKUP(C45,'Stock ISIS CH'!A:D,4,0),0)) -> 0 | E45: =+D45*F45*J45 -> 0 | F45: 1 | G45: 0.0005 | I45: 100 | J45: 12 | K45: =+I45*J45*F45 -> 1200 | L45: =+K45*G45 -> 0.6 | M45: =+IFERROR(VLOOKUP(C45,'Est Madre LK 10-25'!A:C,3),VLOOKUP(C45,'Est Madre CH 10-25'!A:C,3,0)) -> #N/A
A46: Ralladores Cilindrico 14cm | B46: AA6/ AE10 | C46: 323 | D46: =+IFERROR(VLOOKUP(C46,'Stock ISIS LK'!A:D,4,0),IFERROR(VLOOKUP(C46,'Stock ISIS CH'!A:D,4,0),0)) -> 0 | E46: =+D46*F46*J46 -> 0 | F46: 1 | G46: 0.045125 | I46: 20 | J46: 12 | K46: =+I46*J46*F46 -> 240 | L46: =+K46*G46 -> 10.83 | M46: =+IFERROR(VLOOKUP(C46,'Est Madre LK 10-25'!A:C,3),VLOOKUP(C46,'Est Madre CH 10-25'!A:C,3,0)) -> #N/A
A47: Ralladores Cilindrico 14cm | B47: AA6/ AE10 | C47: 839 | D47: =+IFERROR(VLOOKUP(C47,'Stock ISIS LK'!A:D,4,0),IFERROR(VLOOKUP(C47,'Stock ISIS CH'!A:D,4,0),0)) -> 0 | E47: =+D47*F47*J47 -> 0 | F47: 1 | G47: 0.045125 | I47: 40 | J47: 12 | K47: =+I47*J47*F47 -> 480 | L47: =+K47*G47 -> 21.66 | M47: =+IFERROR(VLOOKUP(C47,'Est Madre LK 10-25'!A:C,3),VLOOKUP(C47,'Est Madre CH 10-25'!A:C,3,0)) -> 2136
... A49: Pala de Torta | B49: Z22 | C49: 856 | D49: =+IFERROR(VLOOKUP(C49,'Stock ISIS LK'!A:D,4,0),IFERROR(VLOOKUP(C49,'Stock ISIS CH'!A:D,4,0),0)) -> 0 | E49: =+D49*F49*J49 -> 0 | F49: 1 | G49: 0.037333333 | I49: 6 | J49: 24 | K49: =+I49*J49*F49 -> 144 | L49: =+K49*G49 -> 5.376 | M49: =+IFERROR(VLOOKUP(C49,'Est Madre LK 10-25'!A:C,3),VLOOKUP(C49,'Est Madre CH 10-25'!A:C,3,0)) -> 2136

Sheet Stock ISIS LK

Sheet Stock ISIS CH

Sheet Consumo
A1: Emp | B1: Cod | C1: Descripcion | D1: Sector | E1: Descripcion | F1: Vta
A2: Loeke | B2: 557 | C2: Bombilla Resorte Chata | D2: BOM7 | E2: Resorte p/ Bombilla Crudo | F2: =+IFERROR(IF(A2="Loeke",VLOOKUP(B2,'Est Madre LK 10-25'!A:C,3,),VLOOKUP(B2,'Est Madre CH 10-25'!A:C,3,)),0) -> 1400
A3: Loeke | B3: 558 | C3: Bombilla Resorte Tradicio | D3: BOM7 | E3: Resorte p/ Bombilla Crudo | F3: =+IFERROR(IF(A3="Loeke",VLOOKUP(B3,'Est Madre LK 10-25'!A:C,3,),VLOOKUP(B3,'Est Madre CH 10-25'!A:C,3,)),0) -> 2124
A4: Loeke | B4: 573 | C4: Bombilla Colores Metaliza | D4: BOM7 | E4: Resorte p/ Bombilla Crudo | F4: =+IFERROR(IF(A4="Loeke",VLOOKUP(B4,'Est Madre LK 10-25'!A:C,3,),VLOOKUP(B4,'Est Madre CH 10-25'!A:C,3,)),0) -> 360
A5: Loeke | B5: 654 | C5: Bombilla Autolimpiante In | D5: BOM7 | E5: Resorte p/ Bombilla Crudo | F5: =+IFERROR(IF(A5="Loeke",VLOOKUP(B5,'Est Madre LK 10-25'!A:C,3,),VLOOKUP(B5,'Est Madre CH 10-25'!A:C,3,)),0) -> 912
A6: Loeke | B6: 557 | C6: Bombilla Resorte Chata | D6: BOM8 | E6: Resorte p/ Bombilla Niq | F6: =+IFERROR(IF(A6="Loeke",VLOOKUP(B6,'Est Madre LK 10-25'!A:C,3,),VLOOKUP(B6,'Est Madre CH 10-25'!A:C,3,)),0) -> 1400
A7: Loeke | B7: 558 | C7: Bombilla Resorte Tradicio | D7: BOM8 | E7: Resorte p/ Bombilla Niq | F7: =+IFERROR(IF(A7="Loeke",VLOOKUP(B7,'Est Madre LK 10-25'!A:C,3,),VLOOKUP(B7,'Est Madre CH 10-25'!A:C,3,)),0) -> 2124
A8: Loeke | B8: 654 | C8: Bombilla Autolimpiante In | D8: BOM8 | E8: Resorte p/ Bombilla Niq | F8: =+IFERROR(IF(A8="Loeke",VLOOKUP(B8,'Est Madre LK 10-25'!A:C,3,),VLOOKUP(B8,'Est Madre CH 10-25'!A:C,3,)),0) -> 912
A9: Loeke | B9: 573 | C9: Bombilla Colores Metaliza | D9: BOM8 | E9: Resorte p/ Bombilla Niq | F9: =+IFERROR(IF(A9="Loeke",VLOOKUP(B9,'Est Madre LK 10-25'!A:C,3,),VLOOKUP(B9,'Est Madre CH 10-25'!A:C,3,)),0) -> 360
A10: Loeke | B10: 654 | C10: Bombilla Autolimpiante In | D10: BOM4 | E10: Resorte p/ Bombilla Autolimp. | F10: =+IFERROR(IF(A10="Loeke",VLOOKUP(B10,'Est Madre LK 10-25'!A:C,3,),VLOOKUP(B10,'Est Madre CH 10-25'!A:C,3,)),0) -> 912
A11: Loeke | B11: 548 | C11: Pincel Pastelero | D11: BOM9 | E11: Cañito Pincel Pastelero | F11: =+IFERROR(IF(A11="Loeke",VLOOKUP(B11,'Est Madre LK 10-25'!A:C,3,),VLOOKUP(B11,'Est Madre CH 10-25'!A:C,3,)),0) -> 0
A12: Loeke | B12: 557 | C12: Bombilla Resorte Chata | D12: BOM11 | E12: Tapita Aluminio | F12: =+IFERROR(IF(A12="Loeke",VLOOKUP(B12,'Est Madre LK 10-25'!A:C,3,),VLOOKUP(B12,'Est Madre CH 10-25'!A:C,3,)),0) -> 1400
A13: Loeke | B13: 558 | C13: Bombilla Resorte Tradicio | D13: BOM11 | E13: Tapita Aluminio | F13: =+IFERROR(IF(A13="Loeke",VLOOKUP(B13,'Est Madre LK 10-25'!A:C,3,),VLOOKUP(B13,'Est Madre CH 10-25'!A:C,3,)),0) -> 2124
... A15: Loeke | B15: 654 | C15: Bombilla Autolimpiante In | D15: BOM11 | E15: Tapita Aluminio | F15: =+IFERROR(IF(A15="Loeke",VLOOKUP(B15,'Est Madre LK 10-25'!A:C,3,),VLOOKUP(B15,'Est Madre CH 10-25'!A:C,3,)),0) -> 912
A16: Loeke | B16: 552 | C16: 0 | D16: BOM6 | E16: Adorno Bombilla Bronce | F16: =+IFERROR(IF(A16="Loeke",VLOOKUP(B16,'Est Madre LK 10-25'!A:C,3,),VLOOKUP(B16,'Est Madre CH 10-25'!A:C,3,)),0) -> 0
A17: Loeke | B17: 553 | C17: 0 | D17: BOM6 | E17: Adorno Bombilla Bronce | F17: =+IFERROR(IF(A17="Loeke",VLOOKUP(B17,'Est Madre LK 10-25'!A:C,3,),VLOOKUP(B17,'Est Madre CH 10-25'!A:C,3,)),0) -> 0
A18: Loeke | B18: 654 | C18: Bombilla Autolimpiante In | D18: BOM6 | E18: Adorno Bombilla Bronce | F18: =+IFERROR(IF(A18="Loeke",VLOOKUP(B18,'Est Madre LK 10-25'!A:C,3,),VLOOKUP(B18,'Est Madre CH 10-25'!A:C,3,)),0) -> 912
A19: Loeke | B19: 654 | C19: Bombilla Autolimpiante In | D19: BOM5 | E19: Buje Bombilla Bronce | F19: =+IFERROR(IF(A19="Loeke",VLOOKUP(B19,'Est Madre LK 10-25'!A:C,3,),VLOOKUP(B19,'Est Madre CH 10-25'!A:C,3,)),0) -> 912
A20: Loeke | B20: 557 | C20: Bombilla Resorte Chata | D20: BOM12 | E20: Caño Inox 140 mm | F20: =+IFERROR(IF(A20="Loeke",VLOOKUP(B20,'Est Madre LK 10-25'!A:C,3,),VLOOKUP(B20,'Est Madre CH 10-25'!A:C,3,)),0) -> 1400
A21: Loeke | B21: 655 | C21: Bombilla Eco Plastica | D21: BOM12 | E21: Caño Inox 140 mm | F21: =+IFERROR(IF(A21="Loeke",VLOOKUP(B21,'Est Madre LK 10-25'!A:C,3,),VLOOKUP(B21,'Est Madre CH 10-25'!A:C,3,)),0) -> 0
A22: Loeke | B22: 558 | C22: Bombilla Resorte Tradicio | D22: BOM12 | E22: Caño Inox 140 mm | F22: =+IFERROR(IF(A22="Loeke",VLOOKUP(B22,'Est Madre LK 10-25'!A:C,3,),VLOOKUP(B22,'Est Madre CH 10-25'!A:C,3,)),0) -> 2124
A23: Loeke | B23: 654 | C23: Bombilla Autolimpiante In | D23: BOM14 | E23: Caño Inox 170 mm | F23: =+IFERROR(IF(A23="Loeke",VLOOKUP(B23,'Est Madre LK 10-25'!A:C,3,),VLOOKUP(B23,'Est Madre CH 10-25'!A:C,3,)),0) -> 912
A24: Loeke | B24: 573 | C24: Bombilla Colores Metaliza | D24: BOM3 | E24: Caño Alum Bombilla p/ Anodizar | F24: =+IFERROR(IF(A24="Loeke",VLOOKUP(B24,'Est Madre LK 10-25'!A:C,3,),VLOOKUP(B24,'Est Madre CH 10-25'!A:C,3,)),0) -> 360
A25: Chef | B25: 755 | C25: Bomb. Resorte Color Metal | D25: BOM7 | E25: Resorte p/ Bombilla Crudo | F25: =+IFERROR(IF(A25="Loeke",VLOOKUP(B25,'Est Madre LK 10-25'!A:C,3,),VLOOKUP(B25,'Est Madre CH 10-25'!A:C,3,)),0) -> 0
A26: Chef | B26: 762 | C26: Bombilla Resorte Chata | D26: BOM7 | E26: Resorte p/ Bombilla Crudo | F26: =+IFERROR(IF(A26="Loeke",VLOOKUP(B26,'Est Madre LK 10-25'!A:C,3,),VLOOKUP(B26,'Est Madre CH 10-25'!A:C,3,)),0) -> 24
A27: Chef | B27: 763 | C27: Bombilla Resorte Tradicio | D27: BOM7 | E27: Resorte p/ Bombilla Crudo | F27: =+IFERROR(IF(A27="Loeke",VLOOKUP(B27,'Est Madre LK 10-25'!A:C,3,),VLOOKUP(B27,'Est Madre CH 10-25'!A:C,3,)),0) -> 480
A28: Chef | B28: 769 | C28: Bomb. Autolimpiante Ac. I | D28: BOM7 | E28: Resorte p/ Bombilla Crudo | F28: =+IFERROR(IF(A28="Loeke",VLOOKUP(B28,'Est Madre LK 10-25'!A:C,3,),VLOOKUP(B28,'Est Madre CH 10-25'!A:C,3,)),0) -> 240
A29: Chef | B29: 755 | C29: Bomb. Resorte Color Metal | D29: BOM8 | E29: Resorte p/ Bombilla Niq | F29: =+IFERROR(IF(A29="Loeke",VLOOKUP(B29,'Est Madre LK 10-25'!A:C,3,),VLOOKUP(B29,'Est Madre CH 10-25'!A:C,3,)),0) -> 0
... A38: Chef | B38: 769 | C38: Bomb. Autolimpiante Ac. I | D38: BOM11 | E38: Tapita Aluminio | F38: =+IFERROR(IF(A38="Loeke",VLOOKUP(B38,'Est Madre LK 10-25'!A:C,3,),VLOOKUP(B38,'Est Madre CH 10-25'!A:C,3,)),0) -> 240
A39: Chef | B39: 766 | C39: 0 | D39: BOM6 | E39: Adorno Bombilla Bronce | F39: =+IFERROR(IF(A39="Loeke",VLOOKUP(B39,'Est Madre LK 10-25'!A:C,3,),VLOOKUP(B39,'Est Madre CH 10-25'!A:C,3,)),0) -> 0
A40: Chef | B40: 767 | C40: 0 | D40: BOM6 | E40: Adorno Bombilla Bronce | F40: =+IFERROR(IF(A40="Loeke",VLOOKUP(B40,'Est Madre LK 10-25'!A:C,3,),VLOOKUP(B40,'Est Madre CH 10-25'!A:C,3,)),0) -> 0
A41: Chef | B41: 769 | C41: Bomb. Autolimpiante Ac. I | D41: BOM6 | E41: Adorno Bombilla Bronce | F41: =+IFERROR(IF(A41="Loeke",VLOOKUP(B41,'Est Madre LK 10-25'!A:C,3,),VLOOKUP(B41,'Est Madre CH 10-25'!A:C,3,)),0) -> 240
A42: Chef | B42: 769 | C42: Bomb. Autolimpiante Ac. I | D42: BOM5 | E42: Buje Bombilla Bronce | F42: =+IFERROR(IF(A42="Loeke",VLOOKUP(B42,'Est Madre LK 10-25'!A:C,3,),VLOOKUP(B42,'Est Madre CH 10-25'!A:C,3,)),0) -> 240
A43: Chef | B43: 762 | C43: Bombilla Resorte Chata | D43: BOM12 | E43: Caño Inox 140 mm | F43: =+IFERROR(IF(A43="Loeke",VLOOKUP(B43,'Est Madre LK 10-25'!A:C,3,),VLOOKUP(B43,'Est Madre CH 10-25'!A:C,3,)),0) -> 24
A44: Chef | B44: 763 | C44: Bombilla Resorte Tradicio | D44: BOM12 | E44: Caño Inox 140 mm | F44: =+IFERROR(IF(A44="Loeke",VLOOKUP(B44,'Est Madre LK 10-25'!A:C,3,),VLOOKUP(B44,'Est Madre CH 10-25'!A:C,3,)),0) -> 480
A45: Chef | B45: 769 | C45: Bomb. Autolimpiante Ac. I | D45: BOM14 | E45: Caño Inox 170 mm | F45: =+IFERROR(IF(A45="Loeke",VLOOKUP(B45,'Est Madre LK 10-25'!A:C,3,),VLOOKUP(B45,'Est Madre CH 10-25'!A:C,3,)),0) -> 240
A46: Chef | B46: 755 | C46: Bomb. Resorte Color Metal | D46: BOM3 | E46: Caño Alum Bombilla p/ Anodizar | F46: =+IFERROR(IF(A46="Loeke",VLOOKUP(B46,'Est Madre LK 10-25'!A:C,3,),VLOOKUP(B46,'Est Madre CH 10-25'!A:C,3,)),0) -> 0
A47: Loeke | B47: 548 | C47: Pincel Pastelero | D47: Z19B | E47: Cerda P/Pincel Pastelero | F47: =+IFERROR(IF(A47="Loeke",VLOOKUP(B47,'Est Madre LK 10-25'!A:C,3,),VLOOKUP(B47,'Est Madre CH 10-25'!A:C,3,)),0) -> 0
A48: Chef | B48: 864 | C48: Pincel Pastelero | D48: Z19B | E48: Cerda P/Pincel Pastelero | F48: =+IFERROR(IF(A48="Loeke",VLOOKUP(B48,'Est Madre LK 10-25'!A:C,3,),VLOOKUP(B48,'Est Madre CH 10-25'!A:C,3,)),0) -> 48
A49: Loeke | B49: 396 | C49: Enrulador De Manteca | D49: Z31A | E49: Enrulador Largo | F49: =+IFERROR(IF(A49="Loeke",VLOOKUP(B49,'Est Madre LK 10-25'!A:C,3,),VLOOKUP(B49,'Est Madre CH 10-25'!A:C,3,)),0) -> 180
A50: Chef | B50: 710 | C50: Enrulador Manteca | D50: Z31A | E50: Enrulador Largo | F50: =+IFERROR(IF(A50="Loeke",VLOOKUP(B50,'Est Madre LK 10-25'!A:C,3,),VLOOKUP(B50,'Est Madre CH 10-25'!A:C,3,)),0) -> 0
A51: Loeke | B51: 396 | C51: Enrulador De Manteca | D51: Z31B | E51: Enrulador Corto | F51: =+IFERROR(IF(A51="Loeke",VLOOKUP(B51,'Est Madre LK 10-25'!A:C,3,),VLOOKUP(B51,'Est Madre CH 10-25'!A:C,3,)),0) -> 180
A52: Chef | B52: 710 | C52: Enrulador Manteca | D52: Z31B | E52: Enrulador Corto | F52: =+IFERROR(IF(A52="Loeke",VLOOKUP(B52,'Est Madre LK 10-25'!A:C,3,),VLOOKUP(B52,'Est Madre CH 10-25'!A:C,3,)),0) -> 0
... A55: Loeke | B55: 544 | C55: Batidor Pera Alambre | D55: LLF8 | E55: Resorte Batidor Pera | F55: =+IFERROR(IF(A55="Loeke",VLOOKUP(B55,'Est Madre LK 10-25'!A:C,3,),VLOOKUP(B55,'Est Madre CH 10-25'!A:C,3,)),0) -> 7464
A56: Chef | B56: 128K | C56: Batidor Pera | D56: LLF8 | E56: Resorte Batidor Pera | F56: =+IFERROR(IF(A56="Loeke",VLOOKUP(B56,'Est Madre LK 10-25'!A:C,3,),VLOOKUP(B56,'Est Madre CH 10-25'!A:C,3,)),0) -> 0
A57: Chef | B57: 802 | C57: Batidor Pera Display | D57: LLF8 | E57: Resorte Batidor Pera | F57: =+IFERROR(IF(A57="Loeke",VLOOKUP(B57,'Est Madre LK 10-25'!A:C,3,),VLOOKUP(B57,'Est Madre CH 10-25'!A:C,3,)),0) -> 540
A58: Loeke | B58: 532 | C58: Cuchara De Helado | D58: BOM10B | E58: Resorte Conico Cuchara Helado | F58: =+IFERROR(IF(A58="Loeke",VLOOKUP(B58,'Est Madre LK 10-25'!A:C,3,),VLOOKUP(B58,'Est Madre CH 10-25'!A:C,3,)),0) -> 312
A59: Chef | B59: 732 | C59: Cuchara Helado | D59: BOM10B | E59: Resorte Conico Cuchara Helado | F59: =+IFERROR(IF(A59="Loeke",VLOOKUP(B59,'Est Madre LK 10-25'!A:C,3,),VLOOKUP(B59,'Est Madre CH 10-25'!A:C,3,)),0) -> 96
A60: Loeke | B60: 315 | C60: Pisa Papas Acero Inox | D60: M1A | E60: Vastago Pisapapa | F60: =+IFERROR(IF(A60="Loeke",VLOOKUP(B60,'Est Madre LK 10-25'!A:C,3,),VLOOKUP(B60,'Est Madre CH 10-25'!A:C,3,)),0) -> 4500
A61: Chef | B61: 609 | C61: Pisa Papas | D61: M1A | E61: Vastago Pisapapa | F61: =+IFERROR(IF(A61="Loeke",VLOOKUP(B61,'Est Madre LK 10-25'!A:C,3,),VLOOKUP(B61,'Est Madre CH 10-25'!A:C,3,)),0) -> 480
A62: Loeke | B62: 523 | C62: Sacacorcho Doble Aleta | D62: M1B | E62: Cremallera D/Aleta | F62: =+IFERROR(IF(A62="Loeke",VLOOKUP(B62,'Est Madre LK 10-25'!A:C,3,),VLOOKUP(B62,'Est Madre CH 10-25'!A:C,3,)),0) -> 2400
A63: Chef | B63: 723 | C63: Sacacorcho Doble Aleta | D63: M1B | E63: Cremallera D/Aleta | F63: =+IFERROR(IF(A63="Loeke",VLOOKUP(B63,'Est Madre LK 10-25'!A:C,3,),VLOOKUP(B63,'Est Madre CH 10-25'!A:C,3,)),0) -> 372
A64: Loeke | B64: 395 | C64: Descorazonador De Manzana | D64: Z32 | E64: Descorazonador De Manzana | F64: =+IFERROR(IF(A64="Loeke",VLOOKUP(B64,'Est Madre LK 10-25'!A:C,3,),VLOOKUP(B64,'Est Madre CH 10-25'!A:C,3,)),0) -> 600
A65: Chef | B65: 709 | C65: Descorazonador De Manzana | D65: Z32 | E65: Descorazonador De Manzana | F65: =+IFERROR(IF(A65="Loeke",VLOOKUP(B65,'Est Madre LK 10-25'!A:C,3,),VLOOKUP(B65,'Est Madre CH 10-25'!A:C,3,)),0) -> 24
A66: Loeke | B66: 546 | C66: Corta Queso | D66: Z19A | E66: Alambre Corta Queso | F66: =+IFERROR(IF(A66="Loeke",VLOOKUP(B66,'Est Madre LK 10-25'!A:C,3,),VLOOKUP(B66,'Est Madre CH 10-25'!A:C,3,)),0) -> 7200
A67: Chef | B67: 809 | C67: Corta Queso | D67: Z19A | E67: Alambre Corta Queso | F67: =+IFERROR(IF(A67="Loeke",VLOOKUP(B67,'Est Madre LK 10-25'!A:C,3,),VLOOKUP(B67,'Est Madre CH 10-25'!A:C,3,)),0) -> 1296
A68: Loeke | B68: 546 | C68: Corta Queso | D68: A1 | E68: Arandelas Corta Queso | F68: =+IFERROR(IF(A68="Loeke",VLOOKUP(B68,'Est Madre LK 10-25'!A:C,3,),VLOOKUP(B68,'Est Madre CH 10-25'!A:C,3,)),0) -> 7200
... A78: Loeke | B78: 580 | C78: Batidor Pera Mini | D78: EP10 | E78: Resorte Mini Batidor | F78: =+IFERROR(IF(A78="Loeke",VLOOKUP(B78,'Est Madre LK 10-25'!A:C,3,),VLOOKUP(B78,'Est Madre CH 10-25'!A:C,3,)),0) -> 684

Sheet Est Madre LK 10-25
A5: Cod Nuevo Isis | B5: Descripcion | C5: USAR Sugerencia Uni x Mes
A6: 505 | B6: Pelador Mgo Plastico | C6: 30000
A7: 506 | B7: Abrelatas Uña | C7: 18840
A8: 513 | B8: Pelador Mgo Metalico | C8: 18204
A9: 31 | B9: Filtro De Cafe | C9: 18192
A10: 586 | B10: Pelapapas Mgo Ergonomico | C10: 6996
A11: 530 | B11: Sacacorcho Tipo Mozo Color | C11: 3600
A12: 546 | B12: Corta Queso | C12: 7200
A13: 544 | B13: Batidor Pera Alambre | C13: 7464
A14: 504 | B14: Afila Cuchillos | C14: 6996
A15: 501 | B15: Abrelatas A Manija | C15: 6912
A16: 502 | B16: Abrelatas A Mariposa | C16: 5796
A17: 321 | B17: Rallador Cilindrico | C17: 3120
... A25: 30 | B25: Colador N°20 | C25: 0
A26: 529E | B26: Sacacorcho Doble Impulso | C26: 4400
A27: 224 | B27: Cuchara Madera 30 Cm X 12 | C27: 588
A28: 29 | B28: Colador N°16 | C28: 0
A29: 558 | B29: Bombilla Resorte Tradicio | C29: 2124
A30: 523 | B30: Sacacorcho Doble Aleta | C30: 2400
A31: 512 | B31: Abrelata Mariposa Plastic | C31: 1656
A32: 521 | B32: Sacacorcho Combinado Crom | C32: 2220
A33: 581 | B33: Sacacorcho Cabo Plastico | C33: 768
A34: 531 | B34: Sacacorcho Combinado Color | C34: 1440
A35: 248 | B35: Cuchara De Cocina 33 Cm X 12 | C35: 924
A36: 555 | B36: Cepillo Limpia Bombilla | C36: 1800
A37: 575 | B37: Tapon De Vino/Cerv X1 Negro | C37: 1092
A38: 66 | B38: Abrelata Super Mariposa | C38: 2100
... A43: 562 | B43: Corta Pizza Mgo 6cm | C43: 1200
A44: 816E | B44: Pelador "V" Horizontal | C44: 1872
A45: 229 | B45: Ñoquera Madera | C45: 1008
A46: 500 | B46: Abrelata Uña Pie Color | C46: 1440
A47: 654 | B47: Bombilla Autolimpiante In | C47: 912
A48: 564 | B48: Corta Pizza Gastronomico | C48: 444
A49: 525 | B49: Sacacorcho Cabo De Madera | C49: 0
A50: 560 | B50: Pinza Chica | C50: 660
A51: 225 | B51: Cuchara Madera 35 Cm X 12 | C51: 2400
A52: 518 | B52: Sacafuente Gastronomico | C52: 780
A53: 580 | B53: Batidor Mini | C53: 684
A54: 577 | B54: Tapon De Vino/Cerveza Premium | C54: 984
A55: 280 | B55: Manga Repostera + 4 Boqui | C55: 1300
A56: 507 | B56: Rompenueces | C56: 792
... A72: 223 | B72: Cuchara Madera 25 Cm X 12 | C72: 276
A73: 811E | B73: Corta Pizza C/Mgo Ergonom | C73: 360
A74: 543 | B74: Ahueca Frutas | C74: 396
A75: 569 | B75: Pelanaranjas X 1 Display | C75: 168
A76: 392 | B76: Cucharon Nylon 1 Pza | C76: 312
A77: 595 | B77: Pinza De Fiambre Mgo Plas X 12 | C77: 288
A78: 312 | B78: Pala De Torta Acero Inox | C78: 204
A79: 515 | B79: Batidor Resorte | C79: 441.6
A80: 579 | B80: Tapon De Vino/Cerv X 1 Color | C80: 660
A81: 532 | B81: Cuchara De Helado | C81: 312
A82: 511 | B82: 3 En 1 | C82: 484
A83: 394 | B83: Espatula Lisa Nylon 1 Pza | C83: 360
A84: 542 | B84: Ahueca Papas | C84: 384
A85: 299 | B85: Muñeco Silicona Antiderra | C85: 324
... A107: 509 | B107: Paleta Batidora | C107: 192
A108: 814E | B108: Mariposa Manopla Magnetic | C108: 36
A109: 585E | B109: Sac.Doble Aleta Fundicion | C109: 600
A110: 819E | B110: Sacacorcho "Fish" Grande | C110: 600
A111: 580E | B111: Batidor Mini | C111: 0
A112: 503E | B112: Abrelatas Doble Engranaje | C112: 360
A113: 809E | B113: Corta Pizza Familiar | C113: 120
A114: 516 | B114: Destapacorona Suelto | C114: 500
A115: 554 | B115: Cucharita Matera | C115: 192
A116: 438E | B116: Colador Acero Inox 20 Cm | C116: 700
A117: 335 | B117: Cuchara Calada Ac.Inox. | C117: 120
A118: 390 | B118: Cuchara Calada Nylon 1 Pz | C118: 120
A119: 389 | B119: Espumadera Nylon c/ Mgo | C119: 0
A120: 534 | B120: Cepillo Lava Vajilla | C120: 144
A121: 339 | B121: Cuchara Spaghetti Ac Inox. | C121: 0
A122: 338 | B122: Espatula Lisa Ac.Inox. | C122: 240
A123: 498 | B123: Destapador Pie Cromado | C123: 144
A124: 337 | B124: Tenedor Ac Inox | C124: 96
A125: 547 | B125: Corta Torta | C125: 24
A126: 435E | B126: Colador Acero Inox 10 Cm | C126: 0
A127: 478E | B127: Sacacorcho Doble Impulso
A128: 525E | B128: Sacacorcho Cabo Madera | C128: 1800
A129: 574 | B129: Corta Queso De Alambre
A130: 28 | B130: Colador N°13 Discontinuo | C130: 0
A131: 250 | B131: Mate Forrado | C131: 0
A132: 253 | B132: Mate Calabaza C/Virola | C132: 0
A133: 254 | B133: Mate Calabaza S/Virola | C133: 0
A134: 578 | B134: Descarozador De Aceitunas | C134: 0
A135: 574E | B135: Corta Queso De Alambre | C135: 648
A136: 361E | B136: Rallador 4 Lados Ac Inox( | C136: 480
A137: R | B137: Cuchillo De Untar Suelto | C137: 0
A138: 328E | B138: Rallador Plano 3 Usos Ac | C138: 312
A139: 360E | B139: Rallador 4 Lados A/I Mgo | C139: 180
A140: 363E | B140: Rallador Gurmet Grano Fin | C140: 144
A141: 438E | B141: Colador Acero Inox 20 Cm | C141: 700
A142: 810E | B142: Corta Queso Semiduros A/I | C142: 240
A143: 230 | B143: Palo Amasar 30cm | C143: 0
A144: 233 | B144: Palo Amasar 50cm | C144: 0
A145: 436E | B145: Colador Acero Inox 14 Cm | C145: 0
A146: 812E | B146: Corta Huevo | C146: 600
A147: 437E | B147: Colador Acero Inox 16 Cm | C147: 912
A148: 231 | B148: Palo Amasar 40cm | C148: 0
A149: 322 | B149: Tenedor De Copetin X 6 Un | C149: 0
A150: 517 | B150: Pinza Articulada Gastro Proximamente | C150: 0
A151: 558D | B151: Bombilla Resorte Tradicio | C151: 0
...

Sheet Est Madre CH 10-25
A5: Cod.Art. | B5: Descripcion | C5: Prom Uni
A6: 43 | B6: Tres En Uno | C6: 240
A7: 52 | B7: Lavavajilla C/Mgo.Arte | C7: 24
A8: 53 | B8: Pinza De Fiambre*Arte* X 12 | C8: 48
A9: 54 | B9: Pinza De Ensaladas*Arte* X 12 | C9: 24
A10: 55 | B10: Pinza De Fideos*Arte* | C10: 96
A11: 61 | B11: Pinza Chica Detalles Bco Azul | C11: 0
A12: 97 | B12: Afila Cuchillo Con Base V | C12: 840
A13: 99 | B13: Pelapapas Mgo Plast Verde | C13: 2976
A14: 307 | B14: Limpia Mamadera A/I | C14: 360
A15: 453 | B15: Cuchara Fideos Nylon C/Mgo | C15: 0
A16: 454 | B16: Cucharon Nylon C/Mgo | C16: 0
A17: 455 | B17: Espatula Calada Nylon C/Mgo | C17: 0
... A106: 922 | B106: Cuchara Madera 25 Display X 12 | C106: 696
A107: 692E | B107: Pelador "V" Horizontal | C107: 240
A108: 702E | B108: Abrelatas Mariposa | C108: 1200
A109: 712E | B109: Pelador Mgo Plastico Econ | C109: 240
A110: 725E | B110: Sacacorcho Cabo De Madera | C110: 1080
A111: 727E | B111: Sacacorcho Doble Impulso | C111: 240
A112: 729E | B112: Sac Doble Aleta Fund Eco | C112: 276
A113: 733E | B113: Sacacorcho Doble Impulso | C113: 792
A114: 809E | B114: Corta Queso Blandos Mango Alambre | C114: 1680
A115: 865E | B115: Rallador Plano A/I 3 Usos | C115: 120
A116: 868E | B116: Rallador 4 Lados A/I Mgo | C116: 0
A117: 877E | B117: Corta Pizza Con Mgo Chino | C117: 204
