Workbook

Sheet O.C. Corrugadora del Plata
A1: Loekemeyer Hnos. S.R.L | F1: Chef SRL
A2: CUIT: | C2: 30-51584245-0 | F2: CUIT: | H2: 30-68575625-7
A3: DIRECCION: | C3: Cervantes 2868 | F3: DIRECCION: | H3: Virgilio 2788
A4: LOCALIDAD: | C4: Villa Devoto, CABA | F4: LOCALIDAD: | H4: Villa Real, CABA
A6: ORDEN DE COMPRA | F6: FECHA PEDIDO: | I6: =+TODAY() -> 46099
A8: RAZON SOCIAL: | C8: CORRUGADORA DEL PLATA | D8: COD PROV: | E8: 69587 | F8: ENTREGA EN: | I8: Cervantes 2868
A10: FACTURAR Loekemeyer 70% Chef 30%
A12: ESTE PEDIDO ANULA CUALQUIER PEDIDO ANTERIOR
A13: Cód ISIS | B13: N° Ord | C13: N° Caja | D13: Pedido Uni | E13: Emp | F13: Uni a FC | G13: Fecha Pos Ent | H13: Fecha Ent | I13: Uni Ent | J13: Fecha Ent | K13: Uni Ent | L13: Fecha Ent | M13: Uni Ent
A14: {=+IFERROR(INDEX('Relevamiento 11-03'!$D:$D,MATCH(1,('Relevamiento 11-03'!$C:$C=$B14)*('Relevamiento 11-03'!$A:$A="Corrugadora"),0)),"")} -> 1104700 | B14: 1 | C14: {=+IFERROR(INDEX('Relevamiento 11-03'!$F:$F,MATCH(1,('Relevamiento 11-03'!$C:$C=$B14)*('Relevamiento 11-03'!$A:$A="Corrugadora"),0)),"")} -> 7 | D14: {=+IFERROR(INDEX('Relevamiento 11-03'!$G:$G,MATCH(1,('Relevamiento 11-03'!$C:$C=$B14)*('Relevamiento 11-03'!$A:$A="Corrugadora"),0)),"")} -> 1000 | E14: =+IF(E13="LK","CH",IF(D14="","",IF(D14>0,"LK","CH"))) -> LK | F14: =+IF(OR(E14="LK"),ROUNDUP(D14*(VLOOKUP(B14,'Relevamiento 11-03'!$C:$AE,29,0))/25,0)*25,IF(E14="CH",D13-F13,"")) -> 700
E15: =+IF(E14="LK","CH",IF(D15="","",IF(D15>0,"LK","CH"))) -> CH | F15: =+IF(OR(E15="LK"),ROUNDUP(D15*(VLOOKUP(B15,'Relevamiento 11-03'!$C:$AE,29,0))/25,0)*25,IF(E15="CH",D14-F14,"")) -> 300
A16: {=+IFERROR(INDEX('Relevamiento 11-03'!$D:$D,MATCH(1,('Relevamiento 11-03'!$C:$C=$B16)*('Relevamiento 11-03'!$A:$A="Corrugadora"),0)),"")} -> 1113700 | B16: =+B14+1 -> 2 | C16: {=+IFERROR(INDEX('Relevamiento 11-03'!$F:$F,MATCH(1,('Relevamiento 11-03'!$C:$C=$B16)*('Relevamiento 11-03'!$A:$A="Corrugadora"),0)),"")} -> 29 | D16: {=+IFERROR(INDEX('Relevamiento 11-03'!$G:$G,MATCH(1,('Relevamiento 11-03'!$C:$C=$B16)*('Relevamiento 11-03'!$A:$A="Corrugadora"),0)),"")} -> 15500 | E16: =+IF(E15="LK","CH",IF(D16="","",IF(D16>0,"LK","CH"))) -> LK | F16: =+IF(OR(E16="LK"),ROUNDUP(D16*(VLOOKUP(B16,'Relevamiento 11-03'!$C:$AE,29,0))/25,0)*25,IF(E16="CH",D15-F15,"")) -> 10850
E17: =+IF(E16="LK","CH",IF(D17="","",IF(D17>0,"LK","CH"))) -> CH | F17: =+IF(OR(E17="LK"),ROUNDUP(D17*(VLOOKUP(B17,'Relevamiento 11-03'!$C:$AE,29,0))/25,0)*25,IF(E17="CH",D16-F16,"")) -> 4650
A18: {=+IFERROR(INDEX('Relevamiento 11-03'!$D:$D,MATCH(1,('Relevamiento 11-03'!$C:$C=$B18)*('Relevamiento 11-03'!$A:$A="Corrugadora"),0)),"")} -> 1101700 | B18: =+B16+1 -> 3 | C18: {=+IFERROR(INDEX('Relevamiento 11-03'!$F:$F,MATCH(1,('Relevamiento 11-03'!$C:$C=$B18)*('Relevamiento 11-03'!$A:$A="Corrugadora"),0)),"")} -> 2 | D18: {=+IFERROR(INDEX('Relevamiento 11-03'!$G:$G,MATCH(1,('Relevamiento 11-03'!$C:$C=$B18)*('Relevamiento 11-03'!$A:$A="Corrugadora"),0)),"")} -> 7000 | E18: =+IF(E17="LK","CH",IF(D18="","",IF(D18>0,"LK","CH"))) -> LK | F18: =+IF(OR(E18="LK"),ROUNDUP(D18*(VLOOKUP(B18,'Relevamiento 11-03'!$C:$AE,29,0))/25,0)*25,IF(E18="CH",D17-F17,"")) -> 4900
E19: =+IF(E18="LK","CH",IF(D19="","",IF(D19>0,"LK","CH"))) -> CH | F19: =+IF(OR(E19="LK"),ROUNDUP(D19*(VLOOKUP(B19,'Relevamiento 11-03'!$C:$AE,29,0))/25,0)*25,IF(E19="CH",D18-F18,"")) -> 2100
A20: {=+IFERROR(INDEX('Relevamiento 11-03'!$D:$D,MATCH(1,('Relevamiento 11-03'!$C:$C=$B20)*('Relevamiento 11-03'!$A:$A="Corrugadora"),0)),"")} -> 1110700 | B20: =+B18+1 -> 4 | C20: {=+IFERROR(INDEX('Relevamiento 11-03'!$F:$F,MATCH(1,('Relevamiento 11-03'!$C:$C=$B20)*('Relevamiento 11-03'!$A:$A="Corrugadora"),0)),"")} -> 22 | D20: {=+IFERROR(INDEX('Relevamiento 11-03'!$G:$G,MATCH(1,('Relevamiento 11-03'!$C:$C=$B20)*('Relevamiento 11-03'!$A:$A="Corrugadora"),0)),"")} -> 10000 | E20: =+IF(E19="LK","CH",IF(D20="","",IF(D20>0,"LK","CH"))) -> LK | F20: =+IF(OR(E20="LK"),ROUNDUP(D20*(VLOOKUP(B20,'Relevamiento 11-03'!$C:$AE,29,0))/25,0)*25,IF(E20="CH",D19-F19,"")) -> 7000
E21: =+IF(E20="LK","CH",IF(D21="","",IF(D21>0,"LK","CH"))) -> CH | F21: =+IF(OR(E21="LK"),ROUNDUP(D21*(VLOOKUP(B21,'Relevamiento 11-03'!$C:$AE,29,0))/25,0)*25,IF(E21="CH",D20-F20,"")) -> 3000
A22: {=+IFERROR(INDEX('Relevamiento 11-03'!$D:$D,MATCH(1,('Relevamiento 11-03'!$C:$C=$B22)*('Relevamiento 11-03'!$A:$A="Corrugadora"),0)),"")} | B22: =+B20+1 -> 5 | C22: {=+IFERROR(INDEX('Relevamiento 11-03'!$F:$F,MATCH(1,('Relevamiento 11-03'!$C:$C=$B22)*('Relevamiento 11-03'!$A:$A="Corrugadora"),0)),"")} | D22: {=+IFERROR(INDEX('Relevamiento 11-03'!$G:$G,MATCH(1,('Relevamiento 11-03'!$C:$C=$B22)*('Relevamiento 11-03'!$A:$A="Corrugadora"),0)),"")} | E22: =+IF(E21="LK","CH",IF(D22="","",IF(D22>0,"LK","CH"))) | F22: =+IF(OR(E22="LK"),ROUNDUP(D22*(VLOOKUP(B22,'Relevamiento 11-03'!$C:$AE,29,0))/25,0)*25,IF(E22="CH",D21-F21,""))
E23: =+IF(E22="LK","CH",IF(D23="","",IF(D23>0,"LK","CH"))) | F23: =+IF(OR(E23="LK"),ROUNDUP(D23*(VLOOKUP(B23,'Relevamiento 11-03'!$C:$AE,29,0))/25,0)*25,IF(E23="CH",D22-F22,""))
A24: {=+IFERROR(INDEX('Relevamiento 11-03'!$D:$D,MATCH(1,('Relevamiento 11-03'!$C:$C=$B24)*('Relevamiento 11-03'!$A:$A="Corrugadora"),0)),"")} | B24: =+B22+1 -> 6 | C24: {=+IFERROR(INDEX('Relevamiento 11-03'!$F:$F,MATCH(1,('Relevamiento 11-03'!$C:$C=$B24)*('Relevamiento 11-03'!$A:$A="Corrugadora"),0)),"")} | D24: {=+IFERROR(INDEX('Relevamiento 11-03'!$G:$G,MATCH(1,('Relevamiento 11-03'!$C:$C=$B24)*('Relevamiento 11-03'!$A:$A="Corrugadora"),0)),"")} | E24: =+IF(E23="LK","CH",IF(D24="","",IF(D24>0,"LK","CH"))) | F24: =+IF(OR(E24="LK"),ROUNDUP(D24*(VLOOKUP(B24,'[1]Pedido VACIO'!$E$1:$AT$65536,42,0))/25,0)*25,IF(E24="CH",D23-F23,""))
E25: =+IF(E24="LK","CH",IF(D25="","",IF(D25>0,"LK","CH"))) | F25: =+IF(OR(E25="LK"),ROUNDUP(D25*(VLOOKUP(B25,'[1]Pedido VACIO'!$E$1:$AT$65536,42,0))/25,0)*25,IF(E25="CH",D24-F24,""))
A26: {=+IFERROR(INDEX('Relevamiento 11-03'!$D:$D,MATCH(1,('Relevamiento 11-03'!$C:$C=$B26)*('Relevamiento 11-03'!$A:$A="Corrugadora"),0)),"")} | B26: =+B24+1 -> 7 | C26: {=+IFERROR(INDEX('Relevamiento 11-03'!$F:$F,MATCH(1,('Relevamiento 11-03'!$C:$C=$B26)*('Relevamiento 11-03'!$A:$A="Corrugadora"),0)),"")} | D26: {=+IFERROR(INDEX('Relevamiento 11-03'!$G:$G,MATCH(1,('Relevamiento 11-03'!$C:$C=$B26)*('Relevamiento 11-03'!$A:$A="Corrugadora"),0)),"")} | E26: =+IF(E25="LK","CH",IF(D26="","",IF(D26>0,"LK","CH"))) | F26: =+IF(OR(E26="LK"),ROUNDUP(D26*(VLOOKUP(B26,'[1]Pedido VACIO'!$E$1:$AT$65536,42,0))/25,0)*25,IF(E26="CH",D25-F25,""))
E27: =+IF(E26="LK","CH",IF(D27="","",IF(D27>0,"LK","CH"))) | F27: =+IF(OR(E27="LK"),ROUNDUP(D27*(VLOOKUP(B27,'[1]Pedido VACIO'!$E$1:$AT$65536,42,0))/25,0)*25,IF(E27="CH",D26-F26,""))
A28: {=+IFERROR(INDEX('Relevamiento 11-03'!$D:$D,MATCH(1,('Relevamiento 11-03'!$C:$C=$B28)*('Relevamiento 11-03'!$A:$A="Corrugadora"),0)),"")} | B28: =+B26+1 -> 8 | C28: {=+IFERROR(INDEX('Relevamiento 11-03'!$F:$F,MATCH(1,('Relevamiento 11-03'!$C:$C=$B28)*('Relevamiento 11-03'!$A:$A="Corrugadora"),0)),"")} | D28: {=+IFERROR(INDEX('Relevamiento 11-03'!$G:$G,MATCH(1,('Relevamiento 11-03'!$C:$C=$B28)*('Relevamiento 11-03'!$A:$A="Corrugadora"),0)),"")} | E28: =+IF(E27="LK","CH",IF(D28="","",IF(D28>0,"LK","CH"))) | F28: =+IF(OR(E28="LK"),ROUNDUP(D28*(VLOOKUP(B28,'[1]Pedido VACIO'!$E$1:$AT$65536,42,0))/25,0)*25,IF(E28="CH",D27-F27,""))
E29: =+IF(E28="LK","CH",IF(D29="","",IF(D29>0,"LK","CH"))) | F29: =+IF(OR(E29="LK"),ROUNDUP(D29*(VLOOKUP(B29,'[1]Pedido VACIO'!$E$1:$AT$65536,42,0))/25,0)*25,IF(E29="CH",D28-F28,""))
A30: {=+IFERROR(INDEX('Relevamiento 11-03'!$D:$D,MATCH(1,('Relevamiento 11-03'!$C:$C=$B30)*('Relevamiento 11-03'!$A:$A="Corrugadora"),0)),"")} | B30: =+B28+1 -> 9 | C30: {=+IFERROR(INDEX('Relevamiento 11-03'!$F:$F,MATCH(1,('Relevamiento 11-03'!$C:$C=$B30)*('Relevamiento 11-03'!$A:$A="Corrugadora"),0)),"")} | D30: {=+IFERROR(INDEX('Relevamiento 11-03'!$G:$G,MATCH(1,('Relevamiento 11-03'!$C:$C=$B30)*('Relevamiento 11-03'!$A:$A="Corrugadora"),0)),"")} | E30: =+IF(E29="LK","CH",IF(D30="","",IF(D30>0,"LK","CH"))) | F30: =+IF(OR(E30="LK"),ROUNDUP(D30*(VLOOKUP(B30,'[1]Pedido VACIO'!$E$1:$AT$65536,42,0))/25,0)*25,IF(E30="CH",D29-F29,""))
E31: =+IF(E30="LK","CH",IF(D31="","",IF(D31>0,"LK","CH"))) | F31: =+IF(OR(E31="LK"),ROUNDUP(D31*(VLOOKUP(B31,'[1]Pedido VACIO'!$E$1:$AT$65536,42,0))/25,0)*25,IF(E31="CH",D30-F30,""))
A32: {=+IFERROR(INDEX('Relevamiento 11-03'!$D:$D,MATCH(1,('Relevamiento 11-03'!$C:$C=$B32)*('Relevamiento 11-03'!$A:$A="Corrugadora"),0)),"")} | B32: =+B30+1 -> 10 | C32: {=+IFERROR(INDEX('Relevamiento 11-03'!$F:$F,MATCH(1,('Relevamiento 11-03'!$C:$C=$B32)*('Relevamiento 11-03'!$A:$A="Corrugadora"),0)),"")} | D32: {=+IFERROR(INDEX('Relevamiento 11-03'!$G:$G,MATCH(1,('Relevamiento 11-03'!$C:$C=$B32)*('Relevamiento 11-03'!$A:$A="Corrugadora"),0)),"")} | E32: =+IF(E31="LK","CH",IF(D32="","",IF(D32>0,"LK","CH"))) | F32: =+IF(OR(E32="LK"),ROUNDUP(D32*(VLOOKUP(B32,'[1]Pedido VACIO'!$E$1:$AT$65536,42,0))/25,0)*25,IF(E32="CH",D31-F31,""))
E33: =+IF(E32="LK","CH",IF(D33="","",IF(D33>0,"LK","CH"))) | F33: =+IF(OR(E33="LK"),ROUNDUP(D33*(VLOOKUP(B33,'[1]Pedido VACIO'!$E$1:$AT$65536,42,0))/25,0)*25,IF(E33="CH",D32-F32,""))
A34: {=+IFERROR(INDEX('Relevamiento 11-03'!$D:$D,MATCH(1,('Relevamiento 11-03'!$C:$C=$B34)*('Relevamiento 11-03'!$A:$A="Corrugadora"),0)),"")} | B34: =+B32+1 -> 11 | C34: {=+IFERROR(INDEX('Relevamiento 11-03'!$F:$F,MATCH(1,('Relevamiento 11-03'!$C:$C=$B34)*('Relevamiento 11-03'!$A:$A="Corrugadora"),0)),"")} | D34: {=+IFERROR(INDEX('Relevamiento 11-03'!$G:$G,MATCH(1,('Relevamiento 11-03'!$C:$C=$B34)*('Relevamiento 11-03'!$A:$A="Corrugadora"),0)),"")} | E34: =+IF(E33="LK","CH",IF(D34="","",IF(D34>0,"LK","CH"))) | F34: =+IF(OR(E34="LK"),ROUNDUP(D34*(VLOOKUP(B34,'[1]Pedido VACIO'!$E$1:$AT$65536,42,0))/25,0)*25,IF(E34="CH",D33-F33,""))
E35: =+IF(E34="LK","CH",IF(D35="","",IF(D35>0,"LK","CH"))) | F35: =+IF(OR(E35="LK"),ROUNDUP(D35*(VLOOKUP(B35,'[1]Pedido VACIO'!$E$1:$AT$65536,42,0))/25,0)*25,IF(E35="CH",D34-F34,""))
A36: {=+IFERROR(INDEX('Relevamiento 11-03'!$D:$D,MATCH(1,('Relevamiento 11-03'!$C:$C=$B36)*('Relevamiento 11-03'!$A:$A="Corrugadora"),0)),"")} | B36: =+B34+1 -> 12 | C36: {=+IFERROR(INDEX('Relevamiento 11-03'!$F:$F,MATCH(1,('Relevamiento 11-03'!$C:$C=$B36)*('Relevamiento 11-03'!$A:$A="Corrugadora"),0)),"")} | D36: {=+IFERROR(INDEX('Relevamiento 11-03'!$G:$G,MATCH(1,('Relevamiento 11-03'!$C:$C=$B36)*('Relevamiento 11-03'!$A:$A="Corrugadora"),0)),"")} | E36: =+IF(E35="LK","CH",IF(D36="","",IF(D36>0,"LK","CH"))) | F36: =+IF(OR(E36="LK"),ROUNDUP(D36*(VLOOKUP(B36,'[1]Pedido VACIO'!$E$1:$AT$65536,42,0))/25,0)*25,IF(E36="CH",D35-F35,""))
E37: =+IF(E36="LK","CH",IF(D37="","",IF(D37>0,"LK","CH"))) | F37: =+IF(OR(E37="LK"),ROUNDUP(D37*(VLOOKUP(B37,'[1]Pedido VACIO'!$E$1:$AT$65536,42,0))/25,0)*25,IF(E37="CH",D36-F36,""))
A38: {=+IFERROR(INDEX('Relevamiento 11-03'!$D:$D,MATCH(1,('Relevamiento 11-03'!$C:$C=$B38)*('Relevamiento 11-03'!$A:$A="Corrugadora"),0)),"")} | B38: =+B36+1 -> 13 | C38: {=+IFERROR(INDEX('Relevamiento 11-03'!$F:$F,MATCH(1,('Relevamiento 11-03'!$C:$C=$B38)*('Relevamiento 11-03'!$A:$A="Corrugadora"),0)),"")} | D38: {=+IFERROR(INDEX('Relevamiento 11-03'!$G:$G,MATCH(1,('Relevamiento 11-03'!$C:$C=$B38)*('Relevamiento 11-03'!$A:$A="Corrugadora"),0)),"")} | E38: =+IF(E37="LK","CH",IF(D38="","",IF(D38>0,"LK","CH"))) | F38: =+IF(OR(E38="LK"),ROUNDUP(D38*(VLOOKUP(B38,'[1]Pedido VACIO'!$E$1:$AT$65536,42,0))/25,0)*25,IF(E38="CH",D37-F37,""))
E39: =+IF(E38="LK","CH",IF(D39="","",IF(D39>0,"LK","CH"))) | F39: =+IF(OR(E39="LK"),ROUNDUP(D39*(VLOOKUP(B39,'[1]Pedido VACIO'!$E$1:$AT$65536,42,0))/25,0)*25,IF(E39="CH",D38-F38,""))
A40: {=+IFERROR(INDEX('Relevamiento 11-03'!$D:$D,MATCH(1,('Relevamiento 11-03'!$C:$C=$B40)*('Relevamiento 11-03'!$A:$A="Corrugadora"),0)),"")} | B40: =+B38+1 -> 14 | C40: {=+IFERROR(INDEX('Relevamiento 11-03'!$F:$F,MATCH(1,('Relevamiento 11-03'!$C:$C=$B40)*('Relevamiento 11-03'!$A:$A="Corrugadora"),0)),"")} | D40: {=+IFERROR(INDEX('Relevamiento 11-03'!$G:$G,MATCH(1,('Relevamiento 11-03'!$C:$C=$B40)*('Relevamiento 11-03'!$A:$A="Corrugadora"),0)),"")} | E40: =+IF(E39="LK","CH",IF(D40="","",IF(D40>0,"LK","CH"))) | F40: =+IF(OR(E40="LK"),ROUNDUP(D40*(VLOOKUP(B40,'[1]Pedido VACIO'!$E$1:$AT$65536,42,0))/25,0)*25,IF(E40="CH",D39-F39,""))
E41: =+IF(E40="LK","CH",IF(D41="","",IF(D41>0,"LK","CH"))) | F41: =+IF(OR(E41="LK"),ROUNDUP(D41*(VLOOKUP(B41,'[1]Pedido VACIO'!$E$1:$AT$65536,42,0))/25,0)*25,IF(E41="CH",D40-F40,""))
A42: {=+IFERROR(INDEX('[1]Pedido VACIO'!$B$1:$B$65536,MATCH(1,('[1]Pedido VACIO'!$E$1:$E$65536=$B42)*('[1]Pedido VACIO'!$A$1:$A$65536="Pat Bet Plast"),0)),"")} | B42: =+B40+1 -> 15 | C42: {=+IFERROR(INDEX('[1]Pedido VACIO'!$C$1:$C$65536,MATCH(1,('[1]Pedido VACIO'!$E$1:$E$65536=$B42)*('[1]Pedido VACIO'!$A$1:$A$65536="Pat Bet Plast"),0)),"")} | D42: {=+IFERROR(INDEX('[1]Pedido VACIO'!$D$1:$D$65536,MATCH(1,('[1]Pedido VACIO'!$E$1:$E$65536=$B42)*('[1]Pedido VACIO'!$A$1:$A$65536="Pat Bet Plast"),0)),"")} | E42: =+IF(E41="LK","CH",IF(D42="","",IF(D42>0,"LK","CH"))) | F42: =+IF(OR(E42="LK"),ROUNDUP(D42*(VLOOKUP(B42,'[1]Pedido VACIO'!$E$1:$AT$65536,42,0))/25,0)*25,IF(E42="CH",D41-F41,""))
E43: =+IF(E42="LK","CH",IF(D43="","",IF(D43>0,"LK","CH"))) | F43: =+IF(OR(E43="LK"),ROUNDUP(D43*(VLOOKUP(B43,'[1]Pedido VACIO'!$E$1:$AT$65536,42,0))/25,0)*25,IF(E43="CH",D42-F42,""))
A44: {=+IFERROR(INDEX('[1]Pedido VACIO'!$B$1:$B$65536,MATCH(1,('[1]Pedido VACIO'!$E$1:$E$65536=$B44)*('[1]Pedido VACIO'!$A$1:$A$65536="Pat Bet Plast"),0)),"")} | B44: =+B42+1 -> 16 | C44: {=+IFERROR(INDEX('[1]Pedido VACIO'!$C$1:$C$65536,MATCH(1,('[1]Pedido VACIO'!$E$1:$E$65536=$B44)*('[1]Pedido VACIO'!$A$1:$A$65536="Pat Bet Plast"),0)),"")} | D44: {=+IFERROR(INDEX('[1]Pedido VACIO'!$D$1:$D$65536,MATCH(1,('[1]Pedido VACIO'!$E$1:$E$65536=$B44)*('[1]Pedido VACIO'!$A$1:$A$65536="Pat Bet Plast"),0)),"")} | E44: =+IF(E43="LK","CH",IF(D44="","",IF(D44>0,"LK","CH"))) | F44: =+IF(OR(E44="LK"),ROUNDUP(D44*(VLOOKUP(B44,'[1]Pedido VACIO'!$E$1:$AT$65536,42,0))/25,0)*25,IF(E44="CH",D43-F43,""))
E45: =+IF(E44="LK","CH",IF(D45="","",IF(D45>0,"LK","CH"))) | F45: =+IF(OR(E45="LK"),ROUNDUP(D45*(VLOOKUP(B45,'[1]Pedido VACIO'!$E$1:$AT$65536,42,0))/25,0)*25,IF(E45="CH",D44-F44,""))
A46: {=+IFERROR(INDEX('[1]Pedido VACIO'!$B$1:$B$65536,MATCH(1,('[1]Pedido VACIO'!$E$1:$E$65536=$B46)*('[1]Pedido VACIO'!$A$1:$A$65536="Pat Bet Plast"),0)),"")} | B46: =+B44+1 -> 17 | C46: {=+IFERROR(INDEX('[1]Pedido VACIO'!$C$1:$C$65536,MATCH(1,('[1]Pedido VACIO'!$E$1:$E$65536=$B46)*('[1]Pedido VACIO'!$A$1:$A$65536="Pat Bet Plast"),0)),"")} | D46: {=+IFERROR(INDEX('[1]Pedido VACIO'!$D$1:$D$65536,MATCH(1,('[1]Pedido VACIO'!$E$1:$E$65536=$B46)*('[1]Pedido VACIO'!$A$1:$A$65536="Pat Bet Plast"),0)),"")} | E46: =+IF(E45="LK","CH",IF(D46="","",IF(D46>0,"LK","CH"))) | F46: =+IF(OR(E46="LK"),ROUNDUP(D46*(VLOOKUP(B46,'[1]Pedido VACIO'!$E$1:$AT$65536,42,0))/25,0)*25,IF(E46="CH",D45-F45,""))
E47: =+IF(E46="LK","CH",IF(D47="","",IF(D47>0,"LK","CH"))) | F47: =+IF(OR(E47="LK"),ROUNDUP(D47*(VLOOKUP(B47,'[1]Pedido VACIO'!$E$1:$AT$65536,42,0))/25,0)*25,IF(E47="CH",D46-F46,""))
A48: {=+IFERROR(INDEX('[1]Pedido VACIO'!$B$1:$B$65536,MATCH(1,('[1]Pedido VACIO'!$E$1:$E$65536=$B48)*('[1]Pedido VACIO'!$A$1:$A$65536="Pat Bet Plast"),0)),"")} | B48: =+B46+1 -> 18 | C48: {=+IFERROR(INDEX('[1]Pedido VACIO'!$C$1:$C$65536,MATCH(1,('[1]Pedido VACIO'!$E$1:$E$65536=$B48)*('[1]Pedido VACIO'!$A$1:$A$65536="Pat Bet Plast"),0)),"")} | D48: {=+IFERROR(INDEX('[1]Pedido VACIO'!$D$1:$D$65536,MATCH(1,('[1]Pedido VACIO'!$E$1:$E$65536=$B48)*('[1]Pedido VACIO'!$A$1:$A$65536="Pat Bet Plast"),0)),"")} | E48: =+IF(E47="LK","CH",IF(D48="","",IF(D48>0,"LK","CH"))) | F48: =+IF(OR(E48="LK"),ROUNDUP(D48*(VLOOKUP(B48,'[1]Pedido VACIO'!$E$1:$AT$65536,42,0))/25,0)*25,IF(E48="CH",D47-F47,""))
E49: =+IF(E48="LK","CH",IF(D49="","",IF(D49>0,"LK","CH"))) | F49: =+IF(OR(E49="LK"),ROUNDUP(D49*(VLOOKUP(B49,'[1]Pedido VACIO'!$E$1:$AT$65536,42,0))/25,0)*25,IF(E49="CH",D48-F48,""))
A50: {=+IFERROR(INDEX('[1]Pedido VACIO'!$B$1:$B$65536,MATCH(1,('[1]Pedido VACIO'!$E$1:$E$65536=$B50)*('[1]Pedido VACIO'!$A$1:$A$65536="Pat Bet Plast"),0)),"")} | B50: =+B48+1 -> 19 | C50: {=+IFERROR(INDEX('[1]Pedido VACIO'!$C$1:$C$65536,MATCH(1,('[1]Pedido VACIO'!$E$1:$E$65536=$B50)*('[1]Pedido VACIO'!$A$1:$A$65536="Pat Bet Plast"),0)),"")} | D50: {=+IFERROR(INDEX('[1]Pedido VACIO'!$D$1:$D$65536,MATCH(1,('[1]Pedido VACIO'!$E$1:$E$65536=$B50)*('[1]Pedido VACIO'!$A$1:$A$65536="Pat Bet Plast"),0)),"")} | E50: =+IF(E49="LK","CH",IF(D50="","",IF(D50>0,"LK","CH"))) | F50: =+IF(OR(E50="LK"),ROUNDUP(D50*(VLOOKUP(B50,'[1]Pedido VACIO'!$E$1:$AT$65536,42,0))/25,0)*25,IF(E50="CH",D49-F49,""))
E51: =+IF(E50="LK","CH",IF(D51="","",IF(D51>0,"LK","CH"))) | F51: =+IF(OR(E51="LK"),ROUNDUP(D51*(VLOOKUP(B51,'[1]Pedido VACIO'!$E$1:$AT$65536,42,0))/25,0)*25,IF(E51="CH",D50-F50,""))
A52: {=+IFERROR(INDEX('[1]Pedido VACIO'!$B$1:$B$65536,MATCH(1,('[1]Pedido VACIO'!$E$1:$E$65536=$B52)*('[1]Pedido VACIO'!$A$1:$A$65536="Pat Bet Plast"),0)),"")} | B52: =+B50+1 -> 20 | C52: {=+IFERROR(INDEX('[1]Pedido VACIO'!$C$1:$C$65536,MATCH(1,('[1]Pedido VACIO'!$E$1:$E$65536=$B52)*('[1]Pedido VACIO'!$A$1:$A$65536="Pat Bet Plast"),0)),"")} | D52: {=+IFERROR(INDEX('[1]Pedido VACIO'!$D$1:$D$65536,MATCH(1,('[1]Pedido VACIO'!$E$1:$E$65536=$B52)*('[1]Pedido VACIO'!$A$1:$A$65536="Pat Bet Plast"),0)),"")} | E52: =+IF(E51="LK","CH",IF(D52="","",IF(D52>0,"LK","CH"))) | F52: =+IF(OR(E52="LK"),ROUNDUP(D52*(VLOOKUP(B52,'[1]Pedido VACIO'!$E$1:$AT$65536,42,0))/25,0)*25,IF(E52="CH",D51-F51,""))
E53: =+IF(E52="LK","CH",IF(D53="","",IF(D53>0,"LK","CH"))) | F53: =+IF(OR(E53="LK"),ROUNDUP(D53*(VLOOKUP(B53,'[1]Pedido VACIO'!$E$1:$AT$65536,42,0))/25,0)*25,IF(E53="CH",D52-F52,""))
A54: {=+IFERROR(INDEX('[1]Pedido VACIO'!$B$1:$B$65536,MATCH(1,('[1]Pedido VACIO'!$E$1:$E$65536=$B54)*('[1]Pedido VACIO'!$A$1:$A$65536="Pat Bet Plast"),0)),"")} | B54: =+B52+1 -> 21 | C54: {=+IFERROR(INDEX('[1]Pedido VACIO'!$C$1:$C$65536,MATCH(1,('[1]Pedido VACIO'!$E$1:$E$65536=$B54)*('[1]Pedido VACIO'!$A$1:$A$65536="Pat Bet Plast"),0)),"")} | D54: {=+IFERROR(INDEX('[1]Pedido VACIO'!$D$1:$D$65536,MATCH(1,('[1]Pedido VACIO'!$E$1:$E$65536=$B54)*('[1]Pedido VACIO'!$A$1:$A$65536="Pat Bet Plast"),0)),"")} | E54: =+IF(E53="LK","CH",IF(D54="","",IF(D54>0,"LK","CH"))) | F54: =+IF(OR(E54="LK"),ROUNDUP(D54*(VLOOKUP(B54,'[1]Pedido VACIO'!$E$1:$AT$65536,42,0))/25,0)*25,IF(E54="CH",D53-F53,""))
E55: =+IF(E54="LK","CH",IF(D55="","",IF(D55>0,"LK","CH"))) | F55: =+IF(OR(E55="LK"),ROUNDUP(D55*(VLOOKUP(B55,'[1]Pedido VACIO'!$E$1:$AT$65536,42,0))/25,0)*25,IF(E55="CH",D54-F54,""))
A56: {=+IFERROR(INDEX('[1]Pedido VACIO'!$B$1:$B$65536,MATCH(1,('[1]Pedido VACIO'!$E$1:$E$65536=$B56)*('[1]Pedido VACIO'!$A$1:$A$65536="Pat Bet Plast"),0)),"")} | B56: =+B54+1 -> 22 | C56: {=+IFERROR(INDEX('[1]Pedido VACIO'!$C$1:$C$65536,MATCH(1,('[1]Pedido VACIO'!$E$1:$E$65536=$B56)*('[1]Pedido VACIO'!$A$1:$A$65536="Pat Bet Plast"),0)),"")} | D56: {=+IFERROR(INDEX('[1]Pedido VACIO'!$D$1:$D$65536,MATCH(1,('[1]Pedido VACIO'!$E$1:$E$65536=$B56)*('[1]Pedido VACIO'!$A$1:$A$65536="Pat Bet Plast"),0)),"")} | E56: =+IF(E55="LK","CH",IF(D56="","",IF(D56>0,"LK","CH"))) | F56: =+IF(OR(E56="LK"),ROUNDUP(D56*(VLOOKUP(B56,'[1]Pedido VACIO'!$E$1:$AT$65536,42,0))/25,0)*25,IF(E56="CH",D55-F55,""))
E57: =+IF(E56="LK","CH",IF(D57="","",IF(D57>0,"LK","CH"))) | F57: =+IF(OR(E57="LK"),ROUNDUP(D57*(VLOOKUP(B57,'[1]Pedido VACIO'!$E$1:$AT$65536,42,0))/25,0)*25,IF(E57="CH",D56-F56,""))
A58: {=+IFERROR(INDEX('[1]Pedido VACIO'!$B$1:$B$65536,MATCH(1,('[1]Pedido VACIO'!$E$1:$E$65536=$B58)*('[1]Pedido VACIO'!$A$1:$A$65536="Pat Bet Plast"),0)),"")} | B58: =+B56+1 -> 23 | C58: {=+IFERROR(INDEX('[1]Pedido VACIO'!$C$1:$C$65536,MATCH(1,('[1]Pedido VACIO'!$E$1:$E$65536=$B58)*('[1]Pedido VACIO'!$A$1:$A$65536="Pat Bet Plast"),0)),"")} | D58: {=+IFERROR(INDEX('[1]Pedido VACIO'!$D$1:$D$65536,MATCH(1,('[1]Pedido VACIO'!$E$1:$E$65536=$B58)*('[1]Pedido VACIO'!$A$1:$A$65536="Pat Bet Plast"),0)),"")} | E58: =+IF(E57="LK","CH",IF(D58="","",IF(D58>0,"LK","CH"))) | F58: =+IF(OR(E58="LK"),ROUNDUP(D58*(VLOOKUP(B58,'[1]Pedido VACIO'!$E$1:$AT$65536,42,0))/25,0)*25,IF(E58="CH",D57-F57,""))
E59: =+IF(E58="LK","CH",IF(D59="","",IF(D59>0,"LK","CH"))) | F59: =+IF(OR(E59="LK"),ROUNDUP(D59*(VLOOKUP(B59,'[1]Pedido VACIO'!$E$1:$AT$65536,42,0))/25,0)*25,IF(E59="CH",D58-F58,""))
A60: {=+IFERROR(INDEX('[1]Pedido VACIO'!$B$1:$B$65536,MATCH(1,('[1]Pedido VACIO'!$E$1:$E$65536=$B60)*('[1]Pedido VACIO'!$A$1:$A$65536="Pat Bet Plast"),0)),"")} | B60: =+B58+1 -> 24 | C60: {=+IFERROR(INDEX('[1]Pedido VACIO'!$C$1:$C$65536,MATCH(1,('[1]Pedido VACIO'!$E$1:$E$65536=$B60)*('[1]Pedido VACIO'!$A$1:$A$65536="Pat Bet Plast"),0)),"")} | D60: {=+IFERROR(INDEX('[1]Pedido VACIO'!$D$1:$D$65536,MATCH(1,('[1]Pedido VACIO'!$E$1:$E$65536=$B60)*('[1]Pedido VACIO'!$A$1:$A$65536="Pat Bet Plast"),0)),"")} | E60: =+IF(E59="LK","CH",IF(D60="","",IF(D60>0,"LK","CH"))) | F60: =+IF(OR(E60="LK"),ROUNDUP(D60*0.7/25,0)*25,IF(E60="CH",D59-F59,""))
E61: =+IF(E60="LK","CH",IF(D61="","",IF(D61>0,"LK","CH"))) | F61: =+IF(OR(E61="LK"),ROUNDUP(D61*0.7/25,0)*25,IF(E61="CH",D60-F60,""))
A62: {=+IFERROR(INDEX('[1]Pedido VACIO'!$B$1:$B$65536,MATCH(1,('[1]Pedido VACIO'!$E$1:$E$65536=$B62)*('[1]Pedido VACIO'!$A$1:$A$65536="Pat Bet Plast"),0)),"")} | B62: =+B60+1 -> 25 | C62: {=+IFERROR(INDEX('[1]Pedido VACIO'!$C$1:$C$65536,MATCH(1,('[1]Pedido VACIO'!$E$1:$E$65536=$B62)*('[1]Pedido VACIO'!$A$1:$A$65536="Pat Bet Plast"),0)),"")} | D62: {=+IFERROR(INDEX('[1]Pedido VACIO'!$D$1:$D$65536,MATCH(1,('[1]Pedido VACIO'!$E$1:$E$65536=$B62)*('[1]Pedido VACIO'!$A$1:$A$65536="Pat Bet Plast"),0)),"")} | E62: =+IF(E61="LK","CH",IF(D62="","",IF(D62>0,"LK","CH"))) | F62: =+IF(OR(E62="LK"),ROUNDUP(D62*0.7/25,0)*25,IF(E62="CH",D61-F61,""))
E63: =+IF(E62="LK","CH",IF(D63="","",IF(D63>0,"LK","CH"))) | F63: =+IF(OR(E63="LK"),ROUNDUP(D63*0.7/25,0)*25,IF(E63="CH",D62-F62,""))
A64: {=+IFERROR(INDEX('[1]Pedido VACIO'!$B$1:$B$65536,MATCH(1,('[1]Pedido VACIO'!$E$1:$E$65536=$B64)*('[1]Pedido VACIO'!$A$1:$A$65536="Pat Bet Plast"),0)),"")} | B64: =+B62+1 -> 26 | C64: {=+IFERROR(INDEX('[1]Pedido VACIO'!$C$1:$C$65536,MATCH(1,('[1]Pedido VACIO'!$E$1:$E$65536=$B64)*('[1]Pedido VACIO'!$A$1:$A$65536="Pat Bet Plast"),0)),"")} | D64: {=+IFERROR(INDEX('[1]Pedido VACIO'!$D$1:$D$65536,MATCH(1,('[1]Pedido VACIO'!$E$1:$E$65536=$B64)*('[1]Pedido VACIO'!$A$1:$A$65536="Pat Bet Plast"),0)),"")} | E64: =+IF(E63="LK","CH",IF(D64="","",IF(D64>0,"LK","CH"))) | F64: =+IF(OR(E64="LK"),ROUNDUP(D64*0.7/25,0)*25,IF(E64="CH",D63-F63,""))
E65: =+IF(E64="LK","CH",IF(D65="","",IF(D65>0,"LK","CH"))) | F65: =+IF(OR(E65="LK"),ROUNDUP(D65*0.7/25,0)*25,IF(E65="CH",D64-F64,""))
A66: {=+IFERROR(INDEX('[1]Pedido VACIO'!$B$1:$B$65536,MATCH(1,('[1]Pedido VACIO'!$E$1:$E$65536=$B66)*('[1]Pedido VACIO'!$A$1:$A$65536="Pat Bet Plast"),0)),"")} | B66: =+B64+1 -> 27 | C66: {=+IFERROR(INDEX('[1]Pedido VACIO'!$C$1:$C$65536,MATCH(1,('[1]Pedido VACIO'!$E$1:$E$65536=$B66)*('[1]Pedido VACIO'!$A$1:$A$65536="Pat Bet Plast"),0)),"")} | D66: {=+IFERROR(INDEX('[1]Pedido VACIO'!$D$1:$D$65536,MATCH(1,('[1]Pedido VACIO'!$E$1:$E$65536=$B66)*('[1]Pedido VACIO'!$A$1:$A$65536="Pat Bet Plast"),0)),"")} | E66: =+IF(E65="LK","CH",IF(D66="","",IF(D66>0,"LK","CH"))) | F66: =+IF(OR(E66="LK"),ROUNDUP(D66*0.7/25,0)*25,IF(E66="CH",D65-F65,""))
E67: =+IF(E66="LK","CH",IF(D67="","",IF(D67>0,"LK","CH"))) | F67: =+IF(OR(E67="LK"),ROUNDUP(D67*0.7/25,0)*25,IF(E67="CH",D66-F66,""))
A68: {=+IFERROR(INDEX('[1]Pedido VACIO'!$B$1:$B$65536,MATCH(1,('[1]Pedido VACIO'!$E$1:$E$65536=$B68)*('[1]Pedido VACIO'!$A$1:$A$65536="Pat Bet Plast"),0)),"")} | B68: =+B66+1 -> 28 | C68: {=+IFERROR(INDEX('[1]Pedido VACIO'!$C$1:$C$65536,MATCH(1,('[1]Pedido VACIO'!$E$1:$E$65536=$B68)*('[1]Pedido VACIO'!$A$1:$A$65536="Pat Bet Plast"),0)),"")} | D68: {=+IFERROR(INDEX('[1]Pedido VACIO'!$D$1:$D$65536,MATCH(1,('[1]Pedido VACIO'!$E$1:$E$65536=$B68)*('[1]Pedido VACIO'!$A$1:$A$65536="Pat Bet Plast"),0)),"")} | E68: =+IF(E67="LK","CH",IF(D68="","",IF(D68>0,"LK","CH"))) | F68: =+IF(OR(E68="LK"),ROUNDUP(D68*0.7/25,0)*25,IF(E68="CH",D67-F67,""))
E69: =+IF(E68="LK","CH",IF(D69="","",IF(D69>0,"LK","CH"))) | F69: =+IF(OR(E69="LK"),ROUNDUP(D69*0.7/25,0)*25,IF(E69="CH",D68-F68,""))
A70: {=+IFERROR(INDEX('[1]Pedido VACIO'!$B$1:$B$65536,MATCH(1,('[1]Pedido VACIO'!$E$1:$E$65536=$B70)*('[1]Pedido VACIO'!$A$1:$A$65536="Pat Bet Plast"),0)),"")} | B70: =+B68+1 -> 29 | C70: {=+IFERROR(INDEX('[1]Pedido VACIO'!$C$1:$C$65536,MATCH(1,('[1]Pedido VACIO'!$E$1:$E$65536=$B70)*('[1]Pedido VACIO'!$A$1:$A$65536="Pat Bet Plast"),0)),"")} | D70: {=+IFERROR(INDEX('[1]Pedido VACIO'!$D$1:$D$65536,MATCH(1,('[1]Pedido VACIO'!$E$1:$E$65536=$B70)*('[1]Pedido VACIO'!$A$1:$A$65536="Pat Bet Plast"),0)),"")} | E70: =+IF(E69="LK","CH",IF(D70="","",IF(D70>0,"LK","CH"))) | F70: =+IF(OR(E70="LK"),ROUNDUP(D70*0.7/25,0)*25,IF(E70="CH",D69-F69,""))
E71: =+IF(E70="LK","CH",IF(D71="","",IF(D71>0,"LK","CH"))) | F71: =+IF(OR(E71="LK"),ROUNDUP(D71*0.7/25,0)*25,IF(E71="CH",D70-F70,""))
A72: {=+IFERROR(INDEX('[1]Pedido VACIO'!$B$1:$B$65536,MATCH(1,('[1]Pedido VACIO'!$E$1:$E$65536=$B72)*('[1]Pedido VACIO'!$A$1:$A$65536="Pat Bet Plast"),0)),"")} | B72: =+B70+1 -> 30 | C72: {=+IFERROR(INDEX('[1]Pedido VACIO'!$C$1:$C$65536,MATCH(1,('[1]Pedido VACIO'!$E$1:$E$65536=$B72)*('[1]Pedido VACIO'!$A$1:$A$65536="Pat Bet Plast"),0)),"")} | D72: {=+IFERROR(INDEX('[1]Pedido VACIO'!$D$1:$D$65536,MATCH(1,('[1]Pedido VACIO'!$E$1:$E$65536=$B72)*('[1]Pedido VACIO'!$A$1:$A$65536="Pat Bet Plast"),0)),"")} | E72: =+IF(E71="LK","CH",IF(D72="","",IF(D72>0,"LK","CH"))) | F72: =+IF(OR(E72="LK"),ROUNDUP(D72*0.7/25,0)*25,IF(E72="CH",D71-F71,""))
E73: =+IF(E72="LK","CH",IF(D73="","",IF(D73>0,"LK","CH"))) | F73: =+IF(OR(E73="LK"),ROUNDUP(D73*0.7/25,0)*25,IF(E73="CH",D72-F72,""))

Sheet Envio de Virg a Cerv
A1: Envio de Virg a Cervantes
A2: Cod ISIS | B2: N° Caja | C2: Paq a Enviar | D2: Paq Cerv | E2: Paq Virg | F2: Max Cerv
A3: =+IFERROR(VLOOKUP(ROW()-2,'Relevamiento 11-03'!$B:$AD,3,),"") -> 1100700 | B3: =+IFERROR(VLOOKUP(ROW()-2,'Relevamiento 11-03'!$B:$AD,5,),"") -> 1 | C3: =+IF(D3>F3,0,IF(E3>0,IF(E3<(F3-D3),E3,F3-D3),0)) -> 310 | D3: =+IFERROR(VLOOKUP(ROW()-2,'Relevamiento 11-03'!$B:$AD,12,),0)+IFERROR(VLOOKUP(ROW()-2,'Relevamiento 11-03'!$B:$AD,13,),0)/25 -> 50 | E3: =+IFERROR(VLOOKUP(ROW()-2,'Relevamiento 11-03'!$B:$AD,14,),"")/25 -> 310 | F3: =+IFERROR(VLOOKUP(ROW()-2,'Relevamiento 11-03'!$B:$AD,25,0),0) -> 465
A4: =+IFERROR(VLOOKUP(ROW()-2,'Relevamiento 11-03'!$B:$AD,3,),"") -> 1101700 | B4: =+IFERROR(VLOOKUP(ROW()-2,'Relevamiento 11-03'!$B:$AD,5,),"") -> 2 | C4: =+IF(D4>F4,0,IF(E4>0,IF(E4<(F4-D4),E4,F4-D4),0)) -> 146 | D4: =+IFERROR(VLOOKUP(ROW()-2,'Relevamiento 11-03'!$B:$AD,12,),0)+IFERROR(VLOOKUP(ROW()-2,'Relevamiento 11-03'!$B:$AD,13,),0)/25 -> 68.52 | E4: =+IFERROR(VLOOKUP(ROW()-2,'Relevamiento 11-03'!$B:$AD,14,),"")/25 -> 146 | F4: =+IFERROR(VLOOKUP(ROW()-2,'Relevamiento 11-03'!$B:$AD,25,0),0) -> 576
A5: =+IFERROR(VLOOKUP(ROW()-2,'Relevamiento 11-03'!$B:$AD,3,),"") -> 1103700 | B5: =+IFERROR(VLOOKUP(ROW()-2,'Relevamiento 11-03'!$B:$AD,5,),"") -> 6 | C5: =+IF(D5>F5,0,IF(E5>0,IF(E5<(F5-D5),E5,F5-D5),0)) -> 0 | D5: =+IFERROR(VLOOKUP(ROW()-2,'Relevamiento 11-03'!$B:$AD,12,),0)+IFERROR(VLOOKUP(ROW()-2,'Relevamiento 11-03'!$B:$AD,13,),0)/25 -> 50 | E5: =+IFERROR(VLOOKUP(ROW()-2,'Relevamiento 11-03'!$B:$AD,14,),"")/25 -> 0 | F5: =+IFERROR(VLOOKUP(ROW()-2,'Relevamiento 11-03'!$B:$AD,25,0),0) -> 376
A6: =+IFERROR(VLOOKUP(ROW()-2,'Relevamiento 11-03'!$B:$AD,3,),"") -> 1104700 | B6: =+IFERROR(VLOOKUP(ROW()-2,'Relevamiento 11-03'!$B:$AD,5,),"") -> 7 | C6: =+IF(D6>F6,0,IF(E6>0,IF(E6<(F6-D6),E6,F6-D6),0)) -> 0 | D6: =+IFERROR(VLOOKUP(ROW()-2,'Relevamiento 11-03'!$B:$AD,12,),0)+IFERROR(VLOOKUP(ROW()-2,'Relevamiento 11-03'!$B:$AD,13,),0)/25 -> 11.48 | E6: =+IFERROR(VLOOKUP(ROW()-2,'Relevamiento 11-03'!$B:$AD,14,),"")/25 -> 0 | F6: =+IFERROR(VLOOKUP(ROW()-2,'Relevamiento 11-03'!$B:$AD,25,0),0) -> 95
A7: =+IFERROR(VLOOKUP(ROW()-2,'Relevamiento 11-03'!$B:$AD,3,),"") -> 1105700 | B7: =+IFERROR(VLOOKUP(ROW()-2,'Relevamiento 11-03'!$B:$AD,5,),"") -> 8 | C7: =+IF(D7>F7,0,IF(E7>0,IF(E7<(F7-D7),E7,F7-D7),0)) -> 0 | D7: =+IFERROR(VLOOKUP(ROW()-2,'Relevamiento 11-03'!$B:$AD,12,),0)+IFERROR(VLOOKUP(ROW()-2,'Relevamiento 11-03'!$B:$AD,13,),0)/25 -> 0 | E7: =+IFERROR(VLOOKUP(ROW()-2,'Relevamiento 11-03'!$B:$AD,14,),"")/25 -> 0 | F7: =+IFERROR(VLOOKUP(ROW()-2,'Relevamiento 11-03'!$B:$AD,25,0),0) -> 60
A8: =+IFERROR(VLOOKUP(ROW()-2,'Relevamiento 11-03'!$B:$AD,3,),"") -> 1106700 | B8: =+IFERROR(VLOOKUP(ROW()-2,'Relevamiento 11-03'!$B:$AD,5,),"") -> 10 | C8: =+IF(D8>F8,0,IF(E8>0,IF(E8<(F8-D8),E8,F8-D8),0)) -> 0 | D8: =+IFERROR(VLOOKUP(ROW()-2,'Relevamiento 11-03'!$B:$AD,12,),0)+IFERROR(VLOOKUP(ROW()-2,'Relevamiento 11-03'!$B:$AD,13,),0)/25 -> 80 | E8: =+IFERROR(VLOOKUP(ROW()-2,'Relevamiento 11-03'!$B:$AD,14,),"")/25 -> 0 | F8: =+IFERROR(VLOOKUP(ROW()-2,'Relevamiento 11-03'!$B:$AD,25,0),0) -> 160
A9: =+IFERROR(VLOOKUP(ROW()-2,'Relevamiento 11-03'!$B:$AD,3,),"") -> 1107700 | B9: =+IFERROR(VLOOKUP(ROW()-2,'Relevamiento 11-03'!$B:$AD,5,),"") -> 12 | C9: =+IF(D9>F9,0,IF(E9>0,IF(E9<(F9-D9),E9,F9-D9),0)) -> 0 | D9: =+IFERROR(VLOOKUP(ROW()-2,'Relevamiento 11-03'!$B:$AD,12,),0)+IFERROR(VLOOKUP(ROW()-2,'Relevamiento 11-03'!$B:$AD,13,),0)/25 -> 250 | E9: =+IFERROR(VLOOKUP(ROW()-2,'Relevamiento 11-03'!$B:$AD,14,),"")/25 -> 73.76 | F9: =+IFERROR(VLOOKUP(ROW()-2,'Relevamiento 11-03'!$B:$AD,25,0),0) -> 171
A10: =+IFERROR(VLOOKUP(ROW()-2,'Relevamiento 11-03'!$B:$AD,3,),"") -> 1108700 | B10: =+IFERROR(VLOOKUP(ROW()-2,'Relevamiento 11-03'!$B:$AD,5,),"") -> 13 | C10: =+IF(D10>F10,0,IF(E10>0,IF(E10<(F10-D10),E10,F10-D10),0)) -> 60 | D10: =+IFERROR(VLOOKUP(ROW()-2,'Relevamiento 11-03'!$B:$AD,12,),0)+IFERROR(VLOOKUP(ROW()-2,'Relevamiento 11-03'!$B:$AD,13,),0)/25 -> 5.68 | E10: =+IFERROR(VLOOKUP(ROW()-2,'Relevamiento 11-03'!$B:$AD,14,),"")/25 -> 60 | F10: =+IFERROR(VLOOKUP(ROW()-2,'Relevamiento 11-03'!$B:$AD,25,0),0) -> 105
A11: =+IFERROR(VLOOKUP(ROW()-2,'Relevamiento 11-03'!$B:$AD,3,),"") -> 1114700 | B11: =+IFERROR(VLOOKUP(ROW()-2,'Relevamiento 11-03'!$B:$AD,5,),"") -> 15 | C11: =+IF(D11>F11,0,IF(E11>0,IF(E11<(F11-D11),E11,F11-D11),0)) -> 0 | D11: =+IFERROR(VLOOKUP(ROW()-2,'Relevamiento 11-03'!$B:$AD,12,),0)+IFERROR(VLOOKUP(ROW()-2,'Relevamiento 11-03'!$B:$AD,13,),0)/25 -> 52.4 | E11: =+IFERROR(VLOOKUP(ROW()-2,'Relevamiento 11-03'!$B:$AD,14,),"")/25 -> 0 | F11: =+IFERROR(VLOOKUP(ROW()-2,'Relevamiento 11-03'!$B:$AD,25,0),0) -> 0
A12: =+IFERROR(VLOOKUP(ROW()-2,'Relevamiento 11-03'!$B:$AD,3,),"") -> 1115700 | B12: =+IFERROR(VLOOKUP(ROW()-2,'Relevamiento 11-03'!$B:$AD,5,),"") -> 16 | C12: =+IF(D12>F12,0,IF(E12>0,IF(E12<(F12-D12),E12,F12-D12),0)) -> 0 | D12: =+IFERROR(VLOOKUP(ROW()-2,'Relevamiento 11-03'!$B:$AD,12,),0)+IFERROR(VLOOKUP(ROW()-2,'Relevamiento 11-03'!$B:$AD,13,),0)/25 -> 83 | E12: =+IFERROR(VLOOKUP(ROW()-2,'Relevamiento 11-03'!$B:$AD,14,),"")/25 -> 0 | F12: =+IFERROR(VLOOKUP(ROW()-2,'Relevamiento 11-03'!$B:$AD,25,0),0) -> 0
A13: =+IFERROR(VLOOKUP(ROW()-2,'Relevamiento 11-03'!$B:$AD,3,),"") -> 1110700 | B13: =+IFERROR(VLOOKUP(ROW()-2,'Relevamiento 11-03'!$B:$AD,5,),"") -> 22 | C13: =+IF(D13>F13,0,IF(E13>0,IF(E13<(F13-D13),E13,F13-D13),0)) -> 208 | D13: =+IFERROR(VLOOKUP(ROW()-2,'Relevamiento 11-03'!$B:$AD,12,),0)+IFERROR(VLOOKUP(ROW()-2,'Relevamiento 11-03'!$B:$AD,13,),0)/25 -> 283 | E13: =+IFERROR(VLOOKUP(ROW()-2,'Relevamiento 11-03'!$B:$AD,14,),"")/25 -> 208 | F13: =+IFERROR(VLOOKUP(ROW()-2,'Relevamiento 11-03'!$B:$AD,25,0),0) -> 680
A14: =+IFERROR(VLOOKUP(ROW()-2,'Relevamiento 11-03'!$B:$AD,3,),"") -> 1111700 | B14: =+IFERROR(VLOOKUP(ROW()-2,'Relevamiento 11-03'!$B:$AD,5,),"") -> 27 | C14: =+IF(D14>F14,0,IF(E14>0,IF(E14<(F14-D14),E14,F14-D14),0)) -> 0 | D14: =+IFERROR(VLOOKUP(ROW()-2,'Relevamiento 11-03'!$B:$AD,12,),0)+IFERROR(VLOOKUP(ROW()-2,'Relevamiento 11-03'!$B:$AD,13,),0)/25 -> 42.24 | E14: =+IFERROR(VLOOKUP(ROW()-2,'Relevamiento 11-03'!$B:$AD,14,),"")/25 -> 0 | F14: =+IFERROR(VLOOKUP(ROW()-2,'Relevamiento 11-03'!$B:$AD,25,0),0) -> 43
... A16: =+IFERROR(VLOOKUP(ROW()-2,'Relevamiento 11-03'!$B:$AD,3,),"") -> 1289700 | B16: =+IFERROR(VLOOKUP(ROW()-2,'Relevamiento 11-03'!$B:$AD,5,),"") -> Tira Imp. | C16: =+IF(D16>F16,0,IF(E16>0,IF(E16<(F16-D16),E16,F16-D16),0)) -> 0 | D16: =+IFERROR(VLOOKUP(ROW()-2,'Relevamiento 11-03'!$B:$AD,12,),0)+IFERROR(VLOOKUP(ROW()-2,'Relevamiento 11-03'!$B:$AD,13,),0)/25 -> 43.16 | E16: =+IFERROR(VLOOKUP(ROW()-2,'Relevamiento 11-03'!$B:$AD,14,),"")/25 -> 0 | F16: =+IFERROR(VLOOKUP(ROW()-2,'Relevamiento 11-03'!$B:$AD,25,0),0) -> 50
A17: =+IFERROR(VLOOKUP(ROW()-2,'Relevamiento 11-03'!$B:$AD,3,),"") | B17: =+IFERROR(VLOOKUP(ROW()-2,'Relevamiento 11-03'!$B:$AD,5,),"")
A18: =+IFERROR(VLOOKUP(ROW()-2,'Relevamiento 11-03'!$B:$AD,3,),"") | B18: =+IFERROR(VLOOKUP(ROW()-2,'Relevamiento 11-03'!$B:$AD,5,),"")
A19: =+IFERROR(VLOOKUP(ROW()-2,'Relevamiento 11-03'!$B:$AD,3,),"") | B19: =+IFERROR(VLOOKUP(ROW()-2,'Relevamiento 11-03'!$B:$AD,5,),"")
A20: =+IFERROR(VLOOKUP(ROW()-2,'Relevamiento 11-03'!$B:$AD,3,),"") | B20: =+IFERROR(VLOOKUP(ROW()-2,'Relevamiento 11-03'!$B:$AD,5,),"")
A21: =+IFERROR(VLOOKUP(ROW()-2,'Relevamiento 11-03'!$B:$AD,3,),"") | B21: =+IFERROR(VLOOKUP(ROW()-2,'Relevamiento 11-03'!$B:$AD,5,),"")
A22: =+IFERROR(VLOOKUP(ROW()-2,'Relevamiento 11-03'!$B:$AD,3,),"") | B22: =+IFERROR(VLOOKUP(ROW()-2,'Relevamiento 11-03'!$B:$AD,5,),"")
A23: =+IFERROR(VLOOKUP(ROW()-2,'Relevamiento 11-03'!$B:$AD,3,),"") | B23: =+IFERROR(VLOOKUP(ROW()-2,'Relevamiento 11-03'!$B:$AD,5,),"")
A24: =+IFERROR(VLOOKUP(ROW()-2,'Relevamiento 11-03'!$B:$AD,3,),"") | B24: =+IFERROR(VLOOKUP(ROW()-2,'Relevamiento 11-03'!$B:$AD,5,),"")
A25: =+IFERROR(VLOOKUP(ROW()-2,'Relevamiento 11-03'!$B:$AD,3,),"") | B25: =+IFERROR(VLOOKUP(ROW()-2,'Relevamiento 11-03'!$B:$AD,5,),"")

Sheet Relevamiento 11-03
C1: ORDEN PEDIDO Cajas Corrugadora del Plata Te:1166885428
C3: FECHA: | I3: Uni x Paq | J3: Meses
C5: CORRUGADORA del PLATA | I5: 25 | J5: 4
C7: Antes de mandar, colocar en columna A (Prioridad) el orden en que quieras que entregue | X7: =23*25+10 -> 585
C8: Para definir prioridad, filtrar columna K (solo pedido), ordenar Columna L de Menor a Mayor
C11: Prioridad | D11: codigo ISIS Lk | E11: codigo Isis Ch | F11: N° Caja | G11: Pedido Alan Unidades | I11: Pedido Uni | J11: Max 4 Mes Uni | K11: Stock Total Uni | L11: Sector | M11: Conteo Cerv Paq | N11: Uni Suelta | O11: Conteo Virg Uni | Q11: Pedido Alan | R11: Ocup % | T11: Observacion | V11: Max Paquetes Entra Cerv + Virg | W11: Mes Entra Max | X11: Cons E/Madre Cajas x Mes | Z11: Max Entra Paq Cerv | AA11: Max Entra Uni Cerv | AB11: Max Entra Paq Virg | AC11: Max Entra Uni Virg | AD11: Pedido Minimo
A12: Corrugadora | B12: =+IF(LEN(D12)=7,B11+1,B11) -> 1 | D12: 1100700 | F12: 1 | I12: =+J12-K12 -> 1020 | J12: =+X12*$J$5 -> 10020 | K12: =+M12*$I$5+N12+O12 -> 9000 | L12: A1 | M12: 50 | O12: 7750 | R12: =+IFERROR(K12/(J12),0) -> 0.89820359 | T12: Cuando se pida, agregar firma Loeke | V12: =+AB12+Z12 -> 670 | W12: =V12/X12 -> 0.26746507 | X12: =IFERROR(VLOOKUP(F12,'Datos x Cja LK'!$C$1:$D$15,2,0),0)+IFERROR(VLOOKUP(F12,'Datos x Cja CH'!$C$1:$D$16,2,0),0) -> 2505 | Z12: 465 | AA12: 11625 | AB12: 205 | AC12: 5125 | AD12: 1000 | AE12: 0.7 | AF12: 0.3
A13: Corrugadora | B13: =+IF(LEN(D13)=7,B12+1,B12) -> 2 | C13: 3 | D13: 1101700 | F13: 2 | G13: 7000 | I13: =+J13-K13 -> 7708.8667 | J13: =+X13*$J$5 -> 13071.867 | K13: =+M13*$I$5+N13+O13 -> 5363 | L13: A8 | M13: 67 | N13: 38 | O13: 3650 | R13: =+IFERROR(K13/(J13),0) -> 0.4102704 | V13: =+AB13+Z13 -> 1134 | W13: =V13/X13 -> 0.34700476 | X13: =IFERROR(VLOOKUP(F13,'Datos x Cja LK'!$C$1:$D$15,2,0),0)+IFERROR(VLOOKUP(F13,'Datos x Cja CH'!$C$1:$D$16,2,0),0) -> 3267.9667 | Z13: 576 | AA13: 14400 | AB13: 558 | AC13: 13950 | AD13: 1000 | AE13: 0.7 | AF13: 0.3
A14: Corrugadora | B14: =+IF(LEN(D14)=7,B13+1,B13) -> 3 | D14: 1103700 | F14: 6 | I14: =+J14-K14 -> -502 | J14: =+X14*$J$5 -> 748 | K14: =+M14*$I$5+N14+O14 -> 1250 | L14: A5 | M14: 50 | Q14: 0 | R14: =+IFERROR(K14/(J14),0) -> 1.671123 | V14: =+AB14+Z14 -> 694 | W14: =V14/X14 -> 3.7112299 | X14: =IFERROR(VLOOKUP(F14,'Datos x Cja LK'!$C$1:$D$15,2,0),0)+IFERROR(VLOOKUP(F14,'Datos x Cja CH'!$C$1:$D$16,2,0),0) -> 187 | Z14: 376 | AA14: 9400 | AB14: 318 | AC14: 7950 | AD14: 1000 | AE14: 0.7 | AF14: 0.3
A15: Corrugadora | B15: =+IF(LEN(D15)=7,B14+1,B14) -> 4 | C15: 1 | D15: 1104700 | F15: 7 | G15: 1000 | I15: =+J15-K15 -> 465 | J15: =+X15*$J$5 -> 752 | K15: =+M15*$I$5+N15+O15 -> 287 | L15: A6 | M15: 11 | N15: 12 | R15: =+IFERROR(K15/(J15),0) -> 0.38164894 | V15: =+AB15+Z15 -> 151 | W15: =V15/X15 -> 0.80319149 | X15: =IFERROR(VLOOKUP(F15,'Datos x Cja LK'!$C$1:$D$15,2,0),0)+IFERROR(VLOOKUP(F15,'Datos x Cja CH'!$C$1:$D$16,2,0),0) -> 188 | Z15: 95 | AA15: 2375 | AB15: 56 | AC15: 1400 | AD15: 1000 | AE15: 0.7 | AF15: 0.3
A16: Corrugadora | B16: =+IF(LEN(D16)=7,B15+1,B15) -> 5 | D16: 1105700 | F16: 8 | I16: =+J16-K16 -> 236 | J16: =+X16*$J$5 -> 236 | K16: =+M16*$I$5+N16+O16 -> 0 | L16: A7 | R16: =+IFERROR(K16/(J16),0) -> 0 | V16: =+AB16+Z16 -> 60 | W16: =V16/X16 -> 1.0169492 | X16: =IFERROR(VLOOKUP(F16,'Datos x Cja LK'!$C$1:$D$15,2,0),0)+IFERROR(VLOOKUP(F16,'Datos x Cja CH'!$C$1:$D$16,2,0),0) -> 59 | Z16: 60 | AA16: 1500 | AB16: 0 | AC16: 0 | AD16: 1000 | AE16: 0.7 | AF16: 0.3
A17: Corrugadora | B17: =+IF(LEN(D17)=7,B16+1,B16) -> 6 | D17: 1106700 | F17: 10 | I17: =+J17-K17 -> 568.66667 | J17: =+X17*$J$5 -> 2568.6667 | K17: =+M17*$I$5+N17+O17 -> 2000 | L17: A4 | M17: 80 | R17: =+IFERROR(K17/(J17),0) -> 0.77861407 | V17: =+AB17+Z17 -> 252 | W17: =V17/X17 -> 0.39242149 | X17: =IFERROR(VLOOKUP(F17,'Datos x Cja LK'!$C$1:$D$15,2,0),0)+IFERROR(VLOOKUP(F17,'Datos x Cja CH'!$C$1:$D$16,2,0),0) -> 642.16667 | Z17: 160 | AA17: 4000 | AB17: 92 | AC17: 2300 | AD17: 1000 | AE17: 0.7 | AF17: 0.3
A18: Corrugadora | B18: =+IF(LEN(D18)=7,B17+1,B17) -> 7 | D18: 1107700 | F18: 12 | I18: =+J18-K18 -> -1829.908 | J18: =+X18*$J$5 -> 6264.092 | K18: =+M18*$I$5+N18+O18 -> 8094 | L18: A2 | M18: 250 | O18: 1844 | R18: =+IFERROR(K18/(J18),0) -> 1.2921266 | V18: =+AB18+Z18 -> 244 | W18: =V18/X18 -> 0.1558087 | X18: =IFERROR(VLOOKUP(F18,'Datos x Cja LK'!$C$1:$D$15,2,0),0)+IFERROR(VLOOKUP(F18,'Datos x Cja CH'!$C$1:$D$16,2,0),0) -> 1566.023 | Z18: 171 | AA18: 4275 | AB18: 73 | AC18: 1825 | AD18: 1000 | AE18: 0.7 | AF18: 0.3
A19: Corrugadora | B19: =+IF(LEN(D19)=7,B18+1,B18) -> 8 | D19: 1108700 | F19: 13 | I19: =+J19-K19 -> 586 | J19: =+X19*$J$5 -> 2228 | K19: =+M19*$I$5+N19+O19 -> 1642 | L19: A3 | M19: 5 | N19: 17 | O19: 1500 | R19: =+IFERROR(K19/(J19),0) -> 0.73698384 | V19: =+AB19+Z19 -> 119 | W19: =V19/X19 -> 0.21364452 | X19: =IFERROR(VLOOKUP(F19,'Datos x Cja LK'!$C$1:$D$15,2,0),0)+IFERROR(VLOOKUP(F19,'Datos x Cja CH'!$C$1:$D$16,2,0),0) -> 557 | Z19: 105 | AA19: 2625 | AB19: 14 | AC19: 350 | AD19: 1000
A20: Corrugadora | B20: =+IF(LEN(D20)=7,B19+1,B19) -> 9 | D20: 1114700 | F20: 15 | I20: =+J20-K20 -> -1310 | J20: =+X20*$J$5 -> 0 | K20: =+M20*$I$5+N20+O20 -> 1310 | L20: A9B | M20: 52 | N20: 10 | R20: =+IFERROR(K20/(J20),0) -> 0 | V20: =+AB20+Z20 -> 0 | W20: =V20/X20 -> #DIV/0! | X20: =IFERROR(VLOOKUP(F20,'Datos x Cja LK'!$C$1:$D$15,2,0),0)+IFERROR(VLOOKUP(F20,'Datos x Cja CH'!$C$1:$D$16,2,0),0) -> 0 | AD20: 1000
A21: Corrugadora | B21: =+IF(LEN(D21)=7,B20+1,B20) -> 10 | D21: 1115700 | F21: 16 | I21: =+J21-K21 -> -1967 | J21: =+X21*$J$5 -> 108 | K21: =+M21*$I$5+N21+O21 -> 2075 | L21: A7B | M21: 83 | R21: =+IFERROR(K21/(J21),0) -> 19.212963 | V21: =+AB21+Z21 -> 0 | W21: =V21/X21 -> 0 | X21: =IFERROR(VLOOKUP(F21,'Datos x Cja LK'!$C$1:$D$15,2,0),0)+IFERROR(VLOOKUP(F21,'Datos x Cja CH'!$C$1:$D$16,2,0),0) -> 27 | AD21: 1000
A22: Corrugadora | B22: =+IF(LEN(D22)=7,B21+1,B21) -> 11 | C22: 4 | D22: 1110700 | F22: 22 | G22: 10000 | I22: =+J22-K22 -> 9990.3333 | J22: =+X22*$J$5 -> 22265.333 | K22: =+M22*$I$5+N22+O22 -> 12275 | L22: A9 | M22: 283 | O22: 5200 | R22: =+IFERROR(K22/(J22),0) -> 0.55130547 | V22: =+AB22+Z22 -> 680 | W22: =V22/X22 -> 0.122163 | X22: =IFERROR(VLOOKUP(F22,'Datos x Cja LK'!$C$1:$D$15,2,0),0)+IFERROR(VLOOKUP(F22,'Datos x Cja CH'!$C$1:$D$16,2,0),0) -> 5566.3333 | Z22: 680 | AA22: 17000 | AB22: 0 | AC22: 0 | AD22: 1000 | AE22: 0.7 | AF22: 0.3
A23: Corrugadora | B23: =+IF(LEN(D23)=7,B22+1,B22) -> 12 | D23: 1111700 | F23: 27 | I23: =+J23-K23 -> -620 | J23: =+X23*$J$5 -> 436 | K23: =+M23*$I$5+N23+O23 -> 1056 | L23: Z9 | M23: 40 | N23: 56 | R23: =+IFERROR(K23/(J23),0) -> 2.4220183 | V23: =+AB23+Z23 -> 66 | W23: =V23/X23 -> 0.60550459 | X23: =IFERROR(VLOOKUP(F23,'Datos x Cja LK'!$C$1:$D$15,2,0),0)+IFERROR(VLOOKUP(F23,'Datos x Cja CH'!$C$1:$D$16,2,0),0) -> 109 | Z23: 43 | AA23: 1075 | AB23: 23 | AC23: 575 | AD23: 1000
A24: Corrugadora | B24: =+IF(LEN(D24)=7,B23+1,B23) -> 13 | C24: 2 | D24: 1113700 | F24: 29 | G24: 15500 | I24: =+J24-K24 -> 15323 | J24: =+X24*$J$5 -> 24948 | K24: =+M24*$I$5+N24+O24 -> 9625 | L24: A11 | M24: 19 | N24: 25 | O24: 9125 | R24: =+IFERROR(K24/(J24),0) -> 0.38580247 | V24: =+AB24+Z24 -> 2032 | W24: =V24/X24 -> 0.32579766 | X24: =IFERROR(VLOOKUP(F24,'Datos x Cja LK'!$C$1:$D$15,2,0),0)+IFERROR(VLOOKUP(F24,'Datos x Cja CH'!$C$1:$D$16,2,0),0) -> 6237 | Z24: 1293 | AA24: 32325 | AB24: 739 | AC24: 18475 | AD24: 1000 | AE24: 0.7 | AF24: 0.3
B25: =+IF(LEN(D25)=7,B24+1,B24) -> 14 | D25: 1289700 | F25: Tira Imp. | I25: =+J25-K25 -> -1079 | J25: =+X25*$J$5 -> 0 | K25: =+M25*$I$5+N25+O25 -> 1079 | L25: A10 | M25: 43 | N25: 4 | R25: =+IFERROR(K25/(J25),0) -> 0 | V25: =+AB25+Z25 -> 50 | W25: =V25/X25 -> #DIV/0! | X25: =IFERROR(VLOOKUP(F25,'Datos x Cja LK'!$C$1:$D$15,2,0),0)+IFERROR(VLOOKUP(F25,'Datos x Cja CH'!$C$1:$D$16,2,0),0) -> 0 | Z25: 50 | AA25: =+Z25*15 -> 750 | AD25: 1000
B26: =+IF(LEN(D26)=7,B25+1,B25) -> 14
B27: =+IF(LEN(D27)=7,B26+1,B26) -> 14
B28: =+IF(LEN(D28)=7,B27+1,B27) -> 14 | L28: Z:\AA LOGISTICA Relevamiento y Pedidos\A3 Relevamiento Stock y Pedidos Insumos\Relevamiento\A Relevamientos INSUMOS y Pedido\A Cajas
B29: =+IF(LEN(D29)=7,B28+1,B28) -> 14
B30: =+IF(LEN(D30)=7,B29+1,B29) -> 14
B31: =+IF(LEN(D31)=7,B30+1,B30) -> 14

Sheet Est Madre LK 10-25
A1: Cod Nuevo Isis | B1: Descripcion | C1: E.Madre Uni x Mes | E1: Esta en Consumo?
A2: 505 | B2: Pelador Mgo Plastico | C2: 30000 | E2: =+IF(A2="","",IF(OR(RIGHT(A2,1)="E",RIGHT(A2,1)="H"),"",IF(IFERROR(VLOOKUP(A2,'Datos x Cja LK'!A:A,1,),"Falta en Consumo")=A2,"Ok",IFERROR(VLOOKUP(A2,'Datos x Cja LK'!A:A,1,),"Falta en Consumo")))) -> Ok | G2: 0 | H2: =+C2-G2 -> 30000
A3: 506 | B3: Abrelatas Uña | C3: 18840 | E3: =+IF(A3="","",IF(OR(RIGHT(A3,1)="E",RIGHT(A3,1)="H"),"",IF(IFERROR(VLOOKUP(A3,'Datos x Cja LK'!A:A,1,),"Falta en Consumo")=A3,"Ok",IFERROR(VLOOKUP(A3,'Datos x Cja LK'!A:A,1,),"Falta en Consumo")))) -> Ok | G3: 0 | H3: =+C3-G3 -> 18840
A4: 513 | B4: Pelador Mgo Metalico | C4: 18204 | E4: =+IF(A4="","",IF(OR(RIGHT(A4,1)="E",RIGHT(A4,1)="H"),"",IF(IFERROR(VLOOKUP(A4,'Datos x Cja LK'!A:A,1,),"Falta en Consumo")=A4,"Ok",IFERROR(VLOOKUP(A4,'Datos x Cja LK'!A:A,1,),"Falta en Consumo")))) -> Ok | G4: 0 | H4: =+C4-G4 -> 18204
A5: 31 | B5: Filtro De Cafe | C5: 18192 | E5: =+IF(A5="","",IF(OR(RIGHT(A5,1)="E",RIGHT(A5,1)="H"),"",IF(IFERROR(VLOOKUP(A5,'Datos x Cja LK'!A:A,1,),"Falta en Consumo")=A5,"Ok",IFERROR(VLOOKUP(A5,'Datos x Cja LK'!A:A,1,),"Falta en Consumo")))) -> Ok | G5: 0 | H5: =+C5-G5 -> 18192
A6: 586 | B6: Pelapapas Mgo Ergonomico | C6: 6996 | E6: =+IF(A6="","",IF(OR(RIGHT(A6,1)="E",RIGHT(A6,1)="H"),"",IF(IFERROR(VLOOKUP(A6,'Datos x Cja LK'!A:A,1,),"Falta en Consumo")=A6,"Ok",IFERROR(VLOOKUP(A6,'Datos x Cja LK'!A:A,1,),"Falta en Consumo")))) -> Ok | G6: 0 | H6: =+C6-G6 -> 6996
A7: 530 | B7: Sacacorcho Tipo Mozo Color | C7: 3600 | E7: =+IF(A7="","",IF(OR(RIGHT(A7,1)="E",RIGHT(A7,1)="H"),"",IF(IFERROR(VLOOKUP(A7,'Datos x Cja LK'!A:A,1,),"Falta en Consumo")=A7,"Ok",IFERROR(VLOOKUP(A7,'Datos x Cja LK'!A:A,1,),"Falta en Consumo")))) -> Ok | G7: 0 | H7: =+C7-G7 -> 3600
A8: 546 | B8: Corta Queso | C8: 7200 | E8: =+IF(A8="","",IF(OR(RIGHT(A8,1)="E",RIGHT(A8,1)="H"),"",IF(IFERROR(VLOOKUP(A8,'Datos x Cja LK'!A:A,1,),"Falta en Consumo")=A8,"Ok",IFERROR(VLOOKUP(A8,'Datos x Cja LK'!A:A,1,),"Falta en Consumo")))) -> Ok | G8: 0 | H8: =+C8-G8 -> 7200
A9: 544 | B9: Batidor Pera Alambre | C9: 7464 | E9: =+IF(A9="","",IF(OR(RIGHT(A9,1)="E",RIGHT(A9,1)="H"),"",IF(IFERROR(VLOOKUP(A9,'Datos x Cja LK'!A:A,1,),"Falta en Consumo")=A9,"Ok",IFERROR(VLOOKUP(A9,'Datos x Cja LK'!A:A,1,),"Falta en Consumo")))) -> Ok | G9: 0 | H9: =+C9-G9 -> 7464
A10: 504 | B10: Afila Cuchillos | C10: 6996 | E10: =+IF(A10="","",IF(OR(RIGHT(A10,1)="E",RIGHT(A10,1)="H"),"",IF(IFERROR(VLOOKUP(A10,'Datos x Cja LK'!A:A,1,),"Falta en Consumo")=A10,"Ok",IFERROR(VLOOKUP(A10,'Datos x Cja LK'!A:A,1,),"Falta en Consumo")))) -> Ok | G10: 0 | H10: =+C10-G10 -> 6996
A11: 501 | B11: Abrelatas A Manija | C11: 6912 | E11: =+IF(A11="","",IF(OR(RIGHT(A11,1)="E",RIGHT(A11,1)="H"),"",IF(IFERROR(VLOOKUP(A11,'Datos x Cja LK'!A:A,1,),"Falta en Consumo")=A11,"Ok",IFERROR(VLOOKUP(A11,'Datos x Cja LK'!A:A,1,),"Falta en Consumo")))) -> Ok | G11: 0 | H11: =+C11-G11 -> 6912
A12: 502 | B12: Abrelatas A Mariposa | C12: 5796 | E12: =+IF(A12="","",IF(OR(RIGHT(A12,1)="E",RIGHT(A12,1)="H"),"",IF(IFERROR(VLOOKUP(A12,'Datos x Cja LK'!A:A,1,),"Falta en Consumo")=A12,"Ok",IFERROR(VLOOKUP(A12,'Datos x Cja LK'!A:A,1,),"Falta en Consumo")))) -> Ok | G12: 0 | H12: =+C12-G12 -> 5796
A13: 321 | B13: Rallador Cilindrico | C13: 3120 | E13: =+IF(A13="","",IF(OR(RIGHT(A13,1)="E",RIGHT(A13,1)="H"),"",IF(IFERROR(VLOOKUP(A13,'Datos x Cja LK'!A:A,1,),"Falta en Consumo")=A13,"Ok",IFERROR(VLOOKUP(A13,'Datos x Cja LK'!A:A,1,),"Falta en Consumo")))) -> Ok | G13: 0 | H13: =+C13-G13 -> 3120
... A21: 30 | B21: Colador N°20 | C21: 0 | E21: =+IF(A21="","",IF(OR(RIGHT(A21,1)="E",RIGHT(A21,1)="H"),"",IF(IFERROR(VLOOKUP(A21,'Datos x Cja LK'!A:A,1,),"Falta en Consumo")=A21,"Ok",IFERROR(VLOOKUP(A21,'Datos x Cja LK'!A:A,1,),"Falta en Consumo")))) -> Ok | G21: 0 | H21: =+C21-G21 -> 0
A22: 529E | B22: Sacacorcho Doble Impulso | C22: 4400 | E22: =+IF(A22="","",IF(OR(RIGHT(A22,1)="E",RIGHT(A22,1)="H"),"",IF(IFERROR(VLOOKUP(A22,'Datos x Cja LK'!A:A,1,),"Falta en Consumo")=A22,"Ok",IFERROR(VLOOKUP(A22,'Datos x Cja LK'!A:A,1,),"Falta en Consumo")))) | G22: 0 | H22: =+C22-G22 -> 4400
A23: 224 | B23: Cuchara Madera 30 Cm X 12 | C23: 588 | E23: =+IF(A23="","",IF(OR(RIGHT(A23,1)="E",RIGHT(A23,1)="H"),"",IF(IFERROR(VLOOKUP(A23,'Datos x Cja LK'!A:A,1,),"Falta en Consumo")=A23,"Ok",IFERROR(VLOOKUP(A23,'Datos x Cja LK'!A:A,1,),"Falta en Consumo")))) -> Ok | G23: 0 | H23: =+C23-G23 -> 588
A24: 29 | B24: Colador N°16 | C24: 0 | E24: =+IF(A24="","",IF(OR(RIGHT(A24,1)="E",RIGHT(A24,1)="H"),"",IF(IFERROR(VLOOKUP(A24,'Datos x Cja LK'!A:A,1,),"Falta en Consumo")=A24,"Ok",IFERROR(VLOOKUP(A24,'Datos x Cja LK'!A:A,1,),"Falta en Consumo")))) -> Ok | G24: 0 | H24: =+C24-G24 -> 0
A25: 558 | B25: Bombilla Resorte Tradicio | C25: 2124 | E25: =+IF(A25="","",IF(OR(RIGHT(A25,1)="E",RIGHT(A25,1)="H"),"",IF(IFERROR(VLOOKUP(A25,'Datos x Cja LK'!A:A,1,),"Falta en Consumo")=A25,"Ok",IFERROR(VLOOKUP(A25,'Datos x Cja LK'!A:A,1,),"Falta en Consumo")))) -> Ok | G25: 0 | H25: =+C25-G25 -> 2124
A26: 523 | B26: Sacacorcho Doble Aleta | C26: 2400 | E26: =+IF(A26="","",IF(OR(RIGHT(A26,1)="E",RIGHT(A26,1)="H"),"",IF(IFERROR(VLOOKUP(A26,'Datos x Cja LK'!A:A,1,),"Falta en Consumo")=A26,"Ok",IFERROR(VLOOKUP(A26,'Datos x Cja LK'!A:A,1,),"Falta en Consumo")))) -> Ok | G26: 0 | H26: =+C26-G26 -> 2400
A27: 512 | B27: Abrelata Mariposa Plastic | C27: 1656 | E27: =+IF(A27="","",IF(OR(RIGHT(A27,1)="E",RIGHT(A27,1)="H"),"",IF(IFERROR(VLOOKUP(A27,'Datos x Cja LK'!A:A,1,),"Falta en Consumo")=A27,"Ok",IFERROR(VLOOKUP(A27,'Datos x Cja LK'!A:A,1,),"Falta en Consumo")))) -> Ok | G27: 0 | H27: =+C27-G27 -> 1656
A28: 521 | B28: Sacacorcho Combinado Crom | C28: 2220 | E28: =+IF(A28="","",IF(OR(RIGHT(A28,1)="E",RIGHT(A28,1)="H"),"",IF(IFERROR(VLOOKUP(A28,'Datos x Cja LK'!A:A,1,),"Falta en Consumo")=A28,"Ok",IFERROR(VLOOKUP(A28,'Datos x Cja LK'!A:A,1,),"Falta en Consumo")))) -> Ok | G28: 0 | H28: =+C28-G28 -> 2220
A29: 581 | B29: Sacacorcho Cabo Plastico | C29: 768 | E29: =+IF(A29="","",IF(OR(RIGHT(A29,1)="E",RIGHT(A29,1)="H"),"",IF(IFERROR(VLOOKUP(A29,'Datos x Cja LK'!A:A,1,),"Falta en Consumo")=A29,"Ok",IFERROR(VLOOKUP(A29,'Datos x Cja LK'!A:A,1,),"Falta en Consumo")))) -> Ok | G29: 0 | H29: =+C29-G29 -> 768
A30: 531 | B30: Sacacorcho Combinado Color | C30: 1440 | E30: =+IF(A30="","",IF(OR(RIGHT(A30,1)="E",RIGHT(A30,1)="H"),"",IF(IFERROR(VLOOKUP(A30,'Datos x Cja LK'!A:A,1,),"Falta en Consumo")=A30,"Ok",IFERROR(VLOOKUP(A30,'Datos x Cja LK'!A:A,1,),"Falta en Consumo")))) -> Ok | G30: 0 | H30: =+C30-G30 -> 1440
A31: 248 | B31: Cuchara De Cocina 33 Cm X 12 | C31: 924 | E31: =+IF(A31="","",IF(OR(RIGHT(A31,1)="E",RIGHT(A31,1)="H"),"",IF(IFERROR(VLOOKUP(A31,'Datos x Cja LK'!A:A,1,),"Falta en Consumo")=A31,"Ok",IFERROR(VLOOKUP(A31,'Datos x Cja LK'!A:A,1,),"Falta en Consumo")))) -> Ok | G31: 0 | H31: =+C31-G31 -> 924
A32: 555 | B32: Cepillo Limpia Bombilla | C32: 1800 | E32: =+IF(A32="","",IF(OR(RIGHT(A32,1)="E",RIGHT(A32,1)="H"),"",IF(IFERROR(VLOOKUP(A32,'Datos x Cja LK'!A:A,1,),"Falta en Consumo")=A32,"Ok",IFERROR(VLOOKUP(A32,'Datos x Cja LK'!A:A,1,),"Falta en Consumo")))) -> Ok | G32: 0 | H32: =+C32-G32 -> 1800
A33: 575 | B33: Tapon De Vino/Cerv X1 Negro | C33: 1092 | E33: =+IF(A33="","",IF(OR(RIGHT(A33,1)="E",RIGHT(A33,1)="H"),"",IF(IFERROR(VLOOKUP(A33,'Datos x Cja LK'!A:A,1,),"Falta en Consumo")=A33,"Ok",IFERROR(VLOOKUP(A33,'Datos x Cja LK'!A:A,1,),"Falta en Consumo")))) -> Ok | G33: 0 | H33: =+C33-G33 -> 1092
A34: 66 | B34: Abrelata Super Mariposa | C34: 2100 | E34: =+IF(A34="","",IF(OR(RIGHT(A34,1)="E",RIGHT(A34,1)="H"),"",IF(IFERROR(VLOOKUP(A34,'Datos x Cja LK'!A:A,1,),"Falta en Consumo")=A34,"Ok",IFERROR(VLOOKUP(A34,'Datos x Cja LK'!A:A,1,),"Falta en Consumo")))) -> Ok | G34: 0 | H34: =+C34-G34 -> 2100
... A39: 562 | B39: Corta Pizza Mgo 6cm | C39: 1200 | E39: =+IF(A39="","",IF(OR(RIGHT(A39,1)="E",RIGHT(A39,1)="H"),"",IF(IFERROR(VLOOKUP(A39,'Datos x Cja LK'!A:A,1,),"Falta en Consumo")=A39,"Ok",IFERROR(VLOOKUP(A39,'Datos x Cja LK'!A:A,1,),"Falta en Consumo")))) -> Ok | G39: 0 | H39: =+C39-G39 -> 1200
A40: 816E | B40: Pelador "V" Horizontal | C40: 1872 | E40: =+IF(A40="","",IF(OR(RIGHT(A40,1)="E",RIGHT(A40,1)="H"),"",IF(IFERROR(VLOOKUP(A40,'Datos x Cja LK'!A:A,1,),"Falta en Consumo")=A40,"Ok",IFERROR(VLOOKUP(A40,'Datos x Cja LK'!A:A,1,),"Falta en Consumo")))) | G40: 0 | H40: =+C40-G40 -> 1872
A41: 229 | B41: Ñoquera Madera | C41: 1008 | E41: =+IF(A41="","",IF(OR(RIGHT(A41,1)="E",RIGHT(A41,1)="H"),"",IF(IFERROR(VLOOKUP(A41,'Datos x Cja LK'!A:A,1,),"Falta en Consumo")=A41,"Ok",IFERROR(VLOOKUP(A41,'Datos x Cja LK'!A:A,1,),"Falta en Consumo")))) -> Ok | G41: 0 | H41: =+C41-G41 -> 1008
A42: 500 | B42: Abrelata Uña Pie Color | C42: 1440 | E42: =+IF(A42="","",IF(OR(RIGHT(A42,1)="E",RIGHT(A42,1)="H"),"",IF(IFERROR(VLOOKUP(A42,'Datos x Cja LK'!A:A,1,),"Falta en Consumo")=A42,"Ok",IFERROR(VLOOKUP(A42,'Datos x Cja LK'!A:A,1,),"Falta en Consumo")))) -> Ok | G42: 0 | H42: =+C42-G42 -> 1440
A43: 654 | B43: Bombilla Autolimpiante In | C43: 912 | E43: =+IF(A43="","",IF(OR(RIGHT(A43,1)="E",RIGHT(A43,1)="H"),"",IF(IFERROR(VLOOKUP(A43,'Datos x Cja LK'!A:A,1,),"Falta en Consumo")=A43,"Ok",IFERROR(VLOOKUP(A43,'Datos x Cja LK'!A:A,1,),"Falta en Consumo")))) -> Ok | G43: 0 | H43: =+C43-G43 -> 912
A44: 564 | B44: Corta Pizza Gastronomico | C44: 444 | E44: =+IF(A44="","",IF(OR(RIGHT(A44,1)="E",RIGHT(A44,1)="H"),"",IF(IFERROR(VLOOKUP(A44,'Datos x Cja LK'!A:A,1,),"Falta en Consumo")=A44,"Ok",IFERROR(VLOOKUP(A44,'Datos x Cja LK'!A:A,1,),"Falta en Consumo")))) -> Ok | G44: 0 | H44: =+C44-G44 -> 444
A45: 525E | B45: Sacacorcho Cabo De Madera | C45: 1800 | E45: =+IF(A45="","",IF(OR(RIGHT(A45,1)="E",RIGHT(A45,1)="H"),"",IF(IFERROR(VLOOKUP(A45,'Datos x Cja LK'!A:A,1,),"Falta en Consumo")=A45,"Ok",IFERROR(VLOOKUP(A45,'Datos x Cja LK'!A:A,1,),"Falta en Consumo")))) | G45: 0 | H45: =+C45-G45 -> 1800
A46: 560 | B46: Pinza Chica | C46: 660 | E46: =+IF(A46="","",IF(OR(RIGHT(A46,1)="E",RIGHT(A46,1)="H"),"",IF(IFERROR(VLOOKUP(A46,'Datos x Cja LK'!A:A,1,),"Falta en Consumo")=A46,"Ok",IFERROR(VLOOKUP(A46,'Datos x Cja LK'!A:A,1,),"Falta en Consumo")))) -> Ok | G46: 0 | H46: =+C46-G46 -> 660
A47: 225 | B47: Cuchara Madera 35 Cm X 12 | C47: 2400 | E47: =+IF(A47="","",IF(OR(RIGHT(A47,1)="E",RIGHT(A47,1)="H"),"",IF(IFERROR(VLOOKUP(A47,'Datos x Cja LK'!A:A,1,),"Falta en Consumo")=A47,"Ok",IFERROR(VLOOKUP(A47,'Datos x Cja LK'!A:A,1,),"Falta en Consumo")))) -> Ok | G47: 0 | H47: =+C47-G47 -> 2400
A48: 518 | B48: Sacafuente Gastronomico | C48: 780 | E48: =+IF(A48="","",IF(OR(RIGHT(A48,1)="E",RIGHT(A48,1)="H"),"",IF(IFERROR(VLOOKUP(A48,'Datos x Cja LK'!A:A,1,),"Falta en Consumo")=A48,"Ok",IFERROR(VLOOKUP(A48,'Datos x Cja LK'!A:A,1,),"Falta en Consumo")))) -> Ok | G48: 0 | H48: =+C48-G48 -> 780
A49: 580 | B49: Batidor Mini | C49: 684 | E49: =+IF(A49="","",IF(OR(RIGHT(A49,1)="E",RIGHT(A49,1)="H"),"",IF(IFERROR(VLOOKUP(A49,'Datos x Cja LK'!A:A,1,),"Falta en Consumo")=A49,"Ok",IFERROR(VLOOKUP(A49,'Datos x Cja LK'!A:A,1,),"Falta en Consumo")))) -> Ok | G49: 0 | H49: =+C49-G49 -> 684
A50: 577 | B50: Tapon De Vino/Cerveza Premium | C50: 984 | E50: =+IF(A50="","",IF(OR(RIGHT(A50,1)="E",RIGHT(A50,1)="H"),"",IF(IFERROR(VLOOKUP(A50,'Datos x Cja LK'!A:A,1,),"Falta en Consumo")=A50,"Ok",IFERROR(VLOOKUP(A50,'Datos x Cja LK'!A:A,1,),"Falta en Consumo")))) -> Ok | G50: 0 | H50: =+C50-G50 -> 984
A51: 280 | B51: Manga Repostera + 4 Boqui | C51: 1300 | E51: =+IF(A51="","",IF(OR(RIGHT(A51,1)="E",RIGHT(A51,1)="H"),"",IF(IFERROR(VLOOKUP(A51,'Datos x Cja LK'!A:A,1,),"Falta en Consumo")=A51,"Ok",IFERROR(VLOOKUP(A51,'Datos x Cja LK'!A:A,1,),"Falta en Consumo")))) -> Ok | G51: 0 | H51: =+C51-G51 -> 1300
A52: 507 | B52: Rompenueces | C52: 792 | E52: =+IF(A52="","",IF(OR(RIGHT(A52,1)="E",RIGHT(A52,1)="H"),"",IF(IFERROR(VLOOKUP(A52,'Datos x Cja LK'!A:A,1,),"Falta en Consumo")=A52,"Ok",IFERROR(VLOOKUP(A52,'Datos x Cja LK'!A:A,1,),"Falta en Consumo")))) -> Ok | G52: 0 | H52: =+C52-G52 -> 792
A53: 220 | B53: Cuchara Madera 40 Cm X 12 | C53: 540 | E53: =+IF(A53="","",IF(OR(RIGHT(A53,1)="E",RIGHT(A53,1)="H"),"",IF(IFERROR(VLOOKUP(A53,'Datos x Cja LK'!A:A,1,),"Falta en Consumo")=A53,"Ok",IFERROR(VLOOKUP(A53,'Datos x Cja LK'!A:A,1,),"Falta en Consumo")))) -> Ok | G53: 0 | H53: =+C53-G53 -> 540
A54: 559 | B54: Corta Ravioles | C54: 996 | E54: =+IF(A54="","",IF(OR(RIGHT(A54,1)="E",RIGHT(A54,1)="H"),"",IF(IFERROR(VLOOKUP(A54,'Datos x Cja LK'!A:A,1,),"Falta en Consumo")=A54,"Ok",IFERROR(VLOOKUP(A54,'Datos x Cja LK'!A:A,1,),"Falta en Consumo")))) -> Ok | G54: 0 | H54: =+C54-G54 -> 996
A55: 519 | B55: Cuchillo De Untar X 2 mad | C55: 600 | E55: =+IF(A55="","",IF(OR(RIGHT(A55,1)="E",RIGHT(A55,1)="H"),"",IF(IFERROR(VLOOKUP(A55,'Datos x Cja LK'!A:A,1,),"Falta en Consumo")=A55,"Ok",IFERROR(VLOOKUP(A55,'Datos x Cja LK'!A:A,1,),"Falta en Consumo")))) -> Ok | G55: 0 | H55: =+C55-G55 -> 600
A56: 221 | B56: Cuchara Madera 45 Cm X 12 | C56: 396 | E56: =+IF(A56="","",IF(OR(RIGHT(A56,1)="E",RIGHT(A56,1)="H"),"",IF(IFERROR(VLOOKUP(A56,'Datos x Cja LK'!A:A,1,),"Falta en Consumo")=A56,"Ok",IFERROR(VLOOKUP(A56,'Datos x Cja LK'!A:A,1,),"Falta en Consumo")))) -> Ok | G56: 0 | H56: =+C56-G56 -> 396
A57: 557 | B57: Bombilla Resorte Chata | C57: 1400 | E57: =+IF(A57="","",IF(OR(RIGHT(A57,1)="E",RIGHT(A57,1)="H"),"",IF(IFERROR(VLOOKUP(A57,'Datos x Cja LK'!A:A,1,),"Falta en Consumo")=A57,"Ok",IFERROR(VLOOKUP(A57,'Datos x Cja LK'!A:A,1,),"Falta en Consumo")))) -> Ok | G57: 0 | H57: =+C57-G57 -> 1400
... A68: 223 | B68: Cuchara Madera 25 Cm X 12 | C68: 276 | E68: =+IF(A68="","",IF(OR(RIGHT(A68,1)="E",RIGHT(A68,1)="H"),"",IF(IFERROR(VLOOKUP(A68,'Datos x Cja LK'!A:A,1,),"Falta en Consumo")=A68,"Ok",IFERROR(VLOOKUP(A68,'Datos x Cja LK'!A:A,1,),"Falta en Consumo")))) -> Ok | G68: 0 | H68: =+C68-G68 -> 276
A69: 811E | B69: Corta Pizza C/Mgo Ergonom | C69: 360 | E69: =+IF(A69="","",IF(OR(RIGHT(A69,1)="E",RIGHT(A69,1)="H"),"",IF(IFERROR(VLOOKUP(A69,'Datos x Cja LK'!A:A,1,),"Falta en Consumo")=A69,"Ok",IFERROR(VLOOKUP(A69,'Datos x Cja LK'!A:A,1,),"Falta en Consumo")))) | G69: 0 | H69: =+C69-G69 -> 360
A70: 543 | B70: Ahueca Frutas | C70: 396 | E70: =+IF(A70="","",IF(OR(RIGHT(A70,1)="E",RIGHT(A70,1)="H"),"",IF(IFERROR(VLOOKUP(A70,'Datos x Cja LK'!A:A,1,),"Falta en Consumo")=A70,"Ok",IFERROR(VLOOKUP(A70,'Datos x Cja LK'!A:A,1,),"Falta en Consumo")))) -> Ok | G70: 0 | H70: =+C70-G70 -> 396
A71: 569 | B71: Pelanaranjas X 1 Display | C71: 168 | E71: =+IF(A71="","",IF(OR(RIGHT(A71,1)="E",RIGHT(A71,1)="H"),"",IF(IFERROR(VLOOKUP(A71,'Datos x Cja LK'!A:A,1,),"Falta en Consumo")=A71,"Ok",IFERROR(VLOOKUP(A71,'Datos x Cja LK'!A:A,1,),"Falta en Consumo")))) -> Ok | G71: 0 | H71: =+C71-G71 -> 168
A72: 392 | B72: Cucharon Nylon 1 Pza | C72: 312 | E72: =+IF(A72="","",IF(OR(RIGHT(A72,1)="E",RIGHT(A72,1)="H"),"",IF(IFERROR(VLOOKUP(A72,'Datos x Cja LK'!A:A,1,),"Falta en Consumo")=A72,"Ok",IFERROR(VLOOKUP(A72,'Datos x Cja LK'!A:A,1,),"Falta en Consumo")))) -> Ok | G72: 0 | H72: =+C72-G72 -> 312
A73: 595 | B73: Pinza De Fiambre Mgo Plas X 12 | C73: 288 | E73: =+IF(A73="","",IF(OR(RIGHT(A73,1)="E",RIGHT(A73,1)="H"),"",IF(IFERROR(VLOOKUP(A73,'Datos x Cja LK'!A:A,1,),"Falta en Consumo")=A73,"Ok",IFERROR(VLOOKUP(A73,'Datos x Cja LK'!A:A,1,),"Falta en Consumo")))) -> Ok | G73: 0 | H73: =+C73-G73 -> 288
A74: 312 | B74: Pala De Torta Acero Inox | C74: 204 | E74: =+IF(A74="","",IF(OR(RIGHT(A74,1)="E",RIGHT(A74,1)="H"),"",IF(IFERROR(VLOOKUP(A74,'Datos x Cja LK'!A:A,1,),"Falta en Consumo")=A74,"Ok",IFERROR(VLOOKUP(A74,'Datos x Cja LK'!A:A,1,),"Falta en Consumo")))) -> Ok | G74: 0 | H74: =+C74-G74 -> 204
A75: 515 | B75: Batidor Resorte | C75: 441.6 | E75: =+IF(A75="","",IF(OR(RIGHT(A75,1)="E",RIGHT(A75,1)="H"),"",IF(IFERROR(VLOOKUP(A75,'Datos x Cja LK'!A:A,1,),"Falta en Consumo")=A75,"Ok",IFERROR(VLOOKUP(A75,'Datos x Cja LK'!A:A,1,),"Falta en Consumo")))) -> Ok | G75: 0 | H75: =+C75-G75 -> 441.6
A76: 579 | B76: Tapon De Vino/Cerv X 1 Color | C76: 660 | E76: =+IF(A76="","",IF(OR(RIGHT(A76,1)="E",RIGHT(A76,1)="H"),"",IF(IFERROR(VLOOKUP(A76,'Datos x Cja LK'!A:A,1,),"Falta en Consumo")=A76,"Ok",IFERROR(VLOOKUP(A76,'Datos x Cja LK'!A:A,1,),"Falta en Consumo")))) -> Ok | G76: 0 | H76: =+C76-G76 -> 660
A77: 532 | B77: Cuchara De Helado | C77: 312 | E77: =+IF(A77="","",IF(OR(RIGHT(A77,1)="E",RIGHT(A77,1)="H"),"",IF(IFERROR(VLOOKUP(A77,'Datos x Cja LK'!A:A,1,),"Falta en Consumo")=A77,"Ok",IFERROR(VLOOKUP(A77,'Datos x Cja LK'!A:A,1,),"Falta en Consumo")))) -> Ok | G77: 0 | H77: =+C77-G77 -> 312
A78: 511 | B78: 3 En 1 | C78: 484 | E78: =+IF(A78="","",IF(OR(RIGHT(A78,1)="E",RIGHT(A78,1)="H"),"",IF(IFERROR(VLOOKUP(A78,'Datos x Cja LK'!A:A,1,),"Falta en Consumo")=A78,"Ok",IFERROR(VLOOKUP(A78,'Datos x Cja LK'!A:A,1,),"Falta en Consumo")))) -> Ok | G78: 0 | H78: =+C78-G78 -> 484
A79: 394 | B79: Espatula Lisa Nylon 1 Pza | C79: 360 | E79: =+IF(A79="","",IF(OR(RIGHT(A79,1)="E",RIGHT(A79,1)="H"),"",IF(IFERROR(VLOOKUP(A79,'Datos x Cja LK'!A:A,1,),"Falta en Consumo")=A79,"Ok",IFERROR(VLOOKUP(A79,'Datos x Cja LK'!A:A,1,),"Falta en Consumo")))) -> Ok | G79: 0 | H79: =+C79-G79 -> 360
A80: 542 | B80: Ahueca Papas | C80: 384 | E80: =+IF(A80="","",IF(OR(RIGHT(A80,1)="E",RIGHT(A80,1)="H"),"",IF(IFERROR(VLOOKUP(A80,'Datos x Cja LK'!A:A,1,),"Falta en Consumo")=A80,"Ok",IFERROR(VLOOKUP(A80,'Datos x Cja LK'!A:A,1,),"Falta en Consumo")))) -> Ok | G80: 0 | H80: =+C80-G80 -> 384
A81: 299 | B81: Muñeco Silicona Antiderra | C81: 324 | E81: =+IF(A81="","",IF(OR(RIGHT(A81,1)="E",RIGHT(A81,1)="H"),"",IF(IFERROR(VLOOKUP(A81,'Datos x Cja LK'!A:A,1,),"Falta en Consumo")=A81,"Ok",IFERROR(VLOOKUP(A81,'Datos x Cja LK'!A:A,1,),"Falta en Consumo")))) -> Ok | G81: 0 | H81: =+C81-G81 -> 324
... A103: 509 | B103: Paleta Batidora | C103: 192 | E103: =+IF(A103="","",IF(OR(RIGHT(A103,1)="E",RIGHT(A103,1)="H"),"",IF(IFERROR(VLOOKUP(A103,'Datos x Cja LK'!A:A,1,),"Falta en Consumo")=A103,"Ok",IFERROR(VLOOKUP(A103,'Datos x Cja LK'!A:A,1,),"Falta en Consumo")))) -> Ok | G103: 0 | H103: =+C103-G103 -> 192
A104: 814E | B104: Mariposa Manopla Magnetic | C104: 36 | E104: =+IF(A104="","",IF(OR(RIGHT(A104,1)="E",RIGHT(A104,1)="H"),"",IF(IFERROR(VLOOKUP(A104,'Datos x Cja LK'!A:A,1,),"Falta en Consumo")=A104,"Ok",IFERROR(VLOOKUP(A104,'Datos x Cja LK'!A:A,1,),"Falta en Consumo")))) | G104: 0 | H104: =+C104-G104 -> 36
A105: 585E | B105: Sac.Doble Aleta Fundicion | C105: 600 | E105: =+IF(A105="","",IF(OR(RIGHT(A105,1)="E",RIGHT(A105,1)="H"),"",IF(IFERROR(VLOOKUP(A105,'Datos x Cja LK'!A:A,1,),"Falta en Consumo")=A105,"Ok",IFERROR(VLOOKUP(A105,'Datos x Cja LK'!A:A,1,),"Falta en Consumo")))) | G105: 0 | H105: =+C105-G105 -> 600
A106: 819E | B106: Sacacorcho "Fish" Grande | C106: 600 | E106: =+IF(A106="","",IF(OR(RIGHT(A106,1)="E",RIGHT(A106,1)="H"),"",IF(IFERROR(VLOOKUP(A106,'Datos x Cja LK'!A:A,1,),"Falta en Consumo")=A106,"Ok",IFERROR(VLOOKUP(A106,'Datos x Cja LK'!A:A,1,),"Falta en Consumo")))) | G106: 0 | H106: =+C106-G106 -> 600
A107: 580E | B107: Batidor Mini | C107: 0 | E107: =+IF(A107="","",IF(OR(RIGHT(A107,1)="E",RIGHT(A107,1)="H"),"",IF(IFERROR(VLOOKUP(A107,'Datos x Cja LK'!A:A,1,),"Falta en Consumo")=A107,"Ok",IFERROR(VLOOKUP(A107,'Datos x Cja LK'!A:A,1,),"Falta en Consumo")))) | G107: 0 | H107: =+C107-G107 -> 0
A108: 503E | B108: Abrelatas Doble Engranaje | C108: 360 | E108: =+IF(A108="","",IF(OR(RIGHT(A108,1)="E",RIGHT(A108,1)="H"),"",IF(IFERROR(VLOOKUP(A108,'Datos x Cja LK'!A:A,1,),"Falta en Consumo")=A108,"Ok",IFERROR(VLOOKUP(A108,'Datos x Cja LK'!A:A,1,),"Falta en Consumo")))) | G108: 0 | H108: =+C108-G108 -> 360
A109: 809E | B109: Corta Pizza Familiar | C109: 120 | E109: =+IF(A109="","",IF(OR(RIGHT(A109,1)="E",RIGHT(A109,1)="H"),"",IF(IFERROR(VLOOKUP(A109,'Datos x Cja LK'!A:A,1,),"Falta en Consumo")=A109,"Ok",IFERROR(VLOOKUP(A109,'Datos x Cja LK'!A:A,1,),"Falta en Consumo")))) | G109: 0 | H109: =+C109-G109 -> 120
A110: 516 | B110: Destapacorona Suelto | C110: 500 | E110: =+IF(A110="","",IF(OR(RIGHT(A110,1)="E",RIGHT(A110,1)="H"),"",IF(IFERROR(VLOOKUP(A110,'Datos x Cja LK'!A:A,1,),"Falta en Consumo")=A110,"Ok",IFERROR(VLOOKUP(A110,'Datos x Cja LK'!A:A,1,),"Falta en Consumo")))) -> Ok | G110: 0 | H110: =+C110-G110 -> 500
A111: 554 | B111: Cucharita Matera | C111: 192 | E111: =+IF(A111="","",IF(OR(RIGHT(A111,1)="E",RIGHT(A111,1)="H"),"",IF(IFERROR(VLOOKUP(A111,'Datos x Cja LK'!A:A,1,),"Falta en Consumo")=A111,"Ok",IFERROR(VLOOKUP(A111,'Datos x Cja LK'!A:A,1,),"Falta en Consumo")))) -> Ok | G111: 0 | H111: =+C111-G111 -> 192
A112: 438E | B112: Colador Acero Inox 20 Cm | C112: 700 | E112: =+IF(A112="","",IF(OR(RIGHT(A112,1)="E",RIGHT(A112,1)="H"),"",IF(IFERROR(VLOOKUP(A112,'Datos x Cja LK'!A:A,1,),"Falta en Consumo")=A112,"Ok",IFERROR(VLOOKUP(A112,'Datos x Cja LK'!A:A,1,),"Falta en Consumo")))) | G112: 0 | H112: =+C112-G112 -> 700
A113: 335 | B113: Cuchara Calada Ac.Inox. | C113: 120 | E113: =+IF(A113="","",IF(OR(RIGHT(A113,1)="E",RIGHT(A113,1)="H"),"",IF(IFERROR(VLOOKUP(A113,'Datos x Cja LK'!A:A,1,),"Falta en Consumo")=A113,"Ok",IFERROR(VLOOKUP(A113,'Datos x Cja LK'!A:A,1,),"Falta en Consumo")))) -> Ok | G113: 0 | H113: =+C113-G113 -> 120
A114: 390 | B114: Cuchara Calada Nylon 1 Pz | C114: 120 | E114: =+IF(A114="","",IF(OR(RIGHT(A114,1)="E",RIGHT(A114,1)="H"),"",IF(IFERROR(VLOOKUP(A114,'Datos x Cja LK'!A:A,1,),"Falta en Consumo")=A114,"Ok",IFERROR(VLOOKUP(A114,'Datos x Cja LK'!A:A,1,),"Falta en Consumo")))) -> Ok | G114: 0 | H114: =+C114-G114 -> 120
A115: 389 | B115: Espumadera Nylon c/ Mgo | C115: 0 | E115: =+IF(A115="","",IF(OR(RIGHT(A115,1)="E",RIGHT(A115,1)="H"),"",IF(IFERROR(VLOOKUP(A115,'Datos x Cja LK'!A:A,1,),"Falta en Consumo")=A115,"Ok",IFERROR(VLOOKUP(A115,'Datos x Cja LK'!A:A,1,),"Falta en Consumo")))) -> Ok | G115: 0 | H115: =+C115-G115 -> 0
A116: 534 | B116: Cepillo Lava Vajilla | C116: 144 | E116: =+IF(A116="","",IF(OR(RIGHT(A116,1)="E",RIGHT(A116,1)="H"),"",IF(IFERROR(VLOOKUP(A116,'Datos x Cja LK'!A:A,1,),"Falta en Consumo")=A116,"Ok",IFERROR(VLOOKUP(A116,'Datos x Cja LK'!A:A,1,),"Falta en Consumo")))) -> Ok | G116: 0 | H116: =+C116-G116 -> 144
A117: 339 | B117: Cuchara Spaghetti Ac Inox. | C117: 0 | E117: =+IF(A117="","",IF(OR(RIGHT(A117,1)="E",RIGHT(A117,1)="H"),"",IF(IFERROR(VLOOKUP(A117,'Datos x Cja LK'!A:A,1,),"Falta en Consumo")=A117,"Ok",IFERROR(VLOOKUP(A117,'Datos x Cja LK'!A:A,1,),"Falta en Consumo")))) -> Ok | G117: 0 | H117: =+C117-G117 -> 0
A118: 338 | B118: Espatula Lisa Ac.Inox. | C118: 240 | E118: =+IF(A118="","",IF(OR(RIGHT(A118,1)="E",RIGHT(A118,1)="H"),"",IF(IFERROR(VLOOKUP(A118,'Datos x Cja LK'!A:A,1,),"Falta en Consumo")=A118,"Ok",IFERROR(VLOOKUP(A118,'Datos x Cja LK'!A:A,1,),"Falta en Consumo")))) -> Ok | G118: 0 | H118: =+C118-G118 -> 240
A119: 498 | B119: Destapador Pie Cromado | C119: 144 | E119: =+IF(A119="","",IF(OR(RIGHT(A119,1)="E",RIGHT(A119,1)="H"),"",IF(IFERROR(VLOOKUP(A119,'Datos x Cja LK'!A:A,1,),"Falta en Consumo")=A119,"Ok",IFERROR(VLOOKUP(A119,'Datos x Cja LK'!A:A,1,),"Falta en Consumo")))) -> Ok | G119: 0 | H119: =+C119-G119 -> 144
A120: 337 | B120: Tenedor Ac Inox | C120: 96 | E120: =+IF(A120="","",IF(OR(RIGHT(A120,1)="E",RIGHT(A120,1)="H"),"",IF(IFERROR(VLOOKUP(A120,'Datos x Cja LK'!A:A,1,),"Falta en Consumo")=A120,"Ok",IFERROR(VLOOKUP(A120,'Datos x Cja LK'!A:A,1,),"Falta en Consumo")))) -> Ok | G120: 0 | H120: =+C120-G120 -> 96
A121: 547 | B121: Corta Torta | C121: 24 | E121: =+IF(A121="","",IF(OR(RIGHT(A121,1)="E",RIGHT(A121,1)="H"),"",IF(IFERROR(VLOOKUP(A121,'Datos x Cja LK'!A:A,1,),"Falta en Consumo")=A121,"Ok",IFERROR(VLOOKUP(A121,'Datos x Cja LK'!A:A,1,),"Falta en Consumo")))) -> Ok | G121: 0 | H121: =+C121-G121 -> 24
A122: 435E | B122: Colador Acero Inox 10 Cm | C122: 0 | E122: =+IF(A122="","",IF(OR(RIGHT(A122,1)="E",RIGHT(A122,1)="H"),"",IF(IFERROR(VLOOKUP(A122,'Datos x Cja LK'!A:A,1,),"Falta en Consumo")=A122,"Ok",IFERROR(VLOOKUP(A122,'Datos x Cja LK'!A:A,1,),"Falta en Consumo")))) | G122: 0 | H122: =+C122-G122 -> 0
A123: 478E | B123: Sacacorcho Doble Impulso | E123: =+IF(A123="","",IF(OR(RIGHT(A123,1)="E",RIGHT(A123,1)="H"),"",IF(IFERROR(VLOOKUP(A123,'Datos x Cja LK'!A:A,1,),"Falta en Consumo")=A123,"Ok",IFERROR(VLOOKUP(A123,'Datos x Cja LK'!A:A,1,),"Falta en Consumo")))) | G123: 0 | H123: =+C123-G123 -> 0
A124: 525E | B124: Sacacorcho Cabo Madera | C124: 1800 | E124: =+IF(A124="","",IF(OR(RIGHT(A124,1)="E",RIGHT(A124,1)="H"),"",IF(IFERROR(VLOOKUP(A124,'Datos x Cja LK'!A:A,1,),"Falta en Consumo")=A124,"Ok",IFERROR(VLOOKUP(A124,'Datos x Cja LK'!A:A,1,),"Falta en Consumo")))) | G124: 0 | H124: =+C124-G124 -> 1800
A125: 574 | B125: Corta Queso De Alambre | C125: 0 | E125: =+IF(A125="","",IF(OR(RIGHT(A125,1)="E",RIGHT(A125,1)="H"),"",IF(IFERROR(VLOOKUP(A125,'Datos x Cja LK'!A:A,1,),"Falta en Consumo")=A125,"Ok",IFERROR(VLOOKUP(A125,'Datos x Cja LK'!A:A,1,),"Falta en Consumo")))) -> Ok | G125: 0 | H125: =+C125-G125 -> 0
A126: 28 | B126: Colador N°13 Discontinuo | C126: 0 | E126: =+IF(A126="","",IF(OR(RIGHT(A126,1)="E",RIGHT(A126,1)="H"),"",IF(IFERROR(VLOOKUP(A126,'Datos x Cja LK'!A:A,1,),"Falta en Consumo")=A126,"Ok",IFERROR(VLOOKUP(A126,'Datos x Cja LK'!A:A,1,),"Falta en Consumo")))) -> Falta en Consumo | G126: 0 | H126: =+C126-G126 -> 0
A127: 250 | B127: Mate Forrado | C127: 0 | E127: =+IF(A127="","",IF(OR(RIGHT(A127,1)="E",RIGHT(A127,1)="H"),"",IF(IFERROR(VLOOKUP(A127,'Datos x Cja LK'!A:A,1,),"Falta en Consumo")=A127,"Ok",IFERROR(VLOOKUP(A127,'Datos x Cja LK'!A:A,1,),"Falta en Consumo")))) -> Ok | G127: 0 | H127: =+C127-G127 -> 0
A128: 253 | B128: Mate Calabaza C/Virola | C128: 0 | E128: =+IF(A128="","",IF(OR(RIGHT(A128,1)="E",RIGHT(A128,1)="H"),"",IF(IFERROR(VLOOKUP(A128,'Datos x Cja LK'!A:A,1,),"Falta en Consumo")=A128,"Ok",IFERROR(VLOOKUP(A128,'Datos x Cja LK'!A:A,1,),"Falta en Consumo")))) -> Ok | G128: 0 | H128: =+C128-G128 -> 0
A129: 254 | B129: Mate Calabaza S/Virola | C129: 0 | E129: =+IF(A129="","",IF(OR(RIGHT(A129,1)="E",RIGHT(A129,1)="H"),"",IF(IFERROR(VLOOKUP(A129,'Datos x Cja LK'!A:A,1,),"Falta en Consumo")=A129,"Ok",IFERROR(VLOOKUP(A129,'Datos x Cja LK'!A:A,1,),"Falta en Consumo")))) -> Ok | G129: 0 | H129: =+C129-G129 -> 0
A130: 578 | B130: Descarozador De Aceitunas | C130: 0 | E130: =+IF(A130="","",IF(OR(RIGHT(A130,1)="E",RIGHT(A130,1)="H"),"",IF(IFERROR(VLOOKUP(A130,'Datos x Cja LK'!A:A,1,),"Falta en Consumo")=A130,"Ok",IFERROR(VLOOKUP(A130,'Datos x Cja LK'!A:A,1,),"Falta en Consumo")))) -> Ok | G130: 0 | H130: =+C130-G130 -> 0
A131: 574E | B131: Corta Queso De Alambre | C131: 648 | E131: =+IF(A131="","",IF(OR(RIGHT(A131,1)="E",RIGHT(A131,1)="H"),"",IF(IFERROR(VLOOKUP(A131,'Datos x Cja LK'!A:A,1,),"Falta en Consumo")=A131,"Ok",IFERROR(VLOOKUP(A131,'Datos x Cja LK'!A:A,1,),"Falta en Consumo")))) | G131: 0 | H131: =+C131-G131 -> 648
A132: 361E | B132: Rallador 4 Lados Ac Inox( | C132: 480 | E132: =+IF(A132="","",IF(OR(RIGHT(A132,1)="E",RIGHT(A132,1)="H"),"",IF(IFERROR(VLOOKUP(A132,'Datos x Cja LK'!A:A,1,),"Falta en Consumo")=A132,"Ok",IFERROR(VLOOKUP(A132,'Datos x Cja LK'!A:A,1,),"Falta en Consumo")))) | G132: 0 | H132: =+C132-G132 -> 480
A133: R | B133: Cuchillo De Untar Suelto | C133: 0 | E133: =+IF(A133="","",IF(OR(RIGHT(A133,1)="E",RIGHT(A133,1)="H"),"",IF(IFERROR(VLOOKUP(A133,'Datos x Cja LK'!A:A,1,),"Falta en Consumo")=A133,"Ok",IFERROR(VLOOKUP(A133,'Datos x Cja LK'!A:A,1,),"Falta en Consumo")))) -> Falta en Consumo | G133: 0 | H133: =+C133-G133 -> 0
A134: 328E | B134: Rallador Plano 3 Usos Ac | C134: 312 | E134: =+IF(A134="","",IF(OR(RIGHT(A134,1)="E",RIGHT(A134,1)="H"),"",IF(IFERROR(VLOOKUP(A134,'Datos x Cja LK'!A:A,1,),"Falta en Consumo")=A134,"Ok",IFERROR(VLOOKUP(A134,'Datos x Cja LK'!A:A,1,),"Falta en Consumo")))) | G134: 0 | H134: =+C134-G134 -> 312
A135: 360E | B135: Rallador 4 Lados A/I Mgo | C135: 180 | E135: =+IF(A135="","",IF(OR(RIGHT(A135,1)="E",RIGHT(A135,1)="H"),"",IF(IFERROR(VLOOKUP(A135,'Datos x Cja LK'!A:A,1,),"Falta en Consumo")=A135,"Ok",IFERROR(VLOOKUP(A135,'Datos x Cja LK'!A:A,1,),"Falta en Consumo")))) | G135: 0 | H135: =+C135-G135 -> 180
A136: 363E | B136: Rallador Gurmet Grano Fin | C136: 144 | E136: =+IF(A136="","",IF(OR(RIGHT(A136,1)="E",RIGHT(A136,1)="H"),"",IF(IFERROR(VLOOKUP(A136,'Datos x Cja LK'!A:A,1,),"Falta en Consumo")=A136,"Ok",IFERROR(VLOOKUP(A136,'Datos x Cja LK'!A:A,1,),"Falta en Consumo")))) | G136: 0 | H136: =+C136-G136 -> 144
A137: 810E | B137: Corta Queso Semiduros A/I | C137: 240 | E137: =+IF(A137="","",IF(OR(RIGHT(A137,1)="E",RIGHT(A137,1)="H"),"",IF(IFERROR(VLOOKUP(A137,'Datos x Cja LK'!A:A,1,),"Falta en Consumo")=A137,"Ok",IFERROR(VLOOKUP(A137,'Datos x Cja LK'!A:A,1,),"Falta en Consumo")))) | G137: 0 | H137: =+C137-G137 -> 240
A138: 230 | B138: Palo Amasar 30cm | C138: 0 | E138: =+IF(A138="","",IF(OR(RIGHT(A138,1)="E",RIGHT(A138,1)="H"),"",IF(IFERROR(VLOOKUP(A138,'Datos x Cja LK'!A:A,1,),"Falta en Consumo")=A138,"Ok",IFERROR(VLOOKUP(A138,'Datos x Cja LK'!A:A,1,),"Falta en Consumo")))) -> Falta en Consumo | G138: 0 | H138: =+C138-G138 -> 0
A139: 233 | B139: Palo Amasar 50cm | C139: 0 | E139: =+IF(A139="","",IF(OR(RIGHT(A139,1)="E",RIGHT(A139,1)="H"),"",IF(IFERROR(VLOOKUP(A139,'Datos x Cja LK'!A:A,1,),"Falta en Consumo")=A139,"Ok",IFERROR(VLOOKUP(A139,'Datos x Cja LK'!A:A,1,),"Falta en Consumo")))) -> Falta en Consumo | G139: 0 | H139: =+C139-G139 -> 0
A140: 436E | B140: Colador Acero Inox 14 Cm | C140: 0 | E140: =+IF(A140="","",IF(OR(RIGHT(A140,1)="E",RIGHT(A140,1)="H"),"",IF(IFERROR(VLOOKUP(A140,'Datos x Cja LK'!A:A,1,),"Falta en Consumo")=A140,"Ok",IFERROR(VLOOKUP(A140,'Datos x Cja LK'!A:A,1,),"Falta en Consumo")))) | G140: 0 | H140: =+C140-G140 -> 0
A141: 812E | B141: Corta Huevo | C141: 600 | E141: =+IF(A141="","",IF(OR(RIGHT(A141,1)="E",RIGHT(A141,1)="H"),"",IF(IFERROR(VLOOKUP(A141,'Datos x Cja LK'!A:A,1,),"Falta en Consumo")=A141,"Ok",IFERROR(VLOOKUP(A141,'Datos x Cja LK'!A:A,1,),"Falta en Consumo")))) | G141: 0 | H141: =+C141-G141 -> 600
A142: 437E | B142: Colador Acero Inox 16 Cm | C142: 912 | E142: =+IF(A142="","",IF(OR(RIGHT(A142,1)="E",RIGHT(A142,1)="H"),"",IF(IFERROR(VLOOKUP(A142,'Datos x Cja LK'!A:A,1,),"Falta en Consumo")=A142,"Ok",IFERROR(VLOOKUP(A142,'Datos x Cja LK'!A:A,1,),"Falta en Consumo")))) | G142: 0 | H142: =+C142-G142 -> 912
...

Sheet Est Madre CH 10-25
C3: en uso cajas
A5: Cod.Art. | B5: Descripcion | C5: Est Madre Uni | E5: Esta en Consumo?
A6: 98 | B6: Afila Cuchillo Mgo GE | C6: 0 | E6: =+IF(A6="","",IF(OR(RIGHT(A6,1)="E",RIGHT(A6,1)="H"),"",IF(IFERROR(VLOOKUP(A6,'Datos x Cja CH'!A:A,1,),"Falta en Consumo")=A6,"Ok",IFERROR(VLOOKUP(A6,'Datos x Cja CH'!A:A,1,),"Falta en Consumo")))) -> Ok
A7: 828 | B7: COLADOR 16 CM | C7: 0 | E7: =+IF(A7="","",IF(OR(RIGHT(A7,1)="E",RIGHT(A7,1)="H"),"",IF(IFERROR(VLOOKUP(A7,'Datos x Cja CH'!A:A,1,),"Falta en Consumo")=A7,"Ok",IFERROR(VLOOKUP(A7,'Datos x Cja CH'!A:A,1,),"Falta en Consumo")))) -> Ok
A8: 830 | B8: COLADOR 20 CM | C8: 0 | E8: =+IF(A8="","",IF(OR(RIGHT(A8,1)="E",RIGHT(A8,1)="H"),"",IF(IFERROR(VLOOKUP(A8,'Datos x Cja CH'!A:A,1,),"Falta en Consumo")=A8,"Ok",IFERROR(VLOOKUP(A8,'Datos x Cja CH'!A:A,1,),"Falta en Consumo")))) -> Ok
A9: 977 | B9: PLATOS INDIVIDUALES PIZZA X 6 | C9: 0 | E9: =+IF(A9="","",IF(OR(RIGHT(A9,1)="E",RIGHT(A9,1)="H"),"",IF(IFERROR(VLOOKUP(A9,'Datos x Cja CH'!A:A,1,),"Falta en Consumo")=A9,"Ok",IFERROR(VLOOKUP(A9,'Datos x Cja CH'!A:A,1,),"Falta en Consumo")))) -> Ok
E10: =+IF(A10="","",IF(OR(RIGHT(A10,1)="E",RIGHT(A10,1)="H"),"",IF(IFERROR(VLOOKUP(A10,'Datos x Cja CH'!A:A,1,),"Falta en Consumo")=A10,"Ok",IFERROR(VLOOKUP(A10,'Datos x Cja CH'!A:A,1,),"Falta en Consumo"))))
A11: 706 | B11: Abrelatas Uñas | C11: 3144 | E11: =+IF(A11="","",IF(OR(RIGHT(A11,1)="E",RIGHT(A11,1)="H"),"",IF(IFERROR(VLOOKUP(A11,'Datos x Cja CH'!A:A,1,),"Falta en Consumo")=A11,"Ok",IFERROR(VLOOKUP(A11,'Datos x Cja CH'!A:A,1,),"Falta en Consumo")))) -> Ok
A12: 99 | B12: Pelapapas Mgo Plast Verde | C12: 2976 | E12: =+IF(A12="","",IF(OR(RIGHT(A12,1)="E",RIGHT(A12,1)="H"),"",IF(IFERROR(VLOOKUP(A12,'Datos x Cja CH'!A:A,1,),"Falta en Consumo")=A12,"Ok",IFERROR(VLOOKUP(A12,'Datos x Cja CH'!A:A,1,),"Falta en Consumo")))) -> Ok
A13: 713 | B13: Pelapapas Metalico | C13: 2280 | E13: =+IF(A13="","",IF(OR(RIGHT(A13,1)="E",RIGHT(A13,1)="H"),"",IF(IFERROR(VLOOKUP(A13,'Datos x Cja CH'!A:A,1,),"Falta en Consumo")=A13,"Ok",IFERROR(VLOOKUP(A13,'Datos x Cja CH'!A:A,1,),"Falta en Consumo")))) -> Ok
A14: 702E | B14: Abrelatas Mariposa | C14: 1200 | E14: =+IF(A14="","",IF(OR(RIGHT(A14,1)="E",RIGHT(A14,1)="H"),"",IF(IFERROR(VLOOKUP(A14,'Datos x Cja CH'!A:A,1,),"Falta en Consumo")=A14,"Ok",IFERROR(VLOOKUP(A14,'Datos x Cja CH'!A:A,1,),"Falta en Consumo"))))
A15: 840 | B15: Rallador Cilindrico | C15: 2400 | E15: =+IF(A15="","",IF(OR(RIGHT(A15,1)="E",RIGHT(A15,1)="H"),"",IF(IFERROR(VLOOKUP(A15,'Datos x Cja CH'!A:A,1,),"Falta en Consumo")=A15,"Ok",IFERROR(VLOOKUP(A15,'Datos x Cja CH'!A:A,1,),"Falta en Consumo")))) -> Ok
A16: 809E | B16: Corta Queso Blandos Mango Alambre | C16: 1680 | E16: =+IF(A16="","",IF(OR(RIGHT(A16,1)="E",RIGHT(A16,1)="H"),"",IF(IFERROR(VLOOKUP(A16,'Datos x Cja CH'!A:A,1,),"Falta en Consumo")=A16,"Ok",IFERROR(VLOOKUP(A16,'Datos x Cja CH'!A:A,1,),"Falta en Consumo"))))
A17: 824 | B17: Colador 8 Cm | C17: 1920 | E17: =+IF(A17="","",IF(OR(RIGHT(A17,1)="E",RIGHT(A17,1)="H"),"",IF(IFERROR(VLOOKUP(A17,'Datos x Cja CH'!A:A,1,),"Falta en Consumo")=A17,"Ok",IFERROR(VLOOKUP(A17,'Datos x Cja CH'!A:A,1,),"Falta en Consumo")))) -> Ok
A18: 701 | B18: Abrelatas A Manija | C18: 618 | E18: =+IF(A18="","",IF(OR(RIGHT(A18,1)="E",RIGHT(A18,1)="H"),"",IF(IFERROR(VLOOKUP(A18,'Datos x Cja CH'!A:A,1,),"Falta en Consumo")=A18,"Ok",IFERROR(VLOOKUP(A18,'Datos x Cja CH'!A:A,1,),"Falta en Consumo")))) -> Ok
A19: 97 | B19: Afila Cuchillo Con Base V | C19: 840 | E19: =+IF(A19="","",IF(OR(RIGHT(A19,1)="E",RIGHT(A19,1)="H"),"",IF(IFERROR(VLOOKUP(A19,'Datos x Cja CH'!A:A,1,),"Falta en Consumo")=A19,"Ok",IFERROR(VLOOKUP(A19,'Datos x Cja CH'!A:A,1,),"Falta en Consumo")))) -> Ok
A20: 901 | B20: Cuchara Madera 35 Display X 12 | C20: 1440 | E20: =+IF(A20="","",IF(OR(RIGHT(A20,1)="E",RIGHT(A20,1)="H"),"",IF(IFERROR(VLOOKUP(A20,'Datos x Cja CH'!A:A,1,),"Falta en Consumo")=A20,"Ok",IFERROR(VLOOKUP(A20,'Datos x Cja CH'!A:A,1,),"Falta en Consumo")))) -> Ok
A21: 809 | B21: Corta Queso | C21: 1296 | E21: =+IF(A21="","",IF(OR(RIGHT(A21,1)="E",RIGHT(A21,1)="H"),"",IF(IFERROR(VLOOKUP(A21,'Datos x Cja CH'!A:A,1,),"Falta en Consumo")=A21,"Ok",IFERROR(VLOOKUP(A21,'Datos x Cja CH'!A:A,1,),"Falta en Consumo")))) -> Ok
A22: 836 | B22: Filtro Para Cafe | C22: 2400 | E22: =+IF(A22="","",IF(OR(RIGHT(A22,1)="E",RIGHT(A22,1)="H"),"",IF(IFERROR(VLOOKUP(A22,'Datos x Cja CH'!A:A,1,),"Falta en Consumo")=A22,"Ok",IFERROR(VLOOKUP(A22,'Datos x Cja CH'!A:A,1,),"Falta en Consumo")))) -> Ok
A23: 825 | B23: Colador 10 Cm | C23: 2328 | E23: =+IF(A23="","",IF(OR(RIGHT(A23,1)="E",RIGHT(A23,1)="H"),"",IF(IFERROR(VLOOKUP(A23,'Datos x Cja CH'!A:A,1,),"Falta en Consumo")=A23,"Ok",IFERROR(VLOOKUP(A23,'Datos x Cja CH'!A:A,1,),"Falta en Consumo")))) -> Ok
A24: 702 | B24: Abrelatas Mariposa | C24: 504 | E24: =+IF(A24="","",IF(OR(RIGHT(A24,1)="E",RIGHT(A24,1)="H"),"",IF(IFERROR(VLOOKUP(A24,'Datos x Cja CH'!A:A,1,),"Falta en Consumo")=A24,"Ok",IFERROR(VLOOKUP(A24,'Datos x Cja CH'!A:A,1,),"Falta en Consumo")))) -> Falta en Consumo
A25: 910 | B25: Bate Bife Display | C25: 864 | E25: =+IF(A25="","",IF(OR(RIGHT(A25,1)="E",RIGHT(A25,1)="H"),"",IF(IFERROR(VLOOKUP(A25,'Datos x Cja CH'!A:A,1,),"Falta en Consumo")=A25,"Ok",IFERROR(VLOOKUP(A25,'Datos x Cja CH'!A:A,1,),"Falta en Consumo")))) -> Ok
A26: 733E | B26: Sacacorcho Doble Impulso | C26: 792 | E26: =+IF(A26="","",IF(OR(RIGHT(A26,1)="E",RIGHT(A26,1)="H"),"",IF(IFERROR(VLOOKUP(A26,'Datos x Cja CH'!A:A,1,),"Falta en Consumo")=A26,"Ok",IFERROR(VLOOKUP(A26,'Datos x Cja CH'!A:A,1,),"Falta en Consumo"))))
A27: 922 | B27: Cuchara Madera 25 Display X 12 | C27: 696 | E27: =+IF(A27="","",IF(OR(RIGHT(A27,1)="E",RIGHT(A27,1)="H"),"",IF(IFERROR(VLOOKUP(A27,'Datos x Cja CH'!A:A,1,),"Falta en Consumo")=A27,"Ok",IFERROR(VLOOKUP(A27,'Datos x Cja CH'!A:A,1,),"Falta en Consumo")))) -> Ok
A28: 847 | B28: Espatula Repostera Plasti | C28: 1440 | E28: =+IF(A28="","",IF(OR(RIGHT(A28,1)="E",RIGHT(A28,1)="H"),"",IF(IFERROR(VLOOKUP(A28,'Datos x Cja CH'!A:A,1,),"Falta en Consumo")=A28,"Ok",IFERROR(VLOOKUP(A28,'Datos x Cja CH'!A:A,1,),"Falta en Consumo")))) -> Ok
A29: 802 | B29: Batidor Pera Display | C29: 540 | E29: =+IF(A29="","",IF(OR(RIGHT(A29,1)="E",RIGHT(A29,1)="H"),"",IF(IFERROR(VLOOKUP(A29,'Datos x Cja CH'!A:A,1,),"Falta en Consumo")=A29,"Ok",IFERROR(VLOOKUP(A29,'Datos x Cja CH'!A:A,1,),"Falta en Consumo")))) -> Ok
A30: 727E | B30: Sacacorcho Doble Impulso | C30: 240 | E30: =+IF(A30="","",IF(OR(RIGHT(A30,1)="E",RIGHT(A30,1)="H"),"",IF(IFERROR(VLOOKUP(A30,'Datos x Cja CH'!A:A,1,),"Falta en Consumo")=A30,"Ok",IFERROR(VLOOKUP(A30,'Datos x Cja CH'!A:A,1,),"Falta en Consumo"))))
A31: 817 | B31: Tapon De Gaseosa X 1 Negr | C31: 312 | E31: =+IF(A31="","",IF(OR(RIGHT(A31,1)="E",RIGHT(A31,1)="H"),"",IF(IFERROR(VLOOKUP(A31,'Datos x Cja CH'!A:A,1,),"Falta en Consumo")=A31,"Ok",IFERROR(VLOOKUP(A31,'Datos x Cja CH'!A:A,1,),"Falta en Consumo")))) -> Ok
A32: 725E | B32: Sacacorcho Cabo De Madera | C32: 1080 | E32: =+IF(A32="","",IF(OR(RIGHT(A32,1)="E",RIGHT(A32,1)="H"),"",IF(IFERROR(VLOOKUP(A32,'Datos x Cja CH'!A:A,1,),"Falta en Consumo")=A32,"Ok",IFERROR(VLOOKUP(A32,'Datos x Cja CH'!A:A,1,),"Falta en Consumo"))))
A33: 609 | B33: Pisa Papas | C33: 480 | E33: =+IF(A33="","",IF(OR(RIGHT(A33,1)="E",RIGHT(A33,1)="H"),"",IF(IFERROR(VLOOKUP(A33,'Datos x Cja CH'!A:A,1,),"Falta en Consumo")=A33,"Ok",IFERROR(VLOOKUP(A33,'Datos x Cja CH'!A:A,1,),"Falta en Consumo")))) -> Ok
A34: 731 | B34: Sacacocrcho Combinado Col | C34: 264 | E34: =+IF(A34="","",IF(OR(RIGHT(A34,1)="E",RIGHT(A34,1)="H"),"",IF(IFERROR(VLOOKUP(A34,'Datos x Cja CH'!A:A,1,),"Falta en Consumo")=A34,"Ok",IFERROR(VLOOKUP(A34,'Datos x Cja CH'!A:A,1,),"Falta en Consumo")))) -> Ok
A35: 723 | B35: Sacacorcho Doble Aleta | C35: 372 | E35: =+IF(A35="","",IF(OR(RIGHT(A35,1)="E",RIGHT(A35,1)="H"),"",IF(IFERROR(VLOOKUP(A35,'Datos x Cja CH'!A:A,1,),"Falta en Consumo")=A35,"Ok",IFERROR(VLOOKUP(A35,'Datos x Cja CH'!A:A,1,),"Falta en Consumo")))) -> Ok
A36: 730 | B36: Sacacorcho Tipo Mozo Colo | C36: 600 | E36: =+IF(A36="","",IF(OR(RIGHT(A36,1)="E",RIGHT(A36,1)="H"),"",IF(IFERROR(VLOOKUP(A36,'Datos x Cja CH'!A:A,1,),"Falta en Consumo")=A36,"Ok",IFERROR(VLOOKUP(A36,'Datos x Cja CH'!A:A,1,),"Falta en Consumo")))) -> Ok
A37: 911 | B37: Cuchara Madera 30 Display X 12 | C37: 336 | E37: =+IF(A37="","",IF(OR(RIGHT(A37,1)="E",RIGHT(A37,1)="H"),"",IF(IFERROR(VLOOKUP(A37,'Datos x Cja CH'!A:A,1,),"Falta en Consumo")=A37,"Ok",IFERROR(VLOOKUP(A37,'Datos x Cja CH'!A:A,1,),"Falta en Consumo")))) -> Ok
A38: 789 | B38: Pisa Papa Nylon | C38: 1056 | E38: =+IF(A38="","",IF(OR(RIGHT(A38,1)="E",RIGHT(A38,1)="H"),"",IF(IFERROR(VLOOKUP(A38,'Datos x Cja CH'!A:A,1,),"Falta en Consumo")=A38,"Ok",IFERROR(VLOOKUP(A38,'Datos x Cja CH'!A:A,1,),"Falta en Consumo")))) -> Ok
A39: 909 | B39: Ñoquera Display | C39: 276 | E39: =+IF(A39="","",IF(OR(RIGHT(A39,1)="E",RIGHT(A39,1)="H"),"",IF(IFERROR(VLOOKUP(A39,'Datos x Cja CH'!A:A,1,),"Falta en Consumo")=A39,"Ok",IFERROR(VLOOKUP(A39,'Datos x Cja CH'!A:A,1,),"Falta en Consumo")))) -> Ok
A40: 729E | B40: Sac Doble Aleta Fund Eco | C40: 276 | E40: =+IF(A40="","",IF(OR(RIGHT(A40,1)="E",RIGHT(A40,1)="H"),"",IF(IFERROR(VLOOKUP(A40,'Datos x Cja CH'!A:A,1,),"Falta en Consumo")=A40,"Ok",IFERROR(VLOOKUP(A40,'Datos x Cja CH'!A:A,1,),"Falta en Consumo"))))
A41: 725 | B41: Sacacorcho Cabo De Madera | C41: 480 | E41: =+IF(A41="","",IF(OR(RIGHT(A41,1)="E",RIGHT(A41,1)="H"),"",IF(IFERROR(VLOOKUP(A41,'Datos x Cja CH'!A:A,1,),"Falta en Consumo")=A41,"Ok",IFERROR(VLOOKUP(A41,'Datos x Cja CH'!A:A,1,),"Falta en Consumo")))) -> Ok
A42: 43 | B42: Tres En Uno | C42: 240 | E42: =+IF(A42="","",IF(OR(RIGHT(A42,1)="E",RIGHT(A42,1)="H"),"",IF(IFERROR(VLOOKUP(A42,'Datos x Cja CH'!A:A,1,),"Falta en Consumo")=A42,"Ok",IFERROR(VLOOKUP(A42,'Datos x Cja CH'!A:A,1,),"Falta en Consumo")))) -> Ok
A43: 763 | B43: Bombilla Resorte Tradicio | C43: 480 | E43: =+IF(A43="","",IF(OR(RIGHT(A43,1)="E",RIGHT(A43,1)="H"),"",IF(IFERROR(VLOOKUP(A43,'Datos x Cja CH'!A:A,1,),"Falta en Consumo")=A43,"Ok",IFERROR(VLOOKUP(A43,'Datos x Cja CH'!A:A,1,),"Falta en Consumo")))) -> Ok
A44: 692E | B44: Pelador "V" Horizontal | C44: 240 | E44: =+IF(A44="","",IF(OR(RIGHT(A44,1)="E",RIGHT(A44,1)="H"),"",IF(IFERROR(VLOOKUP(A44,'Datos x Cja CH'!A:A,1,),"Falta en Consumo")=A44,"Ok",IFERROR(VLOOKUP(A44,'Datos x Cja CH'!A:A,1,),"Falta en Consumo"))))
A45: 839 | B45: Rallador Chico Chocolate | C45: 180 | E45: =+IF(A45="","",IF(OR(RIGHT(A45,1)="E",RIGHT(A45,1)="H"),"",IF(IFERROR(VLOOKUP(A45,'Datos x Cja CH'!A:A,1,),"Falta en Consumo")=A45,"Ok",IFERROR(VLOOKUP(A45,'Datos x Cja CH'!A:A,1,),"Falta en Consumo")))) -> Ok
A46: 902 | B46: Cuchara Madera 45 Display X 12 | C46: 228 | E46: =+IF(A46="","",IF(OR(RIGHT(A46,1)="E",RIGHT(A46,1)="H"),"",IF(IFERROR(VLOOKUP(A46,'Datos x Cja CH'!A:A,1,),"Falta en Consumo")=A46,"Ok",IFERROR(VLOOKUP(A46,'Datos x Cja CH'!A:A,1,),"Falta en Consumo")))) -> Ok
A47: 760 | B47: Filtro Para Bombilla | C47: 288 | E47: =+IF(A47="","",IF(OR(RIGHT(A47,1)="E",RIGHT(A47,1)="H"),"",IF(IFERROR(VLOOKUP(A47,'Datos x Cja CH'!A:A,1,),"Falta en Consumo")=A47,"Ok",IFERROR(VLOOKUP(A47,'Datos x Cja CH'!A:A,1,),"Falta en Consumo")))) -> Ok
A48: 816 | B48: Tapon Gaseosa | C48: 204 | E48: =+IF(A48="","",IF(OR(RIGHT(A48,1)="E",RIGHT(A48,1)="H"),"",IF(IFERROR(VLOOKUP(A48,'Datos x Cja CH'!A:A,1,),"Falta en Consumo")=A48,"Ok",IFERROR(VLOOKUP(A48,'Datos x Cja CH'!A:A,1,),"Falta en Consumo")))) -> Ok
A49: 877E | B49: Corta Pizza Con Mgo Chino | C49: 204 | E49: =+IF(A49="","",IF(OR(RIGHT(A49,1)="E",RIGHT(A49,1)="H"),"",IF(IFERROR(VLOOKUP(A49,'Datos x Cja CH'!A:A,1,),"Falta en Consumo")=A49,"Ok",IFERROR(VLOOKUP(A49,'Datos x Cja CH'!A:A,1,),"Falta en Consumo"))))
A50: 700 | B50: Destapaca Corona Pint. X | C50: 96 | E50: =+IF(A50="","",IF(OR(RIGHT(A50,1)="E",RIGHT(A50,1)="H"),"",IF(IFERROR(VLOOKUP(A50,'Datos x Cja CH'!A:A,1,),"Falta en Consumo")=A50,"Ok",IFERROR(VLOOKUP(A50,'Datos x Cja CH'!A:A,1,),"Falta en Consumo")))) -> Ok
A51: 307 | B51: Limpia Mamadera A/I | C51: 360 | E51: =+IF(A51="","",IF(OR(RIGHT(A51,1)="E",RIGHT(A51,1)="H"),"",IF(IFERROR(VLOOKUP(A51,'Datos x Cja CH'!A:A,1,),"Falta en Consumo")=A51,"Ok",IFERROR(VLOOKUP(A51,'Datos x Cja CH'!A:A,1,),"Falta en Consumo")))) -> Ok
A52: 769 | B52: Bomb. Autolimpiante Ac. I | C52: 240 | E52: =+IF(A52="","",IF(OR(RIGHT(A52,1)="E",RIGHT(A52,1)="H"),"",IF(IFERROR(VLOOKUP(A52,'Datos x Cja CH'!A:A,1,),"Falta en Consumo")=A52,"Ok",IFERROR(VLOOKUP(A52,'Datos x Cja CH'!A:A,1,),"Falta en Consumo")))) -> Ok
A53: 863 | B53: Corta Pizza Grande | C53: 48 | E53: =+IF(A53="","",IF(OR(RIGHT(A53,1)="E",RIGHT(A53,1)="H"),"",IF(IFERROR(VLOOKUP(A53,'Datos x Cja CH'!A:A,1,),"Falta en Consumo")=A53,"Ok",IFERROR(VLOOKUP(A53,'Datos x Cja CH'!A:A,1,),"Falta en Consumo")))) -> Ok
A54: 764 | B54: Limpia Bombilla | C54: 504 | E54: =+IF(A54="","",IF(OR(RIGHT(A54,1)="E",RIGHT(A54,1)="H"),"",IF(IFERROR(VLOOKUP(A54,'Datos x Cja CH'!A:A,1,),"Falta en Consumo")=A54,"Ok",IFERROR(VLOOKUP(A54,'Datos x Cja CH'!A:A,1,),"Falta en Consumo")))) -> Ok
A55: 920 | B55: Cuchara Madera 40 Display X 12 | C55: 144 | E55: =+IF(A55="","",IF(OR(RIGHT(A55,1)="E",RIGHT(A55,1)="H"),"",IF(IFERROR(VLOOKUP(A55,'Datos x Cja CH'!A:A,1,),"Falta en Consumo")=A55,"Ok",IFERROR(VLOOKUP(A55,'Datos x Cja CH'!A:A,1,),"Falta en Consumo")))) -> Ok
A56: 842 | B56: Espatula Lisa Plastica | C56: 120 | E56: =+IF(A56="","",IF(OR(RIGHT(A56,1)="E",RIGHT(A56,1)="H"),"",IF(IFERROR(VLOOKUP(A56,'Datos x Cja CH'!A:A,1,),"Falta en Consumo")=A56,"Ok",IFERROR(VLOOKUP(A56,'Datos x Cja CH'!A:A,1,),"Falta en Consumo")))) -> Ok
A57: 846 | B57: Espatula Calada Plastica | C57: 192 | E57: =+IF(A57="","",IF(OR(RIGHT(A57,1)="E",RIGHT(A57,1)="H"),"",IF(IFERROR(VLOOKUP(A57,'Datos x Cja CH'!A:A,1,),"Falta en Consumo")=A57,"Ok",IFERROR(VLOOKUP(A57,'Datos x Cja CH'!A:A,1,),"Falta en Consumo")))) -> Ok
A58: 867 | B58: Filtro De Tela Gastronomi | C58: 312 | E58: =+IF(A58="","",IF(OR(RIGHT(A58,1)="E",RIGHT(A58,1)="H"),"",IF(IFERROR(VLOOKUP(A58,'Datos x Cja CH'!A:A,1,),"Falta en Consumo")=A58,"Ok",IFERROR(VLOOKUP(A58,'Datos x Cja CH'!A:A,1,),"Falta en Consumo")))) -> Ok
A59: 712E | B59: Pelador Mgo Plastico Econ | C59: 240 | E59: =+IF(A59="","",IF(OR(RIGHT(A59,1)="E",RIGHT(A59,1)="H"),"",IF(IFERROR(VLOOKUP(A59,'Datos x Cja CH'!A:A,1,),"Falta en Consumo")=A59,"Ok",IFERROR(VLOOKUP(A59,'Datos x Cja CH'!A:A,1,),"Falta en Consumo"))))
A60: 720 | B60: Ahueca Papa | C60: 24 | E60: =+IF(A60="","",IF(OR(RIGHT(A60,1)="E",RIGHT(A60,1)="H"),"",IF(IFERROR(VLOOKUP(A60,'Datos x Cja CH'!A:A,1,),"Falta en Consumo")=A60,"Ok",IFERROR(VLOOKUP(A60,'Datos x Cja CH'!A:A,1,),"Falta en Consumo")))) -> Ok
A61: 800 | B61: Pinza Chica Display | C61: 72 | E61: =+IF(A61="","",IF(OR(RIGHT(A61,1)="E",RIGHT(A61,1)="H"),"",IF(IFERROR(VLOOKUP(A61,'Datos x Cja CH'!A:A,1,),"Falta en Consumo")=A61,"Ok",IFERROR(VLOOKUP(A61,'Datos x Cja CH'!A:A,1,),"Falta en Consumo")))) -> Ok
A62: 55 | B62: Pinza De Ensalada*Arte* | C62: 96 | E62: =+IF(A62="","",IF(OR(RIGHT(A62,1)="E",RIGHT(A62,1)="H"),"",IF(IFERROR(VLOOKUP(A62,'Datos x Cja CH'!A:A,1,),"Falta en Consumo")=A62,"Ok",IFERROR(VLOOKUP(A62,'Datos x Cja CH'!A:A,1,),"Falta en Consumo")))) -> Ok
A63: 615 | B63: Batidor Resorte | C63: 60 | E63: =+IF(A63="","",IF(OR(RIGHT(A63,1)="E",RIGHT(A63,1)="H"),"",IF(IFERROR(VLOOKUP(A63,'Datos x Cja CH'!A:A,1,),"Falta en Consumo")=A63,"Ok",IFERROR(VLOOKUP(A63,'Datos x Cja CH'!A:A,1,),"Falta en Consumo")))) -> Ok
A64: 859 | B64: Corta Ravioles | C64: 72 | E64: =+IF(A64="","",IF(OR(RIGHT(A64,1)="E",RIGHT(A64,1)="H"),"",IF(IFERROR(VLOOKUP(A64,'Datos x Cja CH'!A:A,1,),"Falta en Consumo")=A64,"Ok",IFERROR(VLOOKUP(A64,'Datos x Cja CH'!A:A,1,),"Falta en Consumo")))) -> Ok
A65: 864 | B65: Pincel Pastelero | C65: 48 | E65: =+IF(A65="","",IF(OR(RIGHT(A65,1)="E",RIGHT(A65,1)="H"),"",IF(IFERROR(VLOOKUP(A65,'Datos x Cja CH'!A:A,1,),"Falta en Consumo")=A65,"Ok",IFERROR(VLOOKUP(A65,'Datos x Cja CH'!A:A,1,),"Falta en Consumo")))) -> Ok
A66: 845 | B66: Cucharon Plastico | C66: 168 | E66: =+IF(A66="","",IF(OR(RIGHT(A66,1)="E",RIGHT(A66,1)="H"),"",IF(IFERROR(VLOOKUP(A66,'Datos x Cja CH'!A:A,1,),"Falta en Consumo")=A66,"Ok",IFERROR(VLOOKUP(A66,'Datos x Cja CH'!A:A,1,),"Falta en Consumo")))) -> Ok
A67: 53 | B67: Pinza De Fiambre*Arte* X 12 | C67: 48 | E67: =+IF(A67="","",IF(OR(RIGHT(A67,1)="E",RIGHT(A67,1)="H"),"",IF(IFERROR(VLOOKUP(A67,'Datos x Cja CH'!A:A,1,),"Falta en Consumo")=A67,"Ok",IFERROR(VLOOKUP(A67,'Datos x Cja CH'!A:A,1,),"Falta en Consumo")))) -> Ok
A68: 708 | B68: Sacafuentes Articulado | C68: 72 | E68: =+IF(A68="","",IF(OR(RIGHT(A68,1)="E",RIGHT(A68,1)="H"),"",IF(IFERROR(VLOOKUP(A68,'Datos x Cja CH'!A:A,1,),"Falta en Consumo")=A68,"Ok",IFERROR(VLOOKUP(A68,'Datos x Cja CH'!A:A,1,),"Falta en Consumo")))) -> Ok
A69: 719 | B69: Cuch Untar Mgo Madera X2 | C69: 72 | E69: =+IF(A69="","",IF(OR(RIGHT(A69,1)="E",RIGHT(A69,1)="H"),"",IF(IFERROR(VLOOKUP(A69,'Datos x Cja CH'!A:A,1,),"Falta en Consumo")=A69,"Ok",IFERROR(VLOOKUP(A69,'Datos x Cja CH'!A:A,1,),"Falta en Consumo")))) -> Ok
A70: 735 | B70: Sacacorcho Ergonomico Plast | C70: 96 | E70: =+IF(A70="","",IF(OR(RIGHT(A70,1)="E",RIGHT(A70,1)="H"),"",IF(IFERROR(VLOOKUP(A70,'Datos x Cja CH'!A:A,1,),"Falta en Consumo")=A70,"Ok",IFERROR(VLOOKUP(A70,'Datos x Cja CH'!A:A,1,),"Falta en Consumo")))) -> Ok
A71: 878 | B71: Cuchillitos De Untar Mgo | C71: 240 | E71: =+IF(A71="","",IF(OR(RIGHT(A71,1)="E",RIGHT(A71,1)="H"),"",IF(IFERROR(VLOOKUP(A71,'Datos x Cja CH'!A:A,1,),"Falta en Consumo")=A71,"Ok",IFERROR(VLOOKUP(A71,'Datos x Cja CH'!A:A,1,),"Falta en Consumo")))) -> Ok
... A103: 818 | B103: Corta Torta Plast | C103: 0 | E103: =+IF(A103="","",IF(OR(RIGHT(A103,1)="E",RIGHT(A103,1)="H"),"",IF(IFERROR(VLOOKUP(A103,'Datos x Cja CH'!A:A,1,),"Falta en Consumo")=A103,"Ok",IFERROR(VLOOKUP(A103,'Datos x Cja CH'!A:A,1,),"Falta en Consumo")))) -> Ok
A104: 690E | B104: Mariposa Magnetica | C104: 24 | E104: =+IF(A104="","",IF(OR(RIGHT(A104,1)="E",RIGHT(A104,1)="H"),"",IF(IFERROR(VLOOKUP(A104,'Datos x Cja CH'!A:A,1,),"Falta en Consumo")=A104,"Ok",IFERROR(VLOOKUP(A104,'Datos x Cja CH'!A:A,1,),"Falta en Consumo"))))
A105: 865E | B105: Rallador Plano A/I 3 Usos | C105: 120 | E105: =+IF(A105="","",IF(OR(RIGHT(A105,1)="E",RIGHT(A105,1)="H"),"",IF(IFERROR(VLOOKUP(A105,'Datos x Cja CH'!A:A,1,),"Falta en Consumo")=A105,"Ok",IFERROR(VLOOKUP(A105,'Datos x Cja CH'!A:A,1,),"Falta en Consumo"))))
A106: 868E | B106: Rallador 4 Lados A/I Mgo | C106: 0 | E106: =+IF(A106="","",IF(OR(RIGHT(A106,1)="E",RIGHT(A106,1)="H"),"",IF(IFERROR(VLOOKUP(A106,'Datos x Cja CH'!A:A,1,),"Falta en Consumo")=A106,"Ok",IFERROR(VLOOKUP(A106,'Datos x Cja CH'!A:A,1,),"Falta en Consumo"))))
A107: 801 | B107: Pinza Grande Display | C107: 24 | E107: =+IF(A107="","",IF(OR(RIGHT(A107,1)="E",RIGHT(A107,1)="H"),"",IF(IFERROR(VLOOKUP(A107,'Datos x Cja CH'!A:A,1,),"Falta en Consumo")=A107,"Ok",IFERROR(VLOOKUP(A107,'Datos x Cja CH'!A:A,1,),"Falta en Consumo")))) -> Ok
A108: 61 | B108: Pinza Chica Detalles Bco Azul | C108: 0 | E108: =+IF(A108="","",IF(OR(RIGHT(A108,1)="E",RIGHT(A108,1)="H"),"",IF(IFERROR(VLOOKUP(A108,'Datos x Cja CH'!A:A,1,),"Falta en Consumo")=A108,"Ok",IFERROR(VLOOKUP(A108,'Datos x Cja CH'!A:A,1,),"Falta en Consumo")))) -> Ok
A109: 724 | B109: Espumante | C109: 0 | E109: =+IF(A109="","",IF(OR(RIGHT(A109,1)="E",RIGHT(A109,1)="H"),"",IF(IFERROR(VLOOKUP(A109,'Datos x Cja CH'!A:A,1,),"Falta en Consumo")=A109,"Ok",IFERROR(VLOOKUP(A109,'Datos x Cja CH'!A:A,1,),"Falta en Consumo")))) -> Ok
A110: 762 | B110: Bombilla Resorte Chata | C110: 24 | E110: =+IF(A110="","",IF(OR(RIGHT(A110,1)="E",RIGHT(A110,1)="H"),"",IF(IFERROR(VLOOKUP(A110,'Datos x Cja CH'!A:A,1,),"Falta en Consumo")=A110,"Ok",IFERROR(VLOOKUP(A110,'Datos x Cja CH'!A:A,1,),"Falta en Consumo")))) -> Ok
A111: 765 | B111: Sacayerba | C111: 0 | E111: =+IF(A111="","",IF(OR(RIGHT(A111,1)="E",RIGHT(A111,1)="H"),"",IF(IFERROR(VLOOKUP(A111,'Datos x Cja CH'!A:A,1,),"Falta en Consumo")=A111,"Ok",IFERROR(VLOOKUP(A111,'Datos x Cja CH'!A:A,1,),"Falta en Consumo")))) -> Ok
A112: 890E | B112: Pincel Silicona 11 Gms | C112: 252 | E112: =+IF(A112="","",IF(OR(RIGHT(A112,1)="E",RIGHT(A112,1)="H"),"",IF(IFERROR(VLOOKUP(A112,'Datos x Cja CH'!A:A,1,),"Falta en Consumo")=A112,"Ok",IFERROR(VLOOKUP(A112,'Datos x Cja CH'!A:A,1,),"Falta en Consumo"))))
E113: =+IF(A113="","",IF(OR(RIGHT(A113,1)="E",RIGHT(A113,1)="H"),"",IF(IFERROR(VLOOKUP(A113,'Datos x Cja CH'!A:A,1,),"Falta en Consumo")=A113,"Ok",IFERROR(VLOOKUP(A113,'Datos x Cja CH'!A:A,1,),"Falta en Consumo"))))
E114: =+IF(A114="","",IF(OR(RIGHT(A114,1)="E",RIGHT(A114,1)="H"),"",IF(IFERROR(VLOOKUP(A114,'Datos x Cja CH'!A:A,1,),"Falta en Consumo")=A114,"Ok",IFERROR(VLOOKUP(A114,'Datos x Cja CH'!A:A,1,),"Falta en Consumo"))))
A115: Cod.Art. | B115: Descripcion | C115: Est Madre Uni | E115: =+IF(A115="","",IF(OR(RIGHT(A115,1)="E",RIGHT(A115,1)="H"),"",IF(IFERROR(VLOOKUP(A115,'Datos x Cja CH'!A:A,1,),"Falta en Consumo")=A115,"Ok",IFERROR(VLOOKUP(A115,'Datos x Cja CH'!A:A,1,),"Falta en Consumo")))) -> Falta en Consumo
A116: 110K | B116: Abrelatas Manija Krea | C116: 0 | E116: =+IF(A116="","",IF(OR(RIGHT(A116,1)="E",RIGHT(A116,1)="H"),"",IF(IFERROR(VLOOKUP(A116,'Datos x Cja CH'!A:A,1,),"Falta en Consumo")=A116,"Ok",IFERROR(VLOOKUP(A116,'Datos x Cja CH'!A:A,1,),"Falta en Consumo")))) -> Ok
A117: 111K | B117: Abrelatas Mariposa Krea | C117: 0 | E117: =+IF(A117="","",IF(OR(RIGHT(A117,1)="E",RIGHT(A117,1)="H"),"",IF(IFERROR(VLOOKUP(A117,'Datos x Cja CH'!A:A,1,),"Falta en Consumo")=A117,"Ok",IFERROR(VLOOKUP(A117,'Datos x Cja CH'!A:A,1,),"Falta en Consumo")))) -> Ok
A118: 112K | B118: Abrelata Uña | C118: 0 | E118: =+IF(A118="","",IF(OR(RIGHT(A118,1)="E",RIGHT(A118,1)="H"),"",IF(IFERROR(VLOOKUP(A118,'Datos x Cja CH'!A:A,1,),"Falta en Consumo")=A118,"Ok",IFERROR(VLOOKUP(A118,'Datos x Cja CH'!A:A,1,),"Falta en Consumo")))) -> Ok
A119: 114K | B119: Sacacorcho Combinado Pint | C119: 0 | E119: =+IF(A119="","",IF(OR(RIGHT(A119,1)="E",RIGHT(A119,1)="H"),"",IF(IFERROR(VLOOKUP(A119,'Datos x Cja CH'!A:A,1,),"Falta en Consumo")=A119,"Ok",IFERROR(VLOOKUP(A119,'Datos x Cja CH'!A:A,1,),"Falta en Consumo")))) -> Ok
A120: 115K | B120: Sacacorcho Tipo Mozo Pint | C120: 0 | E120: =+IF(A120="","",IF(OR(RIGHT(A120,1)="E",RIGHT(A120,1)="H"),"",IF(IFERROR(VLOOKUP(A120,'Datos x Cja CH'!A:A,1,),"Falta en Consumo")=A120,"Ok",IFERROR(VLOOKUP(A120,'Datos x Cja CH'!A:A,1,),"Falta en Consumo")))) -> Ok
A121: 118K | B121: Afila Cuchillo | C121: 0 | E121: =+IF(A121="","",IF(OR(RIGHT(A121,1)="E",RIGHT(A121,1)="H"),"",IF(IFERROR(VLOOKUP(A121,'Datos x Cja CH'!A:A,1,),"Falta en Consumo")=A121,"Ok",IFERROR(VLOOKUP(A121,'Datos x Cja CH'!A:A,1,),"Falta en Consumo")))) -> Ok
A122: 121K | B122: Corta Queso | C122: 0 | E122: =+IF(A122="","",IF(OR(RIGHT(A122,1)="E",RIGHT(A122,1)="H"),"",IF(IFERROR(VLOOKUP(A122,'Datos x Cja CH'!A:A,1,),"Falta en Consumo")=A122,"Ok",IFERROR(VLOOKUP(A122,'Datos x Cja CH'!A:A,1,),"Falta en Consumo")))) -> Ok
A123: 126K | B123: Pelador Mgo Metalico | C123: 0 | E123: =+IF(A123="","",IF(OR(RIGHT(A123,1)="E",RIGHT(A123,1)="H"),"",IF(IFERROR(VLOOKUP(A123,'Datos x Cja CH'!A:A,1,),"Falta en Consumo")=A123,"Ok",IFERROR(VLOOKUP(A123,'Datos x Cja CH'!A:A,1,),"Falta en Consumo")))) -> Ok
A124: 128K | B124: Batidor Pera | C124: 0 | E124: =+IF(A124="","",IF(OR(RIGHT(A124,1)="E",RIGHT(A124,1)="H"),"",IF(IFERROR(VLOOKUP(A124,'Datos x Cja CH'!A:A,1,),"Falta en Consumo")=A124,"Ok",IFERROR(VLOOKUP(A124,'Datos x Cja CH'!A:A,1,),"Falta en Consumo")))) -> Ok
A125: 129K | B125: Cuchillo De Untae X2 | C125: 0 | E125: =+IF(A125="","",IF(OR(RIGHT(A125,1)="E",RIGHT(A125,1)="H"),"",IF(IFERROR(VLOOKUP(A125,'Datos x Cja CH'!A:A,1,),"Falta en Consumo")=A125,"Ok",IFERROR(VLOOKUP(A125,'Datos x Cja CH'!A:A,1,),"Falta en Consumo")))) -> Ok
A126: 139K | B126: Pisa Papa | C126: 0 | E126: =+IF(A126="","",IF(OR(RIGHT(A126,1)="E",RIGHT(A126,1)="H"),"",IF(IFERROR(VLOOKUP(A126,'Datos x Cja CH'!A:A,1,),"Falta en Consumo")=A126,"Ok",IFERROR(VLOOKUP(A126,'Datos x Cja CH'!A:A,1,),"Falta en Consumo")))) -> Falta en Consumo
A127: 150K | B127: Cuchara De Madera 35Cm | C127: 0 | E127: =+IF(A127="","",IF(OR(RIGHT(A127,1)="E",RIGHT(A127,1)="H"),"",IF(IFERROR(VLOOKUP(A127,'Datos x Cja CH'!A:A,1,),"Falta en Consumo")=A127,"Ok",IFERROR(VLOOKUP(A127,'Datos x Cja CH'!A:A,1,),"Falta en Consumo")))) -> Ok
A128: 163K | B128: Cuchara De Madera De 30 C | C128: 0 | E128: =+IF(A128="","",IF(OR(RIGHT(A128,1)="E",RIGHT(A128,1)="H"),"",IF(IFERROR(VLOOKUP(A128,'Datos x Cja CH'!A:A,1,),"Falta en Consumo")=A128,"Ok",IFERROR(VLOOKUP(A128,'Datos x Cja CH'!A:A,1,),"Falta en Consumo")))) -> Ok
E129: =+IF(A129="","",IF(OR(RIGHT(A129,1)="E",RIGHT(A129,1)="H"),"",IF(IFERROR(VLOOKUP(A129,'Datos x Cja CH'!A:A,1,),"Falta en Consumo")=A129,"Ok",IFERROR(VLOOKUP(A129,'Datos x Cja CH'!A:A,1,),"Falta en Consumo"))))
A130: 717 | B130: Cuchillo de Untar Acrilico Transp. | C130: 0 | E130: =+IF(A130="","",IF(OR(RIGHT(A130,1)="E",RIGHT(A130,1)="H"),"",IF(IFERROR(VLOOKUP(A130,'Datos x Cja CH'!A:A,1,),"Falta en Consumo")=A130,"Ok",IFERROR(VLOOKUP(A130,'Datos x Cja CH'!A:A,1,),"Falta en Consumo")))) -> Ok
A131: 912 | B131: Tenedor Madera 35cm | C131: 0 | E131: =+IF(A131="","",IF(OR(RIGHT(A131,1)="E",RIGHT(A131,1)="H"),"",IF(IFERROR(VLOOKUP(A131,'Datos x Cja CH'!A:A,1,),"Falta en Consumo")=A131,"Ok",IFERROR(VLOOKUP(A131,'Datos x Cja CH'!A:A,1,),"Falta en Consumo")))) -> Ok
A132: 862 | B132: Corta Pizza Mgo Chef 6cm | C132: 180 | E132: =+IF(A132="","",IF(OR(RIGHT(A132,1)="E",RIGHT(A132,1)="H"),"",IF(IFERROR(VLOOKUP(A132,'Datos x Cja CH'!A:A,1,),"Falta en Consumo")=A132,"Ok",IFERROR(VLOOKUP(A132,'Datos x Cja CH'!A:A,1,),"Falta en Consumo")))) -> Ok
A133: 747 | B133: Bombilla Coco Hexagonal | C133: 24 | E133: =+IF(A133="","",IF(OR(RIGHT(A133,1)="E",RIGHT(A133,1)="H"),"",IF(IFERROR(VLOOKUP(A133,'Datos x Cja CH'!A:A,1,),"Falta en Consumo")=A133,"Ok",IFERROR(VLOOKUP(A133,'Datos x Cja CH'!A:A,1,),"Falta en Consumo")))) -> Ok
A134: 748 | B134: Bombilla Coco Bolita | C134: 0 | E134: =+IF(A134="","",IF(OR(RIGHT(A134,1)="E",RIGHT(A134,1)="H"),"",IF(IFERROR(VLOOKUP(A134,'Datos x Cja CH'!A:A,1,),"Falta en Consumo")=A134,"Ok",IFERROR(VLOOKUP(A134,'Datos x Cja CH'!A:A,1,),"Falta en Consumo")))) -> Falta en Consumo
...

Sheet Datos x Cja LK
C1: Nº Caja | D1: Cons Mens | E1: Medidas (mm)
C2: 1 | D2: =SUMIFS($E$18:$E$153,$D$18:$D$153,C2) -> 1910 | E2: 240*167*113
C3: 2 | D3: =SUMIFS($E$18:$E$153,$D$18:$D$153,C3) -> 2725.9667 | E3: 270*165*115
C4: 6 | D4: =SUMIFS($E$18:$E$153,$D$18:$D$153,C4) -> 160 | E4: 410*225*145
C5: 7 | D5: =SUMIFS($E$18:$E$153,$D$18:$D$153,C5) -> 188 | E5: 280*247*162
C6: 10 | D6: =SUMIFS($E$18:$E$153,$D$18:$D$153,C6) -> 424.16667 | E6: 405*218*210
C7: 12 | D7: =SUMIFS($E$18:$E$153,$D$18:$D$153,C7) -> 1275.023 | E7: 320*215*100
C8: 13 | D8: =SUMIFS($E$18:$E$153,$D$18:$D$153,C8) -> 472 | E8: 285*170*140
C9: 14 | D9: =SUMIFS($E$18:$E$153,$D$18:$D$153,C9) -> 0 | E9: 325*315*190
C10: 15 | D10: =SUMIFS($E$18:$E$153,$D$18:$D$153,C10) -> 0 | E10: 140*470*150 | G10: 15 | I10: 9.3333333
C11: 16 | D11: =SUMIFS($E$18:$E$153,$D$18:$D$153,C11) -> 27 | E11: 145*370*150
C12: 22 | D12: =SUMIFS($E$18:$E$153,$D$18:$D$153,C12) -> 5112.3333 | E12: 100*165*210
C13: 27 | D13: =SUMIFS($E$18:$E$153,$D$18:$D$153,C13) -> 78 | E13: 540*205*100
C14: 28 | D14: =SUMIFS($E$18:$E$153,$D$18:$D$153,C14) -> 0 | E14: 600*360*270
C15: 29 | D15: =SUMIFS($E$18:$E$153,$D$18:$D$153,C15) -> 5955 | E15: 210*140*80
A17: Cod. Art. | B17: Descripcion Articulo | C17: UxB | D17: N° Caja | E17: Cons 2024
A18: 26 | B18: COLADOR N°8 | C18: 36 | D18: 2 | E18: =+IFERROR(VLOOKUP(A18,'Est Madre LK 10-25'!$A:$C,3,0),0)/C18 -> 201 | G18: =IF(F18="ver",A18,"")
A19: 27 | B19: COLADOR N°10 | C19: 24 | D19: 2 | E19: =+IFERROR(VLOOKUP(A19,'Est Madre LK 10-25'!$A:$C,3,0),0)/C19 -> 188 | G19: =IF(F19="ver",A19,"")
A20: 29 | B20: COLADOR N°16 | C20: 24 | D20: 6 | E20: =+IFERROR(VLOOKUP(A20,'Est Madre LK 10-25'!$A:$C,3,0),0)/C20 -> 0
A21: 30 | B21: COLADOR N°20 | C21: 24 | D21: 10 | E21: =+IFERROR(VLOOKUP(A21,'Est Madre LK 10-25'!$A:$C,3,0),0)/C21 -> 0
A22: 31 | B22: FILTRO DE CAFE | C22: 24 | D22: 22 | E22: =+IFERROR(VLOOKUP(A22,'Est Madre LK 10-25'!$A:$C,3,0),0)/C22 -> 758
A23: 34 | B23: FILTRO DE CAFE GASTRONOMICO | C23: 24 | D23: 2 | E23: =+IFERROR(VLOOKUP(A23,'Est Madre LK 10-25'!$A:$C,3,0),0)/C23 -> 64 | G23: =IF(F23="ver",A23,"")
A24: 57 | B24: DESTAPA CORONA X1 CROMADO | C24: 12 | D24: 29 | E24: =+IFERROR(VLOOKUP(A24,'Est Madre LK 10-25'!$A:$C,3,0),0)/C24 -> 62 | G24: =IF(F24="ver",A24,"")
A25: 58 | B25: CIERRA BOLSA X2 | C25: 12 | D25: 22 | E25: =+IFERROR(VLOOKUP(A25,'Est Madre LK 10-25'!$A:$C,3,0),0)/C25 -> 26 | G25: =IF(F25="ver",A25,"")
A26: 59 | B26: CUCHILLITO DE UNTAR PLAST | C26: 12 | D26: 22 | E26: =+IFERROR(VLOOKUP(A26,'Est Madre LK 10-25'!$A:$C,3,0),0)/C26 -> 12 | G26: =IF(F26="ver",A26,"")
A27: 66 | B27: Abrelata Super Mariposa | C27: 12 | D27: 2 | E27: =+IFERROR(VLOOKUP(A27,'Est Madre LK 10-25'!$A:$C,3,0),0)/C27 -> 175 | G27: =IF(F27="ver",A27,"")
A28: 67 | B28: Sacacorcho Zincado | C28: 60 | D28: 2 | E28: =+IFERROR(VLOOKUP(A28,'Est Madre LK 10-25'!$A:$C,3,0),0)/C28 -> 14 | G28: =IF(F28="ver",A28,"")
A29: 70 | B29: Set de Taper x3 | C29: 4 | D29: 10 | E29: 12 | G29: =IF(F29="ver",A29,"")
A30: 101 | B30: Abr Manija Loke | C30: 12 | D30: 22 | E30: =+IFERROR(VLOOKUP(A30,'Est Madre LK 10-25'!$A:$C,3,0),0)/C30 -> 25 | G30: =IF(F30="ver",A30,"")
A31: 104 | B31: Sac Ergo Loke | C31: 12 | D31: 22 | E31: =+IFERROR(VLOOKUP(A31,'Est Madre LK 10-25'!$A:$C,3,0),0)/C31 -> 95 | G31: =IF(F31="ver",A31,"")
A32: 108 | B32: Pel Mgo Met Loke | C32: 12 | D32: 22 | E32: =+IFERROR(VLOOKUP(A32,'Est Madre LK 10-25'!$A:$C,3,0),0)/C32 -> 34 | G32: =IF(F32="ver",A32,"")
A33: 110 | B33: Colador N° 8 Loke | C33: 36 | D33: 2 | E33: =+IFERROR(VLOOKUP(A33,'Est Madre LK 10-25'!$A:$C,3,0),0)/C33 -> 33.333333 | G33: =IF(F33="ver",A33,"")
A34: 111 | B34: Colador N°10 Loke | C34: 24 | D34: 2 | E34: =+IFERROR(VLOOKUP(A34,'Est Madre LK 10-25'!$A:$C,3,0),0)/C34 -> 23 | G34: =IF(F34="ver",A34,"")
A35: 112 | B35: Ø 16 Env. Loke | C35: 12 | D35: 6 | E35: =+IFERROR(VLOOKUP(A35,'Est Madre LK 10-25'!$A:$C,3,0),0)/C35 -> 30 | G35: =IF(F35="ver",A35,"")
A36: 113 | B36: Colador N°20 Loke | C36: 12 | D36: 10 | E36: =+IFERROR(VLOOKUP(A36,'Est Madre LK 10-25'!$A:$C,3,0),0)/C36 -> 30 | G36: =IF(F36="ver",A36,"")
A37: 114 | B37: Afila Cuch Loke | C37: 6 | D37: 1 | E37: =+IFERROR(VLOOKUP(A37,'Est Madre LK 10-25'!$A:$C,3,0),0)/C37 -> 44 | G37: =IF(F37="ver",A37,"")
A38: 115 | B38: Batidor Pera Loke | C38: 12 | D38: 6 | E38: =+IFERROR(VLOOKUP(A38,'Est Madre LK 10-25'!$A:$C,3,0),0)/C38 -> 26 | G38: =IF(F38="ver",A38,"")
A39: 116 | B39: Corta Pizza Loke | C39: 12 | D39: 2 | E39: =+IFERROR(VLOOKUP(A39,'Est Madre LK 10-25'!$A:$C,3,0),0)/C39 -> 50 | G39: =IF(F39="ver",A39,"")
A40: 119 | B40: Corta Quesos Mgo Alamb Loke | C40: 12 | D40: 1 | E40: =+IFERROR(VLOOKUP(A40,'Est Madre LK 10-25'!$A:$C,3,0),0)/C40 -> 50 | G40: =IF(F40="ver",A40,"")
A41: 121 | B41: Pisa Papas Loke | C41: 12 | D41: 13 | E41: =+IFERROR(VLOOKUP(A41,'Est Madre LK 10-25'!$A:$C,3,0),0)/C41 -> 38 | G41: =IF(F41="ver",A41,"")
... A145: 823 | B145: EXPRIMIDOR DE CITRICOS | C145: 6 | D145: 7 | E145: =+IFERROR(VLOOKUP(A145,'Est Madre LK 10-25'!$A:$C,3,0),0)/C145 -> 18 | G145: =IF(F145="ver",A145,"")
A146: 035E | B146: Cernidor de Harina | C146: 12 | D146: 10 | E146: =+IFERROR(VLOOKUP(A146,'Est Madre LK 10-25'!$A:$C,3,0),0)/C146 -> 15
A147: 437E | B147: Colador 16cm | C147: 24 | D147: 6 | E147: =+IFERROR(VLOOKUP(A147,'Est Madre LK 10-25'!$A:$C,3,0),0)/C147 -> 38
A148: 438E | B148: Colador 20cm | C148: 24 | D148: 10 | E148: =+IFERROR(VLOOKUP(A148,'Est Madre LK 10-25'!$A:$C,3,0),0)/C148 -> 29.166667
A149: 439E | B149: Colador de Pasta | C149: 6 | D149: 10 | E149: =+IFERROR(VLOOKUP(A149,'Est Madre LK 10-25'!$A:$C,3,0),0)/C149 -> 20
A150: 440E | B150: Colador Extensible | C150: 4 | D150: 10 | E150: =+IFERROR(VLOOKUP(A150,'Est Madre LK 10-25'!$A:$C,3,0),0)/C150 -> 30
A151: 582E | B151: Salero | C151: 24 | D151: 16 | E151: =+IFERROR(VLOOKUP(A151,'Est Madre LK 10-25'!$A:$C,3,0),0)/C151 -> 27
A152: 583E | B152: Especiero Bamboo | C152: 15 | D152: 2 | E152: =+IFERROR(VLOOKUP(A152,'Est Madre LK 10-25'!$A:$C,3,0),0)/C152 -> 29
A153: 590E | B153: Pincel Silicona 11grs. | C153: 29 | D153: 12 | E153: =+IFERROR(VLOOKUP(A153,'Est Madre LK 10-25'!$A:$C,3,0),0)/C153 -> 20.689655
B155: DISCONTINUOS
A156: 1 | B156: PELAPAPAS ZINCADO | C156: 24 | D156: 2
A157: 2 | B157: ABRELATAS MARIP ZINC | C157: 12 | D157: 2
A158: 3 | B158: SACAC. TIPO MOZO ZINCADO | C158: 24 | D158: 22
A159: 4 | B159: TAPON DE GASEOSA X 1 | C159: 24 | D159: 22
A160: 5 | B160: ABRELATAS MANIJA ZINCADO | C160: 12 | D160: 2
A161: 6 | B161: AHUECA PAPAS MGO MAD | C161: 12 | D161: 22
A162: 7 | B162: AHUECA FRUTAS MGO MAD | C162: 12 | D162: 22
A163: 8 | B163: SACAC COMB ZINCADO | C163: 24 | D163: 22
A164: 11 | B164: ABRELATAS UÑA ZINCADO | C164: 12 | D164: 22
A165: 12 | B165: ROMPENUECES ZINCADO | C165: 12 | D165: 2
A166: 13 | B166: SACAFUENTES ART ZINCADO | C166: 12 | D166: 2
A167: 14 | B167: DESTAPA CORONA ZINCADO | C167: 24 | D167: 22
... A180: 51 | B180: LIMPIA BOMBILLA | C180: 36 | D180: 2
A181: 025D | B181: COLADOR N°7 | C181: 36 | D181: 2
A182: 028D | B182: COLADOR N°13 | C182: 24 | D182: 7
A183: 029D | B183: COLADOR N°16 | C183: 24 | D183: 10
A184: 477D | B184: AFLOJA TAPITA | C184: 12 | D184: 22
A185: 027M | B185: 820612-COLADOR N°10 ALAMBRE | C185: 24 | D185: 2
A186: 030M | B186: 820729-COLADOR N°20 ALAMBRE | C186: 24 | D186: 10
A187: 055D | B187: SACAFUENTE ALAMBRE | C187: 24 | D187: 6
A188: 101M | B188: 74230-PELAPAPA METALICO ARO | C188: 24 | D188: 2
A189: 102M | B189: 74243-DESTAPACORONA x 2 ARO | C189: 24 | D189: 22
A190: 104M | B190: 74282-ABRELATAS MANIJA ARO | C190: 24 | D190: 10
A191: 107M | B191: 74334-ABRELATAS UÑA ARO | C191: 24 | D191: 22
A192: 190D | B192: COLADOR N°7 PINTADO | C192: 36 | D192: 2
... A202: 331D | B202: ESP. REPOST.DE GOMA COMUN | C202: 24 | D202: 12
A203: 360EN15 | B203: Rallador 4 lados a/l mgo | C203: 24 | D203: P
A204: 361EN15 | B204: Rallador 4 lados ac inox( | C204: 24 | D204: P
A205: 388EN15 | B205: Maquina corta papa
A206: 478EN14 | B206: Sac. doble impulso pintad | D206: P
A207: 502M | B207: ABRELATAS MARIPOSA | C207: 12 | D207: 2
A208: 503EN | B208: ABRELATA DOBLE ENGRAN. | C208: 12 | D208: P
A209: 503MEN16 | B209: 1090245-abrelata doble en | D209: P
A210: 505M | B210: 918463-PELAPAPAS MGO PLASTICO | C210: 12 | D210: 29
A211: 521M | B211: 918437-SACACORCHO COMBINADO CR | C211: 12 | D211: 29
A212: 522D | B212: SACACORCHO CUSTOM | C212: 12 | D212: 29
A213: 524MEN10 | B213: 918359-sacac. fish c/cort | D213: P
A214: 525EN11 | B214: Sac. Cabo de Madera | D214: P
A215: 527D | B215: SACACORCHO C/CORTA PLOMO CROM | C215: 12 | D215: 29
A216: 528D | B216: SACACORCHO C/CORTA PLOMO PINT | C216: 12 | D216: 29
A217: 529EN10 | B217: Sac. Doble Impulso Acero | D217: P
A218: 529EN11 | B218: Sac. Doble Impulso Acero | D218: P
A219: 529MEN10 | B219: 133367-sacacorcho doble i | D219: P
A220: 544ENS | B220: batidor pera | D220: P
A221: 544M | B221: 820573-BATIDOR PERA ALAMBRE | C221: 12 | D221: 6
A222: 546M | B222: 883896-CORTA QUESO | C222: 12 | D222: 22
A223: 563D | B223: PINZA DE HAMBURGUESAS | C223: 36 | D223: 6
A224: 574D | B224: CORTA QUESO DE ALAMBRE | C224: 12 | D224: 22
A225: 580D | B225: MINI BATIDOR X 1 | C225: 12 | D225: 29
A226: 585MEN16 | B226: 1090297-saca. doble aleta | C226: 12 | D226: P
...

Sheet Datos x Cja CH
C1: Nº Caja | D1: Cons Mens | I1: CHEF | J1: Uni x Pqte | K1: Paq x Fila | L1: Total Filas | M1: Total Espacio Pqte | N1: Total Uni
C2: 1 | D2: =+SUMIFS($E$18:$E$475,$D$18:$D$475,$C2) -> 595 | J2: 25 | K2: 150 | L2: 1 | M2: =+K2*L2 -> 150 | N2: =+M2*J2 -> 3750
C3: 2 | D3: =+SUMIFS($E$18:$E$475,$D$18:$D$475,$C3) -> 542 | J3: 25 | K3: 80 | L3: 1 | M3: =+K3*L3 -> 80 | N3: =+M3*J3 -> 2000
C4: 5 | D4: =+SUMIFS($E$18:$E$475,$D$18:$D$475,$C4) -> 0 | J4: 25 | K4: 28 | L4: 2 | M4: =+K4*L4 -> 56 | N4: =+M4*J4 -> 1400
C5: 6 | D5: =+SUMIFS($E$18:$E$475,$D$18:$D$475,$C5) -> 27 | J5: 25 | K5: 30 | L5: 1 | M5: =+K5*L5 -> 30 | N5: =+M5*J5 -> 750
C6: 8 | D6: =+SUMIFS($E$18:$E$475,$D$18:$D$475,$C6) -> 59 | J6: 25 | K6: 40 | L6: 1 | M6: =+K6*L6 -> 40 | N6: =+M6*J6 -> 1000
C7: 9 | D7: =+SUMIFS($E$18:$E$475,$D$18:$D$475,$C7) -> 0 | J7: 25 | K7: - | L7: - | M7: - | N7: -
C8: 10 | D8: =+SUMIFS($E$18:$E$475,$D$18:$D$475,$C8) -> 218 | J8: 25 | K8: 50 | L8: 1 | M8: =+K8*L8 -> 50 | N8: =+M8*J8 -> 1250
C9: 12 | D9: =+SUMIFS($E$18:$E$475,$D$18:$D$475,$C9) -> 291 | J9: 25 | K9: 50 | L9: 1 | M9: =+K9*L9 -> 50 | N9: =+M9*J9 -> 1250
C10: 13 | D10: =+SUMIFS($E$18:$E$475,$D$18:$D$475,$C10) -> 85 | J10: 25 | K10: - | L10: - | M10: - | N10: -
C11: 14 | D11: =+SUMIFS($E$18:$E$475,$D$18:$D$475,$C11) -> 0 | J11: 25 | K11: - | L11: - | M11: - | N11: -
C12: 15 | D12: =+SUMIFS($E$18:$E$475,$D$18:$D$475,$C12) -> 0 | J12: 25 | K12: - | L12: - | M12: - | N12: -
C13: 16 | D13: =+SUMIFS($E$18:$E$475,$D$18:$D$475,$C13) -> 0 | J13: 25 | K13: - | L13: - | M13: - | N13: -
C14: 22 | D14: =+SUMIFS($E$18:$E$475,$D$18:$D$475,$C14) -> 454 | J14: 25 | K14: 60 | L14: 1 | M14: =+K14*L14 -> 60 | N14: =+M14*J14 -> 1500
C15: 27 | D15: =+SUMIFS($E$18:$E$475,$D$18:$D$475,$C15) -> 31 | J15: 25 | K15: - | L15: - | M15: - | N15: -
C16: 29 | D16: =+SUMIFS($E$18:$E$475,$D$18:$D$475,$C16) -> 282 | J16: 25 | K16: 60 | L16: 1 | M16: =+K16*L16 -> 60 | N16: =+M16*J16 -> 1500
A18: Cod. Art. | B18: Descripcion Articulo | C18: U x C | D18: N° Caja | E18: Cons 2024
A19: 43 | B19: TRES EN UNO | C19: 12 | D19: 22 | E19: =+IFERROR(VLOOKUP(A19,'Est Madre CH 10-25'!$A:$E,3,0),0)/C19 -> 20
A20: 52 | B20: LAVAVAJILLA C/MGO.ARTE | C20: 12 | D20: 8 | E20: =+IFERROR(VLOOKUP(A20,'Est Madre CH 10-25'!$A:$E,3,0),0)/C20 -> 2
A21: 53 | B21: PINZA DE FIAMBRE*ARTE* | C21: 12 | D21: 12 | E21: =+IFERROR(VLOOKUP(A21,'Est Madre CH 10-25'!$A:$E,3,0),0)/C21 -> 4
A22: 54 | B22: PINZA DE ENSALADAS*ARTE* | C22: 12 | D22: 12 | E22: =+IFERROR(VLOOKUP(A22,'Est Madre CH 10-25'!$A:$E,3,0),0)/C22 -> 2
A23: 55 | B23: PINZA DE FIDEOS*ARTE* | C23: 12 | D23: 12 | E23: =+IFERROR(VLOOKUP(A23,'Est Madre CH 10-25'!$A:$E,3,0),0)/C23 -> 8
A24: 97 | B24: AFILA CUCHILLO CON BASE V | C24: 6 | D24: 1 | E24: =+IFERROR(VLOOKUP(A24,'Est Madre CH 10-25'!$A:$E,3,0),0)/C24 -> 140
A25: 99 | B25: PELAPAPAS MGO PLAST VERDE | C25: 12 | D25: 1 | E25: =+IFERROR(VLOOKUP(A25,'Est Madre CH 10-25'!$A:$E,3,0),0)/C25 -> 248
A26: 307 | B26: LIMPIA MAMADERA A/I | C26: 24 | D26: 6 | E26: =+IFERROR(VLOOKUP(A26,'Est Madre CH 10-25'!$A:$E,3,0),0)/C26 -> 15
A27: 437E | B27: Colador 16cm | C27: 24 | D27: 6 | E27: =+IFERROR(VLOOKUP(A27,'Est Madre CH 10-25'!$A:$E,3,0),0)/C27 -> 7
A28: 438E | B28: Colador 20cm | C28: 24 | D28: 10 | E28: =+IFERROR(VLOOKUP(A28,'Est Madre CH 10-25'!$A:$E,3,0),0)/C28 -> 14
A29: 609 | B29: PISA PAPAS | C29: 12 | D29: 13 | E29: =+IFERROR(VLOOKUP(A29,'Est Madre CH 10-25'!$A:$E,3,0),0)/C29 -> 40
A30: 615 | B30: BATIDOR RESORTE | C30: 12 | D30: 2 | E30: =+IFERROR(VLOOKUP(A30,'Est Madre CH 10-25'!$A:$E,3,0),0)/C30 -> 5
A31: 630 | B31: Cucharon ac inox c/mgo Ch | C31: 12 | D31: 12 | E31: =+IFERROR(VLOOKUP(A31,'Est Madre CH 10-25'!$A:$E,3,0),0)/C31 -> 6
A32: 631 | B32: Espumadera ac inox c/Mgo | C32: 24 | D32: 12 | E32: =+IFERROR(VLOOKUP(A32,'Est Madre CH 10-25'!$A:$E,3,0),0)/C32 -> 2
A33: 632 | B33: Pinche ac inox c/mgo Chef | C33: 24 | D33: 12 | E33: =+IFERROR(VLOOKUP(A33,'Est Madre CH 10-25'!$A:$E,3,0),0)/C33 -> 1
A34: 633 | B34: Cuchara ac inox c/mgo Che | C34: 24 | D34: 12 | E34: =+IFERROR(VLOOKUP(A34,'Est Madre CH 10-25'!$A:$E,3,0),0)/C34 -> 1.5
A35: 634 | B35: Cuchara calada ac inox c/ | C35: 24 | D35: 12 | E35: =+IFERROR(VLOOKUP(A35,'Est Madre CH 10-25'!$A:$E,3,0),0)/C35 -> 0.5
A36: 635 | B36: Espatula lisa ac inox c/m | C36: 24 | D36: 12 | E36: =+IFERROR(VLOOKUP(A36,'Est Madre CH 10-25'!$A:$E,3,0),0)/C36 -> 2
A37: 636 | B37: Espatula de ac inox c/mgo | C37: 24 | D37: 12 | E37: =+IFERROR(VLOOKUP(A37,'Est Madre CH 10-25'!$A:$E,3,0),0)/C37 -> 2
A38: 637 | B38: Cuchara spaghetti c/mgo C | C38: 12 | D38: 12 | E38: =+IFERROR(VLOOKUP(A38,'Est Madre CH 10-25'!$A:$E,3,0),0)/C38 -> 1
A39: 700 | B39: DESTAPACA CORONA PINT. X | C39: 12 | D39: 29 | E39: =+IFERROR(VLOOKUP(A39,'Est Madre CH 10-25'!$A:$E,3,0),0)/C39 -> 8
A40: 701 | B40: ABRELATAS A MANIJA | C40: 6 | D40: 22 | E40: =+IFERROR(VLOOKUP(A40,'Est Madre CH 10-25'!$A:$E,3,0),0)/C40 -> 103
... A77: 830 | B77: COLADOR N° 20 CM. | C77: 24 | D77: 10 | E77: =+IFERROR(VLOOKUP(A77,'Est Madre CH 10-25'!$A:$E,3,0),0)/C77 -> 0
A78: 834 | D78: 6
A79: 835 | D79: 10
A80: 836 | B80: FILTRO PARA CAFE | C80: 24 | D80: 22 | E80: =+IFERROR(VLOOKUP(A80,'Est Madre CH 10-25'!$A:$E,3,0),0)/C80 -> 100
A81: 839 | B81: RALLADOR CHICO CHOCOLATE | C81: 12 | D81: 13 | E81: =+IFERROR(VLOOKUP(A81,'Est Madre CH 10-25'!$A:$E,3,0),0)/C81 -> 15
A82: 840 | B82: RALLADOR CILINDRICO | C82: 12 | D82: 10 | E82: =+IFERROR(VLOOKUP(A82,'Est Madre CH 10-25'!$A:$E,3,0),0)/C82 -> 200
A83: 842 | B83: ESPATULA PALA PLASTICA | C83: 24 | D83: 12 | E83: =+IFERROR(VLOOKUP(A83,'Est Madre CH 10-25'!$A:$E,3,0),0)/C83 -> 5
A84: 843 | B84: CUCHARA CALADA PLASTICA | C84: 24 | D84: 12 | E84: =+IFERROR(VLOOKUP(A84,'Est Madre CH 10-25'!$A:$E,3,0),0)/C84 -> 2
A85: 844 | B85: CUCHARA PULPO PLASTICA | C85: 24 | D85: 8 | E85: =+IFERROR(VLOOKUP(A85,'Est Madre CH 10-25'!$A:$E,3,0),0)/C85 -> 2
A86: 845 | B86: CUCHARON PLASTICO | C86: 24 | D86: 8 | E86: =+IFERROR(VLOOKUP(A86,'Est Madre CH 10-25'!$A:$E,3,0),0)/C86 -> 7
A87: 846 | B87: ESPATULA CALADA PLASTICA | C87: 24 | D87: 12 | E87: =+IFERROR(VLOOKUP(A87,'Est Madre CH 10-25'!$A:$E,3,0),0)/C87 -> 8
A88: 847 | B88: ESPATULA REPOSTERA PLASTI | C88: 24 | D88: 2 | E88: =+IFERROR(VLOOKUP(A88,'Est Madre CH 10-25'!$A:$E,3,0),0)/C88 -> 60
A89: 848 | B89: ESPATULA REPOSTERA PLAST | C89: 24 | D89: 2 | E89: =+IFERROR(VLOOKUP(A89,'Est Madre CH 10-25'!$A:$E,3,0),0)/C89 -> 1
A90: 852 | B90: PINZA HIELO DISPLAY | C90: 12 | D90: 1 | E90: =+IFERROR(VLOOKUP(A90,'Est Madre CH 10-25'!$A:$E,3,0),0)/C90 -> 5
A91: 856 | B91: PALA TORTA | C91: 24 | D91: 6 | E91: =+IFERROR(VLOOKUP(A91,'Est Madre CH 10-25'!$A:$E,3,0),0)/C91 -> 4
... A110: 922 | B110: CUCHARA MADERA 25 DISPLAY | C110: 12 | D110: 2 | E110: =+IFERROR(VLOOKUP(A110,'Est Madre CH 10-25'!$A:$E,3,0),0)/C110 -> 58
B112: DISCONTINUOS
A113: 9 | B113: TRES EN UNO VERDE | C113: 24 | D113: 13
A114: 26 | B114: PINZA DE FIDEOS AC INOX V | C114: 12 | D114: 8
A115: 28 | B115: PISA PAPAS AC. INOX VERDE | C115: 12 | D115: 12
A116: 29 | B116: BATIDOR RESORTE | C116: 24 | D116: 6
A117: 33 | B117: CUCHARON AC INOXIDABLE VE | C117: 12 | D117: 12
A118: 34 | B118: ESPUMADERA AC INOX VERDE | C118: 12 | D118: 12
A119: 36 | B119: CUCHARA AC INOX VERDE | C119: 12 | D119: 12
A120: 37 | B120: CUCHARA CALADA AC INOX VE | C120: 12 | D120: 12
A121: 42 | B121: ABRELATAS MARIPOSA PLAST. | C121: 12 | D121: 13
A122: 51 | B122: PINZA DE FIAMBRE VERDE | C122: 12 | D122: 8
A123: 62 | B123: ESPATULA LISA VERDE | C123: 12 | D123: 12
A124: 63 | B124: DESTAPACORONA VERDE X1 | C124: 12 | D124: 29
... A191: 1094 | B191: ESPATULA CALADA NYLON | C191: 24 | D191: 12
A192: 109K | B192: CUCHARA DE HELADO | C192: 60 | D192: 13
A193: 113K | B193: SACACORCHO CABO MAD. | C193: 12 | D193: 13
A194: 116K | B194: SACACORCHO DOBLE ALETA | C194: 12 | D194: 2
A195: 119K | B195: AHUECA PAPA | C195: 12 | D195: 2
A196: 120K | B196: CORTA PIZZA ACERO INOX | C196: 12 | D196: 22
A197: 125K | B197: DESCAROZADOR DE ACEITUNA | C197: 12 | D197: 2
A198: 127K | B198: BATIDORES CHICO X2 | C198: 24 | D198: 1
A199: 138K | B199: PALA DE CANELONES | C199: 24 | D199: 8
A200: 141K | B200: RALLADOR CHICO | C200: 12 | D200: 13
A201: 143K | B201: RALLADOR CILINDRICO | C201: 12 | D201: 10
A202: 145K | B202: PINZA ENSALADA ACERO INOX | C202: 12 | D202: 12
A203: 146K | B203: PINZA DE FIAMBRE ACERO IN | C203: 12 | D203: 12
... A231: 916D | B231: ESPATULA REPOSTERA DISPLA | C231: 60 | D231: 13
A232: 56 | B232: DESCAROZADOR DE ACEITUNAS | C232: 24 | D232: 13
A233: 61 | B233: PINZA CHICA REFORZADA PAR | C233: 12 | D233: 12
A234: 64 | B234: PINCHE BROCHETTE POR 4 | C234: 12 | D234: 12
A235: 711 | B235: PELADOR MGO PLASTICO | C235: 24 | D235: 2
A236: 724 | B236: SACACORCHO ESPUMANTE | C236: 24 | D236: 8
A237: 726 | B237: SAC.DOBLE ALETA LINEA NUE | C237: 12 | D237: 8
A238: 750 | B238: BOMBILLA BASICA CORTA CUR | C238: 24 | D238: 1
A239: 751 | B239: BOMBILLA BASICA CORTA REC | C239: 24 | D239: 1
A240: 756 | B240: BOMBILLA COCO CURVA ENTR | C240: 24 | D240: 1
A241: 765 | B241: SACA YERBA | C241: 36 | D241: 2
A242: 766 | B242: BOMB.SUPER NIQUEL.LARG.RE | C242: 24 | D242: 1
A243: 767 | B243: BOMB.SUPER NIQUEL.LARG.CU | C243: 24 | D243: 1
... A254: 879 | B254: SET X 3 ESPATULAS PLASTIC | C254: 24 | D254: 8
A255: 912 | B255: TENEDOR | C255: #N/A | D255: #N/A
A256: 110K | B256: ABRELATAS MANIJA KREA | C256: 24 | D256: 7
A257: 111K | B257: ABRELATAS MARIPOSA KREA | C257: 24 | D257: 13
A258: 112K | B258: ABRELATA UÑA | C258: 24 | D258: 1
A259: 114K | B259: SACACORCHO COMBINADO PINT | C259: 12 | D259: 1
...

Sheet Datos x Cja TN
A1: Nº Caja | B1: Cons Mens Paq | C1: Uni x Pqte | D1: Total Uni
A2: 1 | B2: 0 | C2: 25 | D2: =+B2*C2 -> 0
A3: 2 | B3: 0 | C3: 25 | D3: =+B3*C3 -> 0
A4: 5 | B4: 0 | C4: 25 | D4: =+B4*C4 -> 0
A5: 6 | B5: 0 | C5: 25 | D5: =+B5*C5 -> 0
A6: 8 | B6: 0 | C6: 25 | D6: =+B6*C6 -> 0
A7: 9 | B7: 0 | C7: 25 | D7: =+B7*C7 -> 0
A8: 10 | B8: 3.16 | C8: 25 | D8: =+B8*C8 -> 79
A9: 12 | B9: 6.56 | C9: 25 | D9: =+B9*C9 -> 164
A10: 13 | B10: 0.24 | C10: 25 | D10: =+B10*C10 -> 6
A11: 14 | B11: 0 | C11: 25 | D11: =+B11*C11 -> 0
A12: 22 | B12: 0.4 | C12: 25 | D12: =+B12*C12 -> 10
A13: 27 | B13: 0 | C13: 25 | D13: =+B13*C13 -> 0
A14: 29 | B14: 0 | C14: 25 | D14: =+B14*C14 -> 0
