Workbook

Sheet Planimetría & Nota de Ped.
B1: Fecha: | F1: Cotado Por:
B2: Listado Cartones Loekemeyer | I2: Stocks | L2: Pedido
B3: Tipo | C3: Ubic | D3: COD. | E3: Lin. | F3: Cartón | G3: ART. | H3: Vta. 2017 | I3: Stock Max | J3: Stock Min | K3: Stock Real | L3: Ped. | M3: Ped Correg
B4: Bolsa | C4: A2 | D4: 031D | E4: Lk | F4: Bolsa | G4: Filtro De Cafe | H4: 12813.714 | I4: =+J4*2 -> 25627.429 | J4: =+H4 -> 12813.714
C5: A2 | D5: 034D | E5: Lk | F5: Bolsa | G5: Filtro De Cafe Gastronomico | H5: 970.28571 | I5: =+J5*2 -> 1940.5714 | J5: =+H5 -> 970.28571
C6: A2 | D6: 516S | E6: Lk | F6: Bolsa | G6: Destapacorona Suelto | H6: 305 | I6: =+J6*2 -> 610 | J6: =+H6 -> 305
C7: A2 | D7: 35 | E7: P.P | F7: Bolsa | G7: Filtro De Cafe | H7: 1356 | I7: =+J7*2 -> 2712 | J7: =+H7 -> 1356
B8: Linea Lkmeyer / Aro | C8: B1 | D8: 324D | E8: Lk | F8: Pliegos Utensilios | G8: Pinche De Choclo X4 | H8: 42
C9: B1 | D9: 322D | E9: Lk | F9: Pliegos Utensilios | G9: Tenedor De Copetin X6 Unid | H9: 130.28571
C10: B1 | E10: Lk | F10: Pliegos Utensilios | H10: =SUM(H8:H9) -> 172.28571 | I10: =+J10*2 -> 344.57143 | J10: =+H10 -> 172.28571
C11: B1 | D11: 552D | E11: Lk | F11: Pliegos x 16 | G11: Bombilla Sup Niq Larga Recta | H11: 258
C12: B1 | D12: 553D | E12: Lk | F12: Pliegos x 16 | G12: Bombilla Super Niq Larga Curva | H12: 244
C13: B1 | D13: 554D | E13: Lk | F13: Pliegos x 16 | G13: Cucharita Matera | H13: 243.42857
C14: B1 | D14: 555D | E14: Lk | F14: Pliegos x 16 | G14: Cepillo Limpia Bombilla | H14: 1163.4286
C15: B1 | D15: 557D | E15: Lk | F15: Pliegos x 16 | G15: Bombilla Resorte Chata | H15: 230.85714
C16: B1 | D16: 558D | E16: Lk | F16: Pliegos x 16 | G16: Bombilla Resorte Tradicio | H16: 208
C17: B1 | D17: 654D | E17: Lk | F17: Pliegos x 16 | G17: Bombilla Autolimpiante Inox | H17: 788.57143
C18: B1 | D18: 657D | E18: Lk | F18: Pliegos x 16 | G18: Bombilla Autolimpiante Niq | H18: 526.28571
C19: B1 | D19: 658D | E19: Lk | F19: Pliegos x 16 | G19: Bombilla Basica Larga Recta | H19: 126.85714
C20: B1 | D20: 659D | E20: Lk | F20: Pliegos x 16 | G20: Bombilla Basica Larga Curva | H20: 248
C21: B1 | D21: 573D | E21: Lk | F21: Pliegos x 16 | G21: Bombilla Colores Metaliza | H21: 277.71429
C22: B1 | E22: Lk | F22: Pliegos x 16 | H22: =SUM(H11:H21) -> 4315.1429 | I22: =+J22*2 -> 8630.2857 | J22: =+H22 -> 4315.1429
C23: B2 | D23: 506D | E23: Lk | F23: Pliego Uña x 12 | G23: Abrelatas Uña | H23: 22355.286 | I23: =+H23 -> 22355.286 | J23: =+I23/2 -> 11177.643
C24: B3 | D24: 537D | E24: Lk | F24: Carton Propio | G24: Pela Y Pica Ajo De Acero | H24: 385.71429 | I24: =+J24*2 -> 771.42857 | J24: =+H24 -> 385.71429
C25: B3 | D25: 542D | E25: Lk | F25: Carton Propio | G25: Ahueca Papas | H25: 462.85714 | I25: =+J25*2 -> 925.71429 | J25: =+H25 -> 462.85714
C26: B3 | D26: 543D | E26: Lk | F26: Cart Prop. | G26: Ahueca Frutas | H26: 368.57143 | I26: =+J26*2 -> 737.14286 | J26: =+H26 -> 368.57143
C27: B4 | D27: 029D | E27: Lk | F27: Corbata Propia | G27: Colador N°16 | H27: 1107.7143 | I27: =+J27*2 -> 2215.4286 | J27: =+H27 -> 1107.7143
C28: B4 | D28: 315D | E28: Lk | F28: Corb. Prop | G28: Pisa Papas Inox | H28: 1563.4286 | I28: =+J28*2 -> 3126.8571 | J28: =+H28 -> 1563.4286
C29: B4 | D29: 325D | E29: Lk | F29: Corb. Prop | G29: Espat. Repost Plast 1 Pza. | H29: 3252 | I29: =+J29*2 -> 6504 | J29: =+H29 -> 3252
C30: B4 | D30: 333D | E30: Lk | F30: Corbata Propia | G30: Espumadera Ac.Inox. | H30: 594.85714 | I30: =+J30*2 -> 1189.7143 | J30: =+H30 -> 594.85714
C31: B5 | D31: 230D | E31: Lk | F31: Bandita | G31: Palo De Amasar 30 Cm
C32: B5 | D32: 231D | E32: Lk | F32: Bandita | G32: Palo De Amasar 40 Cm
C33: B5 | D33: 233D | E33: Lk | F33: Bandita | G33: Palo De Amasar 50 Cm
C34: B5 | D34: 246D | E34: Lk | F34: Bandita | G34: Prensa Matambre | H34: 103.71429
C35: B5 | D35: 247D | E35: Lk | F35: Bandita | G35: Plato De Picada P.P 21 Cm | H35: 51
C36: B5 | D36: 323D | E36: Lk | F36: Bandita | G36: Rallador Cilindrico Chico | H36: 958.28571
C37: B5 | D37: 328D | E37: Lk | F37: Bandita | G37: Rallador 3 Usos Marco Plast | H37: 1150.2857
C38: B5 | D38: 329D | E38: Lk | F38: Bandita | G38: Rallador Queso Marco Plast | H38: 82.285714
C39: B5 | D39: 695D | E39: Lk | F39: Bandita | G39: Posa Pava Alambre | H39: 0
C40: B5 | D40: 36 | E40: P.P | F40: Bandita | G40: Rallador Cilindrico | H40: 384
C41: B5 | E41: Lk | F41: Bandita | H41: =SUM(H31:H40) -> 2729.5714 | I41: =+J41*2 -> 5459.1429 | J41: =+H41 -> 2729.5714
C42: B5 | D42: 030D | E42: Lk | F42: Corb. Prop | G42: Colador N°20 | H42: 2828.5714 | I42: =+J42*2 -> 5657.1429 | J42: =+H42 -> 2828.5714
C43: C1 | D43: 059D | E43: Lk | F43: Carton Cod. 519D | G43: Cuchillito De Untar Plast | H43: 209.14286 | I43: =+J43*2 -> 418.28571 | J43: =+H43 -> 209.14286
C44: C1 | D44: 055D | E44: Lk | F44: Carton Cod. 570D | G44: Sacafuente Alambre | H44: 102 | I44: =+J44*2 -> 204 | J44: =+H44 -> 102
C45: C1 | D45: 312D | E45: Lk | F45: Carton Cod. 570D | G45: Pala De Torta Acero Inox | H45: 155.14286 | I45: =+J45*2 -> 310.28571 | J45: =+H45 -> 155.14286
C46: C1 | D46: 318D | E46: Lk | F46: Carton Cod. 570D | G46: Pisapapas Fundicion Mgo Mad | H46: 1129.7143 | I46: =+J46*2 -> 2259.4286 | J46: =+H46 -> 1129.7143
C47: C1 | D47: 518D | E47: Lk | F47: Carton Cod. 570D | G47: Sacafuente Gastronomico | H47: 848.57143 | I47: =+J47*2 -> 1697.1429 | J47: =+H47 -> 848.57143
C48: C2 | D48: 506D | E48: Lk | F48: Pliego Uña x 12 | G48: Abrelat. Uña | H48: 22355.286 | I48: =+H48 -> 22355.286 | J48: =+I48/2 -> 11177.643
C49: C3 | D49: 526D | E49: Lk | F49: Carton Propio | G49: Sacacorcho Doble Aleta Luxe | H49: 459.42857 | I49: =+J49*2 -> 918.85714 | J49: =+H49 -> 459.42857
C50: C3 | D50: 525D | E50: Lk | F50: Carton Propio | G50: Sacacorcho Cabo Madera | H50: 456 | I50: =+J50*2 -> 912 | J50: =+H50 -> 456
C51: C3 | D51: 532D | E51: Lk | F51: Carton Propio | G51: Cuchara De Helado | H51: 264 | I51: =+J51*2 -> 528 | J51: =+H51 -> 264
C52: C4 | D52: 025D | E52: Lk | F52: Corb. Prop | G52: Colador N°7 | H52: 2629.7143 | I52: =+J52*2 -> 5259.4286 | J52: =+H52 -> 2629.7143
C53: C4 | D53: 026D | E53: Lk | F53: Corb. Prop | G53: Colador N°8 | H53: 4687.2857 | I53: =+J53*2 -> 9374.5714 | J53: =+H53 -> 4687.2857
C54: C4 | D54: 027D | E54: Lk | F54: Corb. Prop | G54: Colador N°10 | H54: 6627.4286 | I54: =+J54*2 -> 13254.857 | J54: =+H54 -> 6627.4286
C55: C4 | D55: 027M | E55: Aro | F55: Corbata Propia | G55: 820612-Colador N°10 Alambre | H55: 0 | I55: =+J55*2 -> 0 | J55: =+H55 -> 0
C56: C5 | D56: 500D | E56: Lk | F56: Carton Propio | G56: Abrelata Uña Pie Color | H56: 450.85714 | I56: =+J56*2 -> 901.71429 | J56: =+H56 -> 450.85714
C57: D1 | D57: 551D | E57: Lk | F57: Carton Cod. 519D | G57: Cuch/ Untar Mgo Plast. | H57: 148 | I57: =+J57*2 -> 296 | J57: =+H57 -> 148
C58: D1 | D58: 527D | E58: Lk | F58: Carton Cod. 526D | G58: Sacacorcho C/Corta Plomo Crom | H58: 190.28571 | I58: =+J58*2 -> 380.57143 | J58: =+H58 -> 190.28571
C59: D1 | D59: 528D | E59: Lk | F59: Carton Cod. 526D | G59: Sacacorcho C/Corta Plomo Pint | H59: 48 | I59: =+J59*2 -> 96 | J59: =+H59 -> 48
C60: D1 | D60: 564D | E60: Lk | F60: Carton Cod. 562D | G60: Corta Pizza Gastronomico | H60: 305.14286 | I60: =+J60*2 -> 610.28571 | J60: =+H60 -> 305.14286
... C72: D5 | D72: 299D | E72: Lk | F72: Carton Propio | G72: Muñeco Silicona Antiderra | H72: 240 | I72: =+J72*2 -> 480 | J72: =+H72 -> 240
C73: D5 | D73: 37 | E73: Lk | F73: Corbata Generica | G73: Espatula Lisa Nylon | H73: 243.42857
C74: D5 | D74: 38 | E74: Lk | F74: Corbata Generica | G74: Cucharon Nylon | H74: 308.57143
C75: D5 | D75: 40 | E75: Lk | F75: Corbata Generica | G75: Tostador | H75: 100
C76: D5 | D76: 41 | E76: Lk | F76: Corbata Generica | G76: Cuchara Madera X 30 Cm | H76: 370.28571
C77: D5 | D77: 42 | E77: Lk | F77: Corbata Generica | G77: Cuchara Calada Nylon | H77: 60
C78: D5 | D78: 43 | E78: Lk | F78: Corbata Generica | G78: Colador 10 Cm | H78: 418.28571
C79: D5 | D79: 50 | E79: Lk | F79: Corbata Generica | G79: Bombilla Autolimpiante Inox. | H79: 126.85714
C80: D5 | D80: 51 | E80: Lk | F80: Corbata Generica | G80: Limpia Bombilla | H80: 132
C81: D5 | D81: 190D | E81: Lk | F81: Corbata Generica | G81: Colador N°7 Pintado | H81: 150
C82: D5 | D82: 191D | E82: Lk | F82: Corbata Generica | G82: Colador N°8 Pintado | H82: 354
C83: D5 | D83: 192D | E83: Lk | F83: Corbata Generica | G83: Colador N°10 Pintado | H83: 168
C84: D5 | D84: 193D | E84: Lk | F84: Corbata Generica | G84: Colador N°13 Pintado | H84: 38.5
C85: D5 | D85: 194D | E85: Lk | F85: Corbata Generica | G85: Colador N°16 Pintado | H85: 113.14286
C86: D5 | D86: 195D | E86: Lk | F86: Corbata Generica | G86: Colador N°20 Pintado | H86: 72
C87: D5 | D87: 220D | E87: Lk | F87: Corbata Generica | G87: Cuchara Madera 40 Cm | H87: 464.57143
C88: D5 | D88: 221D | E88: Lk | F88: Corbata Generica | G88: Cuchara Madera 45 Cm | H88: 279.42857
C89: D5 | D89: 222D | E89: Lk | F89: Corbata Generica | G89: Bate Bife Madera | H89: 786.85714
C90: D5 | D90: 223D | E90: Lk | F90: Corbata Generica | G90: Cuchara Madera 25 Cm | H90: 257.14286
C91: D5 | D91: 224D | E91: Lk | F91: Corbata Generica | G91: Cuchara Madera 30 Cm | H91: 714.85714
C92: D5 | D92: 224M | E92: Lk | F92: Corbata Generica | G92: 821197-Cuchara Madera 30 Cm | H92: 0
... C119: D5 | D119: 870D | E119: Lk | F119: Corbata Generica | G119: Colador N°20 Mgo Madera | H119: 0
C120: D5 | E120: Lk | F120: Corbata Generica | H120: =SUM(H73:H119) -> 11385.757 | I120: =+J120*2 -> 22771.514 | J120: =+H120 -> 11385.757
C121: E1 | D121: 597D | E121: Lk | F121: Carton Cod. 519D | G121: Cuchillo Untar Bco X 2 | H121: =76+198 -> 274 | I121: =+J121*2 -> 548 | J121: =+H121 -> 274
C122: E1 | D122: 574D | E122: Lk | F122: Carton Cod. 546D | G122: Corta Queso De Alambre | H122: 165.14286 | I122: =+J122*2 -> 330.28571 | J122: =+H122 -> 165.14286
C123: E1 | D123: 280D | E123: Lk | F123: Carton Propio | G123: Manga Repostera + 4 Boqui | H123: 390.85714 | I123: =+J123*2 -> 781.71429 | J123: =+H123 -> 390.85714
C124: E1 | D124: 028D | E124: Lk | F124: Corbata Propia | G124: Colador N°13 | H124: 562.28571 | I124: =+J124*2 -> 1124.5714 | J124: =+H124 -> 562.28571
C125: E1 | D125: 225D | E125: Lk | F125: Corbata Propia | G125: Cuchara Madera 35 Cm | H125: 1524 | I125: =+J125*2 -> 3048 | J125: =+H125 -> 1524
C126: E2 | D126: 505D | E126: Lk | F126: Cart Prop. | G126: Pelador Mgo Plast. | H126: =30089.1428571429+999 -> 31088.143 | I126: =+J126*2 -> 62176.286 | J126: =+H126 -> 31088.143
C127: E3 | D127: 520D | E127: Lk | F127: Cart Prop. | G127: Sacac. Tipo Mozo Crom. | H127: 1808.5714 | I127: =+J127*2 -> 3617.1429 | J127: =+H127 -> 1808.5714
C128: E3 | D128: 521D | E128: Lk | F128: Cart Prop. | G128: Sacac. Comb. Crom. | H128: =2022.85714285714+162 -> 2184.8571 | I128: =+J128*2 -> 4369.7143 | J128: =+H128 -> 2184.8571
C129: E3 | D129: 530D | E129: Lk | F129: Cart Prop. | G129: Sacac Tipo Mozo Color | H129: 2994.8571 | I129: =+J129*2 -> 5989.7143 | J129: =+H129 -> 2994.8571
C130: E3 | D130: 531D | E130: Lk | F130: Carton Propio | G130: Sacacorcho Combinado Color | H130: 912 | I130: =+J130*2 -> 1824 | J130: =+H130 -> 912
C131: E4 | D131: 562D | E131: Lk | F131: Carton Propio | G131: Corta Pizza | H131: 1486.8571 | I131: =+J131*2 -> 2973.7143 | J131: =+H131 -> 1486.8571
C132: E4 | D132: 561D | E132: Lk | F132: Cart Prop. | G132: Pinza Grande | H132: 373.71429 | I132: =+J132*2 -> 747.42857 | J132: =+H132 -> 373.71429
C133: E4 | D133: 563D | E133: Lk | F133: Carton Propio | G133: Pinza De Hamburguesas | H133: 409.71429 | I133: =+J133*2 -> 819.42857 | J133: =+H133 -> 409.71429
C134: E4 | D134: 565D | E134: Lk | F134: Carton Propio | G134: Pinza De Hielo | H134: 524.57143 | I134: =+J134*2 -> 1049.1429 | J134: =+H134 -> 524.57143
C135: E5 | D135: 575D | E135: Lk | F135: Cart Prop. | G135: Tapon De Vino/ X1 Neg. | H135: 1217.1429 | I135: =+J135*2 -> 2434.2857 | J135: =+H135 -> 1217.1429
C136: E5 | D136: 577D | E136: Lk | F136: Cart Prop. | G136: Tapon De Vino X 1 Prem. | H136: 293.14286 | I136: =+J136*2 -> 586.28571 | J136: =+H136 -> 293.14286
C137: E5 | D137: 579D | E137: Lk | F137: Cart Prop. | G137: Tapon De Vino X 1 Col | H137: 1393.7143 | I137: =+J137*2 -> 2787.4286 | J137: =+H137 -> 1393.7143
...

Sheet Planimetría & Nota de Pedido
A1: Listado Cartones Loekemeyer | K1: Stocks
A2: Tipo | B2: Ubic | C2: COD. | D2: Lin. | E2: Tipo Carton | F2: ART. | G2: Ubic | H2: COD. | I2: Vta. 2017 | K2: Stock Max | L2: Stock Min | M2: Stock Actual | N2: Pedido
A3: Bolsa | B3: A2 | C3: 031D | D3: Lk | E3: Bolsa | F3: FILTRO DE CAFE | G3: A2 | H3: 031D | I3: 12813.714 | K3: =+L3*2 -> 25627.429 | L3: =+I3 -> 12813.714 | M3: 18500 | N3: =+K3+K4+K5+K6-M3 -> 12390
B4: A2 | C4: 034D | D4: Lk | E4: Bolsa | F4: FILTRO DE CAFE GASTRONOMICO | G4: A2 | H4: 034D | I4: 970.28571 | K4: =+L4*2 -> 1940.5714 | L4: =+I4 -> 970.28571
B5: A2 | C5: 516S | D5: Lk | E5: Bolsa | F5: DESTAPACORONA SUELTO | G5: A2 | H5: 516S | I5: 305 | K5: =+L5*2 -> 610 | L5: =+I5 -> 305
B6: A2 | C6: 35 | D6: P.P | E6: Bolsa | F6: FILTRO DE CAFE | G6: A2 | H6: 35 | I6: 1356 | K6: =+L6*2 -> 2712 | L6: =+I6 -> 1356
A7: Linea Lkmeyer / Aro | B7: B1 | C7: 324D | D7: Lk | E7: Pliegos Utensilios | F7: PINCHE DE CHOCLO X4 | G7: B1 | H7: 324D | I7: 42
B8: B1 | C8: 322D | D8: Lk | E8: Pliegos Utensilios | F8: TENEDOR DE COPETIN x6 UNID | G8: B1 | H8: 322D | I8: 130.28571
B9: B1 | D9: Lk | E9: Pliegos Utensilios | G9: B1 | I9: =SUM(I7:I8) -> 172.28571 | K9: =+L9*2 -> 344.57143 | L9: =+I9 -> 172.28571 | M9: 2000 | N9: =+K9-M9 -> -1655.4286
B10: B1 | C10: 552D | D10: Lk | E10: Pliegos x 16 | F10: BOMBILLA SUP NIQ LARGA RECTA | G10: B1 | H10: 552D | I10: 258
B11: B1 | C11: 553D | D11: Lk | E11: Pliegos x 16 | F11: BOMBILLA SUPER NIQ LARGA CURVA | G11: B1 | H11: 553D | I11: 244
B12: B1 | C12: 554D | D12: Lk | E12: Pliegos x 16 | F12: CUCHARITA MATERA | G12: B1 | H12: 554D | I12: 243.42857
B13: B1 | C13: 555D | D13: Lk | E13: Pliegos x 16 | F13: CEPILLO LIMPIA BOMBILLA | G13: B1 | H13: 555D | I13: 1163.4286
B14: B1 | C14: 557D | D14: Lk | E14: Pliegos x 16 | F14: BOMBILLA RESORTE CHATA | G14: B1 | H14: 557D | I14: 230.85714
B15: B1 | C15: 558D | D15: Lk | E15: Pliegos x 16 | F15: BOMBILLA RESORTE tradicio | G15: B1 | H15: 558D | I15: 208
B16: B1 | C16: 654D | D16: Lk | E16: Pliegos x 16 | F16: BOMBILLA AUTOLIMPIANTE INOX | G16: B1 | H16: 654D | I16: 788.57143
B17: B1 | C17: 657D | D17: Lk | E17: Pliegos x 16 | F17: BOMBILLA AUTOLIMPIANTE NIQ | G17: B1 | H17: 657D | I17: 526.28571
B18: B1 | C18: 658D | D18: Lk | E18: Pliegos x 16 | F18: BOMBILLA BASICA LARGA RECTA | G18: B1 | H18: 658D | I18: 126.85714
B19: B1 | C19: 659D | D19: Lk | E19: Pliegos x 16 | F19: BOMBILLA BASICA LARGA CURVA | G19: B1 | H19: 659D | I19: 248
B20: B1 | C20: 573D | D20: Lk | E20: Pliegos x 16 | F20: BOMBILLA COLORES METALIZA | G20: B1 | H20: 573D | I20: 277.71429
B21: B1 | D21: Lk | E21: Pliegos x 16 | G21: B1 | I21: =SUM(I10:I20) -> 4315.1429 | K21: =+L21*2 -> 8630.2857 | L21: =+I21 -> 4315.1429 | M21: 12800 | N21: =+K21-M21 -> -4169.7143
B22: B3 | C22: 537D | D22: Lk | E22: Carton Propio | F22: PELA Y PICA AJO DE ACERO | G22: B3 | H22: 537D | I22: 385.71429 | K22: =+L22*2 -> 771.42857 | L22: =+I22 -> 385.71429 | M22: 1100 | N22: =+K22-M22 -> -328.57143
B23: B3 | C23: 542D | D23: Lk | E23: Carton Propio | F23: AHUECA PAPAS | G23: B3 | H23: 542D | I23: 462.85714 | K23: =+L23*2 -> 925.71429 | L23: =+I23 -> 462.85714 | M23: 510 | N23: =+K23-M23 -> 415.71429
B24: B3 | C24: 543D | D24: Lk | E24: Carton Propio | F24: AHUECA FRUTAS | G24: B3 | H24: 543D | I24: 368.57143 | K24: =+L24*2 -> 737.14286 | L24: =+I24 -> 368.57143 | M24: 550 | N24: =+K24-M24 -> 187.14286
B25: B3 | C25: 580D | D25: Lk | E25: Carton Propio | F25: MINI BATIDOR X 1 | G25: B3 | H25: 580D | I25: 185.71429 | K25: =+L25*2 -> 371.42857 | L25: =+I25 -> 185.71429 | M25: 735 | N25: =+K25-M25 -> -363.57143
B26: B4 | C26: 029D | D26: Lk | E26: Corbata Propia | F26: COLADOR N°16 | G26: B4 | H26: 029D | I26: 1107.7143 | K26: =+L26*2 -> 2215.4286 | L26: =+I26 -> 1107.7143 | M26: 500 | N26: =+K26-M26 -> 1715.4286
B27: B4 | C27: 315D | D27: Lk | E27: Corbata Propia | F27: PISA PAPAS ACERO INOX | G27: B4 | H27: 315D | I27: 1563.4286 | K27: =+L27*2 -> 3126.8571 | L27: =+I27 -> 1563.4286 | M27: 100 | N27: =+K27-M27 -> 3026.8571
B28: B4 | C28: 325D | D28: Lk | E28: Corbata Propia | F28: ESPATULA REPOSTERA PLAST 1 PZA | G28: B4 | H28: 325D | I28: 3252 | K28: =+L28*2 -> 6504 | L28: =+I28 -> 3252 | M28: 1569 | N28: =+K28-M28 -> 4935
B29: B4 | C29: 333D | D29: Lk | E29: Corbata Propia | F29: espumadera ac.inox. | G29: B4 | H29: 333D | I29: 594.85714 | K29: =+L29*2 -> 1189.7143 | L29: =+I29 -> 594.85714 | M29: 400 | N29: =+K29-M29 -> 789.71429
B30: B5 | C30: 230D | D30: Lk | E30: Bandita | F30: PALO DE AMASAR 30 CM | G30: B5 | H30: 230D | I30: 147
B31: B5 | C31: 231D | D31: Lk | E31: Bandita | F31: PALO DE AMASAR 40 CM | G31: B5 | H31: 231D | I31: 478.28571
B32: B5 | C32: 233D | D32: Lk | E32: Bandita | F32: PALO DE AMASAR 50 CM | G32: B5 | H32: 233D | I32: 237
B33: B5 | C33: 246D | D33: Lk | E33: Bandita | F33: PRENSA MATAMBRE | G33: B5 | H33: 246D | I33: 103.71429
B34: B5 | C34: 247D | D34: Lk | E34: Bandita | F34: PLATO DE PICADA P.P 21 CM | G34: B5 | H34: 247D | I34: 51
B35: B5 | C35: 323D | D35: Lk | E35: Bandita | F35: RALLADOR CILINDRICO CHICO | G35: B5 | H35: 323D | I35: 958.28571
B36: B5 | C36: 328D | D36: Lk | E36: Bandita | F36: RALLADOR 3 USOS MARCO PLAST | G36: B5 | H36: 328D | I36: 1150.2857
B37: B5 | C37: 329D | D37: Lk | E37: Bandita | F37: RALLADOR QUESO MARCO PLAST | G37: B5 | H37: 329D | I37: 82.285714
B38: B5 | C38: 695D | D38: Lk | E38: Bandita | F38: POSA PAVA ALAMBRE | G38: B5 | H38: 695D | I38: 0
B39: B5 | C39: 36 | D39: P.P | E39: Bandita | F39: RALLADOR CILINDRICO | G39: B5 | H39: 36 | I39: 384
B40: B5 | D40: Lk | E40: Bandita | G40: B5 | I40: =SUM(I30:I39) -> 3591.8571 | K40: =+L40*2 -> 7183.7143 | L40: =+I40 -> 3591.8571 | M40: 48000 | N40: =+K40-M40 -> -40816.286
B41: B5 | C41: 030D | D41: Lk | E41: Corbata Propia | F41: COLADOR N°20 | G41: B5 | H41: 030D | I41: 2828.5714 | K41: =+L41*2 -> 5657.1429 | L41: =+I41 -> 2828.5714 | M41: 4000 | N41: =+K41-M41 -> 1657.1429
B42: B5 | C42: 030M | D42: Aro | E42: Corbata Propia | F42: 820729-COLADOR N°20 ALAMBRE | G42: B5 | H42: 030M | I42: 288 | K42: =+L42*2 -> 576 | L42: =+I42 -> 288 | N42: =+K42-M42 -> 576
B43: C1 | C43: 055D | D43: Lk | E43: Carton Cod. 570D | F43: SACAFUENTE ALAMBRE | G43: C1 | H43: 055D | I43: 102 | K43: =+L43*2 -> 204 | L43: =+I43 -> 102
B44: C1 | C44: 059D | D44: Lk | E44: Carton Cod. 519D | F44: CUCHILLITO DE UNTAR PLAST | G44: C1 | H44: 059D | I44: 209.14286 | K44: =+L44*2 -> 418.28571 | L44: =+I44 -> 209.14286
B45: C1 | C45: 312D | D45: Lk | E45: Carton Cod. 570D | F45: PALA DE TORTA ACERO INOX | G45: C1 | H45: 312D | I45: 155.14286 | K45: =+L45*2 -> 310.28571 | L45: =+I45 -> 155.14286
B46: C1 | C46: 318D | D46: Lk | E46: Carton Cod. 570D | F46: PISAPAPAS FUNDICION MGO MAD | G46: C1 | H46: 318D | I46: 1129.7143 | K46: =+L46*2 -> 2259.4286 | L46: =+I46 -> 1129.7143
B47: C1 | C47: 518D | D47: Lk | E47: Carton Cod. 570D | F47: SACAFUENTE GASTRONOMICO | G47: C1 | H47: 518D | I47: 848.57143 | K47: =+L47*2 -> 1697.1429 | L47: =+I47 -> 848.57143
B48: C2 | C48: 506D | D48: Lk | E48: Pliego Uña x 12 | F48: ABRELATAS UÑA | G48: C2 | H48: 506D | I48: 22355.286 | K48: =+I48 -> 22355.286 | L48: =+K48/2 -> 11177.643 | M48: 8436 | N48: -70.571429
B49: B2 | C49: 506D | D49: Lk | E49: Pliego Uña x 12 | G49: B2 | I49: 22355.286 | L49: =+K49/2 -> 0
B50: C3 | C50: 526D | D50: Lk | E50: Carton Propio | F50: SACACORCHO DOBLE ALETA LUXE | G50: C3 | H50: 526D | I50: 459.42857 | K50: =+L50*2 -> 918.85714 | L50: =+I50 -> 459.42857 | M50: 3950 | N50: =+K50-M50 -> -3031.1429
B51: C3 | C51: 525D | D51: Lk | E51: Carton Propio | F51: SACACORCHO CABO MADERA | G51: C3 | H51: 525D | I51: 456 | K51: =+L51*2 -> 912 | L51: =+I51 -> 456 | M51: 1000 | N51: =+K51-M51 -> -88
B52: C3 | C52: 532D | D52: Lk | E52: Carton Propio | F52: CUCHARA DE HELADO | G52: C3 | H52: 532D | I52: 264 | K52: =+L52*2 -> 528 | L52: =+I52 -> 264 | M52: 1000 | N52: =+K52-M52 -> -472
B53: C4 | C53: 025D | D53: Lk | E53: Corbata Propia | F53: COLADOR N°7 | G53: C4 | H53: 025D | I53: 2629.7143 | K53: =+L53*2 -> 5259.4286 | L53: =+I53 -> 2629.7143 | M53: 5330 | N53: =+K53-M53 -> -70.571429
B54: C4 | C54: 026D | D54: Lk | E54: Corbata Propia | F54: COLADOR N°8 | G54: C4 | H54: 026D | I54: 4687.2857 | K54: =+L54*2 -> 9374.5714 | L54: =+I54 -> 4687.2857 | M54: 13260 | N54: =+K54-M54 -> -3885.4286
B55: C4 | C55: 027D | D55: Lk | E55: Corbata Propia | F55: COLADOR N°10 | G55: C4 | H55: 027D | I55: 6627.4286 | K55: =+L55*2 -> 13254.857 | L55: =+I55 -> 6627.4286 | M55: 13500 | N55: =+K55-M55 -> -245.14286
B56: C4 | C56: 027M | D56: Aro | E56: Corbata Propia | F56: 820612-COLADOR N°10 ALAMBRE | G56: C4 | H56: 027M | I56: 0 | K56: =+L56*2 -> 0 | L56: =+I56 -> 0
B57: C5 | C57: 500D | D57: Lk | E57: Carton Propio | F57: ABRELATA UÑA PIE COLOR | G57: C5 | H57: 500D | I57: 450.85714 | K57: =+L57*2 -> 901.71429 | L57: =+I57 -> 450.85714 | M57: 9600 | N57: =+K57-M57 -> -8698.2857
B58: D1 | C58: 527D | D58: Lk | E58: Carton Cod. 526D | F58: SACACORCHO C/CORTA PLOMO CROM | G58: D1 | H58: 527D | I58: 190.28571 | K58: =+L58*2 -> 380.57143 | L58: =+I58 -> 190.28571
B59: D1 | C59: 528D | D59: Lk | E59: Carton Cod. 526D | F59: SACACORCHO C/CORTA PLOMO PINT | G59: D1 | H59: 528D | I59: 48 | K59: =+L59*2 -> 96 | L59: =+I59 -> 48
B60: D1 | C60: 533D | D60: Lk | E60: Carton Cod. 570D | F60: PELADOR MGO NUEVO | G60: D1 | H60: 533D | I60: 768 | K60: =+L60*2 -> 1536 | L60: =+I60 -> 768
B61: D1 | C61: 551D | D61: Lk | E61: Carton Cod. 519D | F61: CUCH/ UNTAR MGO PLAST. | G61: D1 | H61: 551D | I61: 148 | K61: =+L61*2 -> 296 | L61: =+I61 -> 148
B62: D1 | C62: 564D | D62: Lk | E62: Carton Cod. 562D | F62: CORTA PIZZA GASTRONOMICO | G62: D1 | H62: 564D | I62: 305.14286 | K62: =+L62*2 -> 610.28571 | L62: =+I62 -> 305.14286
B63: D2 | C63: 513D | D63: Lk | E63: Carton Propio | F63: PELADOR MGO METALICO | G63: D2 | H63: 513D | I63: 17541.714 | K63: =+L63*2 -> 35083.429 | L63: =+I63 -> 17541.714 | M63: 5500 | N63: =+K63-M63 -> 29583.429
B64: D3 | C64: 522D | D64: Lk | E64: Carton Propio | F64: SACACORCHO CUSTOM | G64: D3 | H64: 522D | I64: 133.71429 | K64: =+L64*2 -> 267.42857 | L64: =+I64 -> 133.71429 | M64: 1000 | N64: =+K64-M64 -> -732.57143
B65: D3 | C65: 523D | D65: Lk | E65: Carton Propio | F65: SACACORCHO DOBLE ALETA | G65: D3 | H65: 523D | I65: 1556.5714 | K65: =+L65*2 -> 3113.1429 | L65: =+I65 -> 1556.5714 | M65: 600 | N65: =+K65-M65 -> 2513.1429
B66: D3 | C66: 524D | D66: Lk | E66: Carton Propio | F66: SACACORCHO DE ESPUMANTES | G66: D3 | H66: 524D | I66: 92 | K66: =+L66*2 -> 184 | L66: =+I66 -> 92 | M66: 5000 | N66: =+K66-M66 -> -4816
B67: D4 | C67: 595D | D67: Lk | E67: Carton Propio | F67: PINZA DE FIAMBRE MGO PLASTICO | G67: D4 | H67: 595D | I67: 336 | K67: =+L67*2 -> 672 | L67: =+I67 -> 336 | M67: 1600 | N67: =+K67-M67 -> -928
B68: D4 | C68: 596D | D68: Lk | E68: Carton Propio | F68: PINZA DE ENSALADA MGO PLASTICO | G68: D4 | H68: 596D | I68: 222.85714 | K68: =+L68*2 -> 445.71429 | L68: =+I68 -> 222.85714 | M68: 1100 | N68: =+K68-M68 -> -654.28571
B69: D4 | C69: 594D | D69: Lk | E69: Carton Propio | F69: PINZA DE FIDEOS MGO PLASTICO | G69: D4 | H69: 594D | I69: 378.85714 | K69: =+L69*2 -> 757.71429 | L69: =+I69 -> 378.85714 | M69: 100 | N69: =+K69-M69 -> 657.71429
B70: D5 | C70: 570D | D70: Lk | E70: Carton Propio | F70: PALA DE CANELONES | G70: D5 | H70: 570D | I70: 399.42857 | K70: =+L70*2 -> 798.85714 | L70: =+I70 -> 399.42857 | M70: 0 | N70: =+K70-M70 -> 798.85714
B71: D5 | C71: 578D | D71: Lk | E71: Carton Propio | F71: DESCAROZADOR DE ACEITUNAS | G71: D5 | H71: 578D | I71: 399.42857 | K71: =+L71*2 -> 798.85714 | L71: =+I71 -> 399.42857 | M71: 600 | N71: =+K71-M71 -> 198.85714
B72: D5 | C72: 058D | D72: Lk | E72: Carton Propio | F72: CIERRA BOLSA X2 | G72: D5 | H72: 058D | I72: 140.57143 | K72: =+L72*2 -> 281.14286 | L72: =+I72 -> 140.57143 | M72: 0 | N72: =+K72-M72 -> 281.14286
B73: D5 | C73: 299D | D73: Lk | E73: Carton Propio | F73: MUÑECO SILICONA ANTIDERRA | G73: D5 | H73: 299D | I73: 240 | K73: =+L73*2 -> 480 | L73: =+I73 -> 240 | M73: 2250 | N73: =+K73-M73 -> -1770
B74: D5 | C74: 37 | D74: Lk | E74: Corbata Generica | F74: ESPATULA LISA NYLON | G74: D5 | H74: 37 | I74: 243.42857 | N74: =+K74-M74 -> 0
B75: D5 | C75: 38 | D75: Lk | E75: Corbata Generica | F75: CUCHARON NYLON | G75: D5 | H75: 38 | I75: 308.57143 | N75: =+K75-M75 -> 0
B76: D5 | C76: 40 | D76: Lk | E76: Corbata Generica | F76: TOSTADOR | G76: D5 | H76: 40 | I76: 100 | N76: =+K76-M76 -> 0
B77: D5 | C77: 41 | D77: Lk | E77: Corbata Generica | F77: CUCHARA MADERA X 30 CM | G77: D5 | H77: 41 | I77: 370.28571 | N77: =+K77-M77 -> 0
B78: D5 | C78: 42 | D78: Lk | E78: Corbata Generica | F78: CUCHARA CALADA NYLON | G78: D5 | H78: 42 | I78: 60 | N78: =+K78-M78 -> 0
B79: D5 | C79: 43 | D79: Lk | E79: Corbata Generica | F79: COLADOR 10 CM | G79: D5 | H79: 43 | I79: 418.28571 | N79: =+K79-M79 -> 0
B80: D5 | C80: 50 | D80: Lk | E80: Corbata Generica | F80: BOMBILLA AUTOLIMPIANTE INOX. | G80: D5 | H80: 50 | I80: 126.85714 | N80: =+K80-M80 -> 0
B81: D5 | C81: 51 | D81: Lk | E81: Corbata Generica | F81: LIMPIA BOMBILLA | G81: D5 | H81: 51 | I81: 132 | N81: =+K81-M81 -> 0
B82: D5 | C82: 190D | D82: Lk | E82: Corbata Generica | F82: COLADOR N°7 PINTADO | G82: D5 | H82: 190D | I82: 150 | N82: =+K82-M82 -> 0
B83: D5 | C83: 191D | D83: Lk | E83: Corbata Generica | F83: COLADOR N°8 PINTADO | G83: D5 | H83: 191D | I83: 354 | N83: =+K83-M83 -> 0
B84: D5 | C84: 192D | D84: Lk | E84: Corbata Generica | F84: COLADOR N°10 PINTADO | G84: D5 | H84: 192D | I84: 168 | N84: =+K84-M84 -> 0
B85: D5 | C85: 193D | D85: Lk | E85: Corbata Generica | F85: COLADOR N°13 PINTADO | G85: D5 | H85: 193D | I85: 38.5 | N85: =+K85-M85 -> 0
B86: D5 | C86: 194D | D86: Lk | E86: Corbata Generica | F86: COLADOR N°16 PINTADO | G86: D5 | H86: 194D | I86: 113.14286 | N86: =+K86-M86 -> 0
B87: D5 | C87: 195D | D87: Lk | E87: Corbata Generica | F87: COLADOR N°20 PINTADO | G87: D5 | H87: 195D | I87: 72 | N87: =+K87-M87 -> 0
B88: D5 | C88: 220D | D88: Lk | E88: Corbata Generica | F88: CUCHARA MADERA 40 CM | G88: D5 | H88: 220D | I88: 464.57143 | N88: =+K88-M88 -> 0
B89: D5 | C89: 221D | D89: Lk | E89: Corbata Generica | F89: CUCHARA MADERA 45 CM | G89: D5 | H89: 221D | I89: 279.42857 | N89: =+K89-M89 -> 0
B90: D5 | C90: 222D | D90: Lk | E90: Corbata Generica | F90: BATE BIFE MADERA | G90: D5 | H90: 222D | I90: 786.85714 | N90: =+K90-M90 -> 0
B91: D5 | C91: 223D | D91: Lk | E91: Corbata Generica | F91: CUCHARA MADERA 25 CM | G91: D5 | H91: 223D | I91: 257.14286 | N91: =+K91-M91 -> 0
B92: D5 | C92: 224D | D92: Lk | E92: Corbata Generica | F92: CUCHARA MADERA 30 CM | G92: D5 | H92: 224D | I92: 714.85714 | N92: =+K92-M92 -> 0
B93: D5 | C93: 224M | D93: Lk | E93: Corbata Generica | F93: 821197-CUCHARA MADERA 30 cm | G93: D5 | H93: 224M | I93: 0 | N93: =+K93-M93 -> 0
... B120: D5 | C120: 870D | D120: Lk | E120: Corbata Generica | F120: COLADOR N°20 MGO MADERA | G120: D5 | H120: 870D | I120: 0 | N120: =+K120-M120 -> 0
B121: D5 | D121: Lk | E121: Corbata Generica | G121: D5 | I121: =SUM(I74:I120) -> 11385.757 | K121: =+L121*2 -> 22771.514 | L121: =+I121 -> 11385.757 | M121: 14750 | N121: =+K121-M121 -> 8021.5143
B122: E1 | C122: 280D | D122: Lk | E122: Carton Propio | F122: MANGA REPOSTERA + 4 BOQUI | G122: E1 | H122: 280D | I122: 390.85714 | K122: =+L122*2 -> 781.71429 | L122: =+I122 -> 390.85714 | M122: 1000 | N122: =+K122-M122 -> -218.28571
B123: E1 | C123: 574D | D123: Lk | E123: Carton Cod. 546D | F123: CORTA QUESO DE ALAMBRE | G123: E1 | H123: 574D | I123: 165.14286 | K123: =+L123*2 -> 330.28571 | L123: =+I123 -> 165.14286
B124: E1 | C124: 597D | D124: Lk | E124: Carton Cod. 519D | F124: CUCHILLO UNTAR BCO x 2 | G124: E1 | H124: 597D | I124: =76+198 -> 274 | K124: =+L124*2 -> 548 | L124: =+I124 -> 274
B125: E1 | C125: 028D | D125: Lk | E125: Corbata Propia | F125: COLADOR N°13 | G125: E1 | H125: 028D | I125: 562.28571 | K125: =+L125*2 -> 1124.5714 | L125: =+I125 -> 562.28571 | M125: 2250 | N125: =+K125-M125 -> -1125.4286
B126: E1 | C126: 225D | D126: Lk | E126: Corbata Propia | F126: CUCHARA MADERA 35 CM | G126: E1 | H126: 225D | I126: 1524 | K126: =+L126*2 -> 3048 | L126: =+I126 -> 1524 | M126: 0 | N126: =+K126-M126 -> 3048
...

Sheet O.C. Roster
A1: Loekemeyer Hnos. S.R.L | F1: Chef SRL
A2: CUIT: | C2: 30-51584245-0 | F2: CUIT: | H2: 30-68575625-7
A3: DIRECCION: | C3: Cervantes 2868 | F3: DIRECCION: | H3: Virgilio 2788
A4: LOCALIDAD: | C4: Villa Devoto, CABA | F4: LOCALIDAD: | H4: Villa Real, CABA
A6: ORDEN DE COMPRA | F6: FECHA PEDIDO: | I6: =+TODAY() -> 46099
A8: RAZON SORosterL: | C8: ROSTER | D8: COD PROV: | E8: 3847 | F8: ENTREGA EN: | I8: Cervantes 2868
A10: FACTURAR Loekemeyer 70% Chef 30%
A12: ESTE PEDIDO ANULA CUALQUIER PEDIDO ANTERIOR
A13: Cód ISIS | B13: N° Ord | C13: Descripcion Material | D13: Pedido Uni | E13: Emp | F13: Uni a FC | G13: Fecha Pos Ent | H13: Fecha Ent | I13: Uni Ent | J13: Fecha Ent | K13: Uni Ent | L13: Fecha Ent | M13: Uni Ent
A14: {=+IFERROR(INDEX('Pedido VACIO'!$B:$B,MATCH(1,('Pedido VACIO'!$H:$H=$B14)*('Pedido VACIO'!$A:$A="Roster"),0)),"")} | B14: 1 | C14: {=+IFERROR(INDEX('Pedido VACIO'!$F:$F,MATCH(1,('Pedido VACIO'!$H:$H=$B14)*('Pedido VACIO'!$A:$A="Roster"),0)),"")} | D14: {=+IFERROR(INDEX('Pedido VACIO'!$G:$G,MATCH(1,('Pedido VACIO'!$H:$H=$B14)*('Pedido VACIO'!$A:$A="Roster"),0)),"")} | E14: =+IF(E13="LK","CH",IF(D14="","",IF(D14>0,"LK","CH"))) | F14: =+IF(OR(E14="LK"),ROUNDUP(D14*(VLOOKUP(B14,'Pedido VACIO'!$H:$AK,30,0))/70,0)*1,IF(E14="CH",D13-F13,""))
E15: =+IF(E14="LK","CH",IF(D15="","",IF(D15>0,"LK","CH"))) | F15: =+IF(OR(E15="LK"),ROUNDUP(D15*(VLOOKUP(B15,'Pedido VACIO'!$H:$AK,30,0))/70,0)*1,IF(E15="CH",D14-F14,""))
A16: {=+IFERROR(INDEX('Pedido VACIO'!$B:$B,MATCH(1,('Pedido VACIO'!$H:$H=$B16)*('Pedido VACIO'!$A:$A="Roster"),0)),"")} | B16: =+B14+1 -> 2 | C16: {=+IFERROR(INDEX('Pedido VACIO'!$F:$F,MATCH(1,('Pedido VACIO'!$H:$H=$B16)*('Pedido VACIO'!$A:$A="Roster"),0)),"")} | D16: {=+IFERROR(INDEX('Pedido VACIO'!$G:$G,MATCH(1,('Pedido VACIO'!$H:$H=$B16)*('Pedido VACIO'!$A:$A="Roster"),0)),"")} | E16: =+IF(E15="LK","CH",IF(D16="","",IF(D16>0,"LK","CH"))) | F16: =+IF(OR(E16="LK"),ROUNDUP(D16*(VLOOKUP(B16,'Pedido VACIO'!$H:$AK,30,0))/70,0)*1,IF(E16="CH",D15-F15,""))
E17: =+IF(E16="LK","CH",IF(D17="","",IF(D17>0,"LK","CH"))) | F17: =+IF(OR(E17="LK"),ROUNDUP(D17*(VLOOKUP(B17,'Pedido VACIO'!$H:$AK,30,0))/70,0)*1,IF(E17="CH",D16-F16,""))
A18: {=+IFERROR(INDEX('Pedido VACIO'!$B:$B,MATCH(1,('Pedido VACIO'!$H:$H=$B18)*('Pedido VACIO'!$A:$A="Roster"),0)),"")} | B18: =+B16+1 -> 3 | C18: {=+IFERROR(INDEX('Pedido VACIO'!$F:$F,MATCH(1,('Pedido VACIO'!$H:$H=$B18)*('Pedido VACIO'!$A:$A="Roster"),0)),"")} | D18: {=+IFERROR(INDEX('Pedido VACIO'!$G:$G,MATCH(1,('Pedido VACIO'!$H:$H=$B18)*('Pedido VACIO'!$A:$A="Roster"),0)),"")} | E18: =+IF(E17="LK","CH",IF(D18="","",IF(D18>0,"LK","CH"))) | F18: =+IF(OR(E18="LK"),ROUNDUP(D18*(VLOOKUP(B18,'Pedido VACIO'!$H:$AK,30,0))/70,0)*1,IF(E18="CH",D17-F17,""))
E19: =+IF(E18="LK","CH",IF(D19="","",IF(D19>0,"LK","CH"))) | F19: =+IF(OR(E19="LK"),ROUNDUP(D19*(VLOOKUP(B19,'Pedido VACIO'!$H:$AK,30,0))/70,0)*1,IF(E19="CH",D18-F18,""))
A20: {=+IFERROR(INDEX('Pedido VACIO'!$B:$B,MATCH(1,('Pedido VACIO'!$H:$H=$B20)*('Pedido VACIO'!$A:$A="Roster"),0)),"")} | B20: =+B18+1 -> 4 | C20: {=+IFERROR(INDEX('Pedido VACIO'!$F:$F,MATCH(1,('Pedido VACIO'!$H:$H=$B20)*('Pedido VACIO'!$A:$A="Roster"),0)),"")} | D20: {=+IFERROR(INDEX('Pedido VACIO'!$G:$G,MATCH(1,('Pedido VACIO'!$H:$H=$B20)*('Pedido VACIO'!$A:$A="Roster"),0)),"")} | E20: =+IF(E19="LK","CH",IF(D20="","",IF(D20>0,"LK","CH"))) | F20: =+IF(OR(E20="LK"),ROUNDUP(D20*(VLOOKUP(B20,'Pedido VACIO'!$H:$AK,30,0))/70,0)*1,IF(E20="CH",D19-F19,""))
E21: =+IF(E20="LK","CH",IF(D21="","",IF(D21>0,"LK","CH"))) | F21: =+IF(OR(E21="LK"),ROUNDUP(D21*(VLOOKUP(B21,'Pedido VACIO'!$H:$AK,30,0))/70,0)*1,IF(E21="CH",D20-F20,""))
A22: {=+IFERROR(INDEX('Pedido VACIO'!$B:$B,MATCH(1,('Pedido VACIO'!$H:$H=$B22)*('Pedido VACIO'!$A:$A="Roster"),0)),"")} | B22: =+B20+1 -> 5 | C22: {=+IFERROR(INDEX('Pedido VACIO'!$F:$F,MATCH(1,('Pedido VACIO'!$H:$H=$B22)*('Pedido VACIO'!$A:$A="Roster"),0)),"")} | D22: {=+IFERROR(INDEX('Pedido VACIO'!$G:$G,MATCH(1,('Pedido VACIO'!$H:$H=$B22)*('Pedido VACIO'!$A:$A="Roster"),0)),"")} | E22: =+IF(E21="LK","CH",IF(D22="","",IF(D22>0,"LK","CH"))) | F22: =+IF(OR(E22="LK"),ROUNDUP(D22*(VLOOKUP(B22,'Pedido VACIO'!$H:$AK,30,0))/70,0)*1,IF(E22="CH",D21-F21,""))
E23: =+IF(E22="LK","CH",IF(D23="","",IF(D23>0,"LK","CH"))) | F23: =+IF(OR(E23="LK"),ROUNDUP(D23*(VLOOKUP(B23,'Pedido VACIO'!$H:$AK,30,0))/70,0)*1,IF(E23="CH",D22-F22,""))
A24: {=+IFERROR(INDEX('Pedido VACIO'!$B:$B,MATCH(1,('Pedido VACIO'!$H:$H=$B24)*('Pedido VACIO'!$A:$A="Roster"),0)),"")} | B24: =+B22+1 -> 6 | C24: {=+IFERROR(INDEX('Pedido VACIO'!$F:$F,MATCH(1,('Pedido VACIO'!$H:$H=$B24)*('Pedido VACIO'!$A:$A="Roster"),0)),"")} | D24: {=+IFERROR(INDEX('Pedido VACIO'!$G:$G,MATCH(1,('Pedido VACIO'!$H:$H=$B24)*('Pedido VACIO'!$A:$A="Roster"),0)),"")} | E24: =+IF(E23="LK","CH",IF(D24="","",IF(D24>0,"LK","CH"))) | F24: =+IF(OR(E24="LK"),ROUNDUP(D24*(VLOOKUP(B24,'Pedido VACIO'!$H:$AK,30,0))/70,0)*1,IF(E24="CH",D23-F23,""))
E25: =+IF(E24="LK","CH",IF(D25="","",IF(D25>0,"LK","CH"))) | F25: =+IF(OR(E25="LK"),ROUNDUP(D25*(VLOOKUP(B25,'Pedido VACIO'!$H:$AK,30,0))/70,0)*1,IF(E25="CH",D24-F24,""))
A26: {=+IFERROR(INDEX('Pedido VACIO'!$B:$B,MATCH(1,('Pedido VACIO'!$H:$H=$B26)*('Pedido VACIO'!$A:$A="Roster"),0)),"")} | B26: =+B24+1 -> 7 | C26: {=+IFERROR(INDEX('Pedido VACIO'!$F:$F,MATCH(1,('Pedido VACIO'!$H:$H=$B26)*('Pedido VACIO'!$A:$A="Roster"),0)),"")} | D26: {=+IFERROR(INDEX('Pedido VACIO'!$G:$G,MATCH(1,('Pedido VACIO'!$H:$H=$B26)*('Pedido VACIO'!$A:$A="Roster"),0)),"")} | E26: =+IF(E25="LK","CH",IF(D26="","",IF(D26>0,"LK","CH"))) | F26: =+IF(OR(E26="LK"),ROUNDUP(D26*(VLOOKUP(B26,'Pedido VACIO'!$H:$AK,30,0))/70,0)*1,IF(E26="CH",D25-F25,""))
E27: =+IF(E26="LK","CH",IF(D27="","",IF(D27>0,"LK","CH"))) | F27: =+IF(OR(E27="LK"),ROUNDUP(D27*(VLOOKUP(B27,'Pedido VACIO'!$H:$AK,30,0))/70,0)*1,IF(E27="CH",D26-F26,""))
A28: {=+IFERROR(INDEX('Pedido VACIO'!$B:$B,MATCH(1,('Pedido VACIO'!$H:$H=$B28)*('Pedido VACIO'!$A:$A="Roster"),0)),"")} | B28: =+B26+1 -> 8 | C28: {=+IFERROR(INDEX('Pedido VACIO'!$F:$F,MATCH(1,('Pedido VACIO'!$H:$H=$B28)*('Pedido VACIO'!$A:$A="Roster"),0)),"")} | D28: {=+IFERROR(INDEX('Pedido VACIO'!$G:$G,MATCH(1,('Pedido VACIO'!$H:$H=$B28)*('Pedido VACIO'!$A:$A="Roster"),0)),"")} | E28: =+IF(E27="LK","CH",IF(D28="","",IF(D28>0,"LK","CH"))) | F28: =+IF(OR(E28="LK"),ROUNDUP(D28*(VLOOKUP(B28,'Pedido VACIO'!$H:$AK,30,0))/70,0)*1,IF(E28="CH",D27-F27,""))
E29: =+IF(E28="LK","CH",IF(D29="","",IF(D29>0,"LK","CH"))) | F29: =+IF(OR(E29="LK"),ROUNDUP(D29*(VLOOKUP(B29,'Pedido VACIO'!$H:$AK,30,0))/70,0)*1,IF(E29="CH",D28-F28,""))
A30: {=+IFERROR(INDEX('Pedido VACIO'!$B:$B,MATCH(1,('Pedido VACIO'!$H:$H=$B30)*('Pedido VACIO'!$A:$A="Roster"),0)),"")} | B30: =+B28+1 -> 9 | C30: {=+IFERROR(INDEX('Pedido VACIO'!$F:$F,MATCH(1,('Pedido VACIO'!$H:$H=$B30)*('Pedido VACIO'!$A:$A="Roster"),0)),"")} | D30: {=+IFERROR(INDEX('Pedido VACIO'!$G:$G,MATCH(1,('Pedido VACIO'!$H:$H=$B30)*('Pedido VACIO'!$A:$A="Roster"),0)),"")} | E30: =+IF(E29="LK","CH",IF(D30="","",IF(D30>0,"LK","CH"))) | F30: =+IF(OR(E30="LK"),ROUNDUP(D30*(VLOOKUP(B30,'Pedido VACIO'!$H:$AK,30,0))/70,0)*1,IF(E30="CH",D29-F29,""))
E31: =+IF(E30="LK","CH",IF(D31="","",IF(D31>0,"LK","CH"))) | F31: =+IF(OR(E31="LK"),ROUNDUP(D31*(VLOOKUP(B31,'Pedido VACIO'!$H:$AK,30,0))/70,0)*1,IF(E31="CH",D30-F30,""))
A32: {=+IFERROR(INDEX('Pedido VACIO'!$B:$B,MATCH(1,('Pedido VACIO'!$H:$H=$B32)*('Pedido VACIO'!$A:$A="Roster"),0)),"")} | B32: =+B30+1 -> 10 | C32: {=+IFERROR(INDEX('Pedido VACIO'!$F:$F,MATCH(1,('Pedido VACIO'!$H:$H=$B32)*('Pedido VACIO'!$A:$A="Roster"),0)),"")} | D32: {=+IFERROR(INDEX('Pedido VACIO'!$G:$G,MATCH(1,('Pedido VACIO'!$H:$H=$B32)*('Pedido VACIO'!$A:$A="Roster"),0)),"")} | E32: =+IF(E31="LK","CH",IF(D32="","",IF(D32>0,"LK","CH"))) | F32: =+IF(OR(E32="LK"),ROUNDUP(D32*(VLOOKUP(B32,'Pedido VACIO'!$H:$AK,30,0))/70,0)*1,IF(E32="CH",D31-F31,""))
E33: =+IF(E32="LK","CH",IF(D33="","",IF(D33>0,"LK","CH"))) | F33: =+IF(OR(E33="LK"),ROUNDUP(D33*(VLOOKUP(B33,'Pedido VACIO'!$H:$AK,30,0))/70,0)*1,IF(E33="CH",D32-F32,""))
A34: {=+IFERROR(INDEX('Pedido VACIO'!$B:$B,MATCH(1,('Pedido VACIO'!$H:$H=$B34)*('Pedido VACIO'!$A:$A="Roster"),0)),"")} | B34: =+B32+1 -> 11 | C34: {=+IFERROR(INDEX('Pedido VACIO'!$F:$F,MATCH(1,('Pedido VACIO'!$H:$H=$B34)*('Pedido VACIO'!$A:$A="Roster"),0)),"")} | D34: {=+IFERROR(INDEX('Pedido VACIO'!$G:$G,MATCH(1,('Pedido VACIO'!$H:$H=$B34)*('Pedido VACIO'!$A:$A="Roster"),0)),"")} | E34: =+IF(E33="LK","CH",IF(D34="","",IF(D34>0,"LK","CH"))) | F34: =+IF(OR(E34="LK"),ROUNDUP(D34*(VLOOKUP(B34,'Pedido VACIO'!$H:$AK,30,0))/70,0)*1,IF(E34="CH",D33-F33,""))
E35: =+IF(E34="LK","CH",IF(D35="","",IF(D35>0,"LK","CH"))) | F35: =+IF(OR(E35="LK"),ROUNDUP(D35*(VLOOKUP(B35,'Pedido VACIO'!$H:$AK,30,0))/70,0)*1,IF(E35="CH",D34-F34,""))
A36: {=+IFERROR(INDEX('Pedido VACIO'!$B:$B,MATCH(1,('Pedido VACIO'!$H:$H=$B36)*('Pedido VACIO'!$A:$A="Roster"),0)),"")} | B36: =+B34+1 -> 12 | C36: {=+IFERROR(INDEX('Pedido VACIO'!$F:$F,MATCH(1,('Pedido VACIO'!$H:$H=$B36)*('Pedido VACIO'!$A:$A="Roster"),0)),"")} | D36: {=+IFERROR(INDEX('Pedido VACIO'!$G:$G,MATCH(1,('Pedido VACIO'!$H:$H=$B36)*('Pedido VACIO'!$A:$A="Roster"),0)),"")} | E36: =+IF(E35="LK","CH",IF(D36="","",IF(D36>0,"LK","CH"))) | F36: =+IF(OR(E36="LK"),ROUNDUP(D36*(VLOOKUP(B36,'Pedido VACIO'!$H:$AK,30,0))/70,0)*1,IF(E36="CH",D35-F35,""))
E37: =+IF(E36="LK","CH",IF(D37="","",IF(D37>0,"LK","CH"))) | F37: =+IF(OR(E37="LK"),ROUNDUP(D37*(VLOOKUP(B37,'Pedido VACIO'!$H:$AK,30,0))/70,0)*1,IF(E37="CH",D36-F36,""))
A38: {=+IFERROR(INDEX('Pedido VACIO'!$B:$B,MATCH(1,('Pedido VACIO'!$H:$H=$B38)*('Pedido VACIO'!$A:$A="Roster"),0)),"")} | B38: =+B36+1 -> 13 | C38: {=+IFERROR(INDEX('Pedido VACIO'!$F:$F,MATCH(1,('Pedido VACIO'!$H:$H=$B38)*('Pedido VACIO'!$A:$A="Roster"),0)),"")} | D38: {=+IFERROR(INDEX('Pedido VACIO'!$G:$G,MATCH(1,('Pedido VACIO'!$H:$H=$B38)*('Pedido VACIO'!$A:$A="Roster"),0)),"")} | E38: =+IF(E37="LK","CH",IF(D38="","",IF(D38>0,"LK","CH"))) | F38: =+IF(OR(E38="LK"),ROUNDUP(D38*(VLOOKUP(B38,'Pedido VACIO'!$H:$AK,30,0))/70,0)*1,IF(E38="CH",D37-F37,""))
E39: =+IF(E38="LK","CH",IF(D39="","",IF(D39>0,"LK","CH"))) | F39: =+IF(OR(E39="LK"),ROUNDUP(D39*(VLOOKUP(B39,'Pedido VACIO'!$H:$AK,30,0))/70,0)*1,IF(E39="CH",D38-F38,""))
A40: {=+IFERROR(INDEX('Pedido VACIO'!$B:$B,MATCH(1,('Pedido VACIO'!$H:$H=$B40)*('Pedido VACIO'!$A:$A="Roster"),0)),"")} | B40: =+B38+1 -> 14 | C40: {=+IFERROR(INDEX('Pedido VACIO'!$F:$F,MATCH(1,('Pedido VACIO'!$H:$H=$B40)*('Pedido VACIO'!$A:$A="Roster"),0)),"")} | D40: {=+IFERROR(INDEX('Pedido VACIO'!$G:$G,MATCH(1,('Pedido VACIO'!$H:$H=$B40)*('Pedido VACIO'!$A:$A="Roster"),0)),"")} | E40: =+IF(E39="LK","CH",IF(D40="","",IF(D40>0,"LK","CH"))) | F40: =+IF(OR(E40="LK"),ROUNDUP(D40*(VLOOKUP(B40,'Pedido VACIO'!$H:$AK,30,0))/70,0)*1,IF(E40="CH",D39-F39,""))
E41: =+IF(E40="LK","CH",IF(D41="","",IF(D41>0,"LK","CH"))) | F41: =+IF(OR(E41="LK"),ROUNDUP(D41*(VLOOKUP(B41,'Pedido VACIO'!$H:$AK,30,0))/70,0)*1,IF(E41="CH",D40-F40,""))
A42: {=+IFERROR(INDEX('Pedido VACIO'!$B:$B,MATCH(1,('Pedido VACIO'!$H:$H=$B42)*('Pedido VACIO'!$A:$A="Roster"),0)),"")} | B42: =+B40+1 -> 15 | C42: {=+IFERROR(INDEX('Pedido VACIO'!$F:$F,MATCH(1,('Pedido VACIO'!$H:$H=$B42)*('Pedido VACIO'!$A:$A="Roster"),0)),"")} | D42: {=+IFERROR(INDEX('Pedido VACIO'!$G:$G,MATCH(1,('Pedido VACIO'!$H:$H=$B42)*('Pedido VACIO'!$A:$A="Roster"),0)),"")} | E42: =+IF(E41="LK","CH",IF(D42="","",IF(D42>0,"LK","CH"))) | F42: =+IF(OR(E42="LK"),ROUNDUP(D42*(VLOOKUP(B42,'Pedido VACIO'!$H:$AK,30,0))/70,0)*1,IF(E42="CH",D41-F41,""))
E43: =+IF(E42="LK","CH",IF(D43="","",IF(D43>0,"LK","CH"))) | F43: =+IF(OR(E43="LK"),ROUNDUP(D43*(VLOOKUP(B43,'Pedido VACIO'!$H:$AK,30,0))/70,0)*1,IF(E43="CH",D42-F42,""))

Sheet O.C. Cia Integral Etiquetas
A1: Loekemeyer Hnos. S.R.L | F1: Chef SRL
A2: CUIT: | C2: 30-51584245-0 | F2: CUIT: | H2: 30-68575625-7
A3: DIRECCION: | C3: Cervantes 2868 | F3: DIRECCION: | H3: Virgilio 2788
A4: LOCALIDAD: | C4: Villa Devoto, CABA | F4: LOCALIDAD: | H4: Villa Real, CABA
A6: ORDEN DE COMPRA | F6: FECHA PEDIDO: | I6: =+TODAY() -> 46099
A8: RAZON SOCIAL: | C8: CIA INTEGRAL ETIQUETAS | D8: COD PROV: | E8: 3183 | F8: ENTREGA EN: | I8: Cervantes 2868
A10: FACTURAR Loekemeyer 70% Chef 30%
A12: ESTE PEDIDO ANULA CUALQUIER PEDIDO ANTERIOR
A13: Cód ISIS | B13: N° Ord | C13: Descripcion Material | D13: Pedido Uni | E13: Emp | F13: Uni a FC | G13: Fecha Pos Ent | H13: Fecha Ent | I13: Uni Ent | J13: Fecha Ent | K13: Uni Ent | L13: Fecha Ent | M13: Uni Ent
A14: {=+IFERROR(INDEX('Pedido VACIO'!$B:$B,MATCH(1,('Pedido VACIO'!$H:$H=$B14)*('Pedido VACIO'!$A:$A="Cia"),0)),"")} | B14: 1 | C14: {=+IFERROR(INDEX('Pedido VACIO'!$F:$F,MATCH(1,('Pedido VACIO'!$H:$H=$B14)*('Pedido VACIO'!$A:$A="Cia"),0)),"")} | D14: {=+IFERROR(INDEX('Pedido VACIO'!$G:$G,MATCH(1,('Pedido VACIO'!$H:$H=$B14)*('Pedido VACIO'!$A:$A="Cia"),0)),"")} | E14: =+IF(E13="LK","CH",IF(D14="","",IF(D14>0,"LK","CH"))) | F14: =+IF(OR(E14="LK"),ROUNDUP(D14*(VLOOKUP(B14,'Pedido VACIO'!$H:$AK,30,0))/70,0)*1,IF(E14="CH",D13-F13,""))
E15: =+IF(E14="LK","CH",IF(D15="","",IF(D15>0,"LK","CH"))) | F15: =+IF(OR(E15="LK"),ROUNDUP(D15*(VLOOKUP(B15,'Pedido VACIO'!$H:$AK,30,0))/70,0)*1,IF(E15="CH",D14-F14,""))
A16: {=+IFERROR(INDEX('Pedido VACIO'!$B:$B,MATCH(1,('Pedido VACIO'!$H:$H=$B16)*('Pedido VACIO'!$A:$A="Cia"),0)),"")} | B16: =+B14+1 -> 2 | C16: {=+IFERROR(INDEX('Pedido VACIO'!$F:$F,MATCH(1,('Pedido VACIO'!$H:$H=$B16)*('Pedido VACIO'!$A:$A="Cia"),0)),"")} | D16: {=+IFERROR(INDEX('Pedido VACIO'!$G:$G,MATCH(1,('Pedido VACIO'!$H:$H=$B16)*('Pedido VACIO'!$A:$A="Cia"),0)),"")} | E16: =+IF(E15="LK","CH",IF(D16="","",IF(D16>0,"LK","CH"))) | F16: =+IF(OR(E16="LK"),ROUNDUP(D16*(VLOOKUP(B16,'Pedido VACIO'!$H:$AK,30,0))/70,0)*1,IF(E16="CH",D15-F15,""))
E17: =+IF(E16="LK","CH",IF(D17="","",IF(D17>0,"LK","CH"))) | F17: =+IF(OR(E17="LK"),ROUNDUP(D17*(VLOOKUP(B17,'Pedido VACIO'!$H:$AK,30,0))/70,0)*1,IF(E17="CH",D16-F16,""))
A18: {=+IFERROR(INDEX('Pedido VACIO'!$B:$B,MATCH(1,('Pedido VACIO'!$H:$H=$B18)*('Pedido VACIO'!$A:$A="Cia"),0)),"")} | B18: =+B16+1 -> 3 | C18: {=+IFERROR(INDEX('Pedido VACIO'!$F:$F,MATCH(1,('Pedido VACIO'!$H:$H=$B18)*('Pedido VACIO'!$A:$A="Cia"),0)),"")} | D18: {=+IFERROR(INDEX('Pedido VACIO'!$G:$G,MATCH(1,('Pedido VACIO'!$H:$H=$B18)*('Pedido VACIO'!$A:$A="Cia"),0)),"")} | E18: =+IF(E17="LK","CH",IF(D18="","",IF(D18>0,"LK","CH"))) | F18: =+IF(OR(E18="LK"),ROUNDUP(D18*(VLOOKUP(B18,'Pedido VACIO'!$H:$AK,30,0))/70,0)*1,IF(E18="CH",D17-F17,""))
E19: =+IF(E18="LK","CH",IF(D19="","",IF(D19>0,"LK","CH"))) | F19: =+IF(OR(E19="LK"),ROUNDUP(D19*(VLOOKUP(B19,'Pedido VACIO'!$H:$AK,30,0))/70,0)*1,IF(E19="CH",D18-F18,""))
A20: {=+IFERROR(INDEX('Pedido VACIO'!$B:$B,MATCH(1,('Pedido VACIO'!$H:$H=$B20)*('Pedido VACIO'!$A:$A="Cia"),0)),"")} | B20: =+B18+1 -> 4 | C20: {=+IFERROR(INDEX('Pedido VACIO'!$F:$F,MATCH(1,('Pedido VACIO'!$H:$H=$B20)*('Pedido VACIO'!$A:$A="Cia"),0)),"")} | D20: {=+IFERROR(INDEX('Pedido VACIO'!$G:$G,MATCH(1,('Pedido VACIO'!$H:$H=$B20)*('Pedido VACIO'!$A:$A="Cia"),0)),"")} | E20: =+IF(E19="LK","CH",IF(D20="","",IF(D20>0,"LK","CH"))) | F20: =+IF(OR(E20="LK"),ROUNDUP(D20*(VLOOKUP(B20,'Pedido VACIO'!$H:$AK,30,0))/70,0)*1,IF(E20="CH",D19-F19,""))
E21: =+IF(E20="LK","CH",IF(D21="","",IF(D21>0,"LK","CH"))) | F21: =+IF(OR(E21="LK"),ROUNDUP(D21*(VLOOKUP(B21,'Pedido VACIO'!$H:$AK,30,0))/70,0)*1,IF(E21="CH",D20-F20,""))
A22: {=+IFERROR(INDEX('Pedido VACIO'!$B:$B,MATCH(1,('Pedido VACIO'!$H:$H=$B22)*('Pedido VACIO'!$A:$A="Cia"),0)),"")} | B22: =+B20+1 -> 5 | C22: {=+IFERROR(INDEX('Pedido VACIO'!$F:$F,MATCH(1,('Pedido VACIO'!$H:$H=$B22)*('Pedido VACIO'!$A:$A="Cia"),0)),"")} | D22: {=+IFERROR(INDEX('Pedido VACIO'!$G:$G,MATCH(1,('Pedido VACIO'!$H:$H=$B22)*('Pedido VACIO'!$A:$A="Cia"),0)),"")} | E22: =+IF(E21="LK","CH",IF(D22="","",IF(D22>0,"LK","CH"))) | F22: =+IF(OR(E22="LK"),ROUNDUP(D22*(VLOOKUP(B22,'Pedido VACIO'!$H:$AK,30,0))/70,0)*1,IF(E22="CH",D21-F21,""))
E23: =+IF(E22="LK","CH",IF(D23="","",IF(D23>0,"LK","CH"))) | F23: =+IF(OR(E23="LK"),ROUNDUP(D23*(VLOOKUP(B23,'Pedido VACIO'!$H:$AK,30,0))/70,0)*1,IF(E23="CH",D22-F22,""))
A24: {=+IFERROR(INDEX('Pedido VACIO'!$B:$B,MATCH(1,('Pedido VACIO'!$H:$H=$B24)*('Pedido VACIO'!$A:$A="Cia"),0)),"")} | B24: =+B22+1 -> 6 | C24: {=+IFERROR(INDEX('Pedido VACIO'!$F:$F,MATCH(1,('Pedido VACIO'!$H:$H=$B24)*('Pedido VACIO'!$A:$A="Cia"),0)),"")} | D24: {=+IFERROR(INDEX('Pedido VACIO'!$G:$G,MATCH(1,('Pedido VACIO'!$H:$H=$B24)*('Pedido VACIO'!$A:$A="Cia"),0)),"")} | E24: =+IF(E23="LK","CH",IF(D24="","",IF(D24>0,"LK","CH"))) | F24: =+IF(OR(E24="LK"),ROUNDUP(D24*(VLOOKUP(B24,'Pedido VACIO'!$H:$AK,30,0))/70,0)*1,IF(E24="CH",D23-F23,""))
E25: =+IF(E24="LK","CH",IF(D25="","",IF(D25>0,"LK","CH"))) | F25: =+IF(OR(E25="LK"),ROUNDUP(D25*(VLOOKUP(B25,'Pedido VACIO'!$H:$AK,30,0))/70,0)*1,IF(E25="CH",D24-F24,""))
A26: {=+IFERROR(INDEX('Pedido VACIO'!$B:$B,MATCH(1,('Pedido VACIO'!$H:$H=$B26)*('Pedido VACIO'!$A:$A="Cia"),0)),"")} | B26: =+B24+1 -> 7 | C26: {=+IFERROR(INDEX('Pedido VACIO'!$F:$F,MATCH(1,('Pedido VACIO'!$H:$H=$B26)*('Pedido VACIO'!$A:$A="Cia"),0)),"")} | D26: {=+IFERROR(INDEX('Pedido VACIO'!$G:$G,MATCH(1,('Pedido VACIO'!$H:$H=$B26)*('Pedido VACIO'!$A:$A="Cia"),0)),"")} | E26: =+IF(E25="LK","CH",IF(D26="","",IF(D26>0,"LK","CH"))) | F26: =+IF(OR(E26="LK"),ROUNDUP(D26*(VLOOKUP(B26,'Pedido VACIO'!$H:$AK,30,0))/70,0)*1,IF(E26="CH",D25-F25,""))
E27: =+IF(E26="LK","CH",IF(D27="","",IF(D27>0,"LK","CH"))) | F27: =+IF(OR(E27="LK"),ROUNDUP(D27*(VLOOKUP(B27,'Pedido VACIO'!$H:$AK,30,0))/70,0)*1,IF(E27="CH",D26-F26,""))
A28: {=+IFERROR(INDEX('Pedido VACIO'!$B:$B,MATCH(1,('Pedido VACIO'!$H:$H=$B28)*('Pedido VACIO'!$A:$A="Cia"),0)),"")} | B28: =+B26+1 -> 8 | C28: {=+IFERROR(INDEX('Pedido VACIO'!$F:$F,MATCH(1,('Pedido VACIO'!$H:$H=$B28)*('Pedido VACIO'!$A:$A="Cia"),0)),"")} | D28: {=+IFERROR(INDEX('Pedido VACIO'!$G:$G,MATCH(1,('Pedido VACIO'!$H:$H=$B28)*('Pedido VACIO'!$A:$A="Cia"),0)),"")} | E28: =+IF(E27="LK","CH",IF(D28="","",IF(D28>0,"LK","CH"))) | F28: =+IF(OR(E28="LK"),ROUNDUP(D28*(VLOOKUP(B28,'Pedido VACIO'!$H:$AK,30,0))/70,0)*1,IF(E28="CH",D27-F27,""))
E29: =+IF(E28="LK","CH",IF(D29="","",IF(D29>0,"LK","CH"))) | F29: =+IF(OR(E29="LK"),ROUNDUP(D29*(VLOOKUP(B29,'Pedido VACIO'!$H:$AK,30,0))/70,0)*1,IF(E29="CH",D28-F28,""))
A30: {=+IFERROR(INDEX('Pedido VACIO'!$B:$B,MATCH(1,('Pedido VACIO'!$H:$H=$B30)*('Pedido VACIO'!$A:$A="Cia"),0)),"")} | B30: =+B28+1 -> 9 | C30: {=+IFERROR(INDEX('Pedido VACIO'!$F:$F,MATCH(1,('Pedido VACIO'!$H:$H=$B30)*('Pedido VACIO'!$A:$A="Cia"),0)),"")} | D30: {=+IFERROR(INDEX('Pedido VACIO'!$G:$G,MATCH(1,('Pedido VACIO'!$H:$H=$B30)*('Pedido VACIO'!$A:$A="Cia"),0)),"")} | E30: =+IF(E29="LK","CH",IF(D30="","",IF(D30>0,"LK","CH"))) | F30: =+IF(OR(E30="LK"),ROUNDUP(D30*(VLOOKUP(B30,'Pedido VACIO'!$H:$AK,30,0))/70,0)*1,IF(E30="CH",D29-F29,""))
E31: =+IF(E30="LK","CH",IF(D31="","",IF(D31>0,"LK","CH"))) | F31: =+IF(OR(E31="LK"),ROUNDUP(D31*(VLOOKUP(B31,'Pedido VACIO'!$H:$AK,30,0))/70,0)*1,IF(E31="CH",D30-F30,""))
A32: {=+IFERROR(INDEX('Pedido VACIO'!$B:$B,MATCH(1,('Pedido VACIO'!$H:$H=$B32)*('Pedido VACIO'!$A:$A="Cia"),0)),"")} | B32: =+B30+1 -> 10 | C32: {=+IFERROR(INDEX('Pedido VACIO'!$F:$F,MATCH(1,('Pedido VACIO'!$H:$H=$B32)*('Pedido VACIO'!$A:$A="Cia"),0)),"")} | D32: {=+IFERROR(INDEX('Pedido VACIO'!$G:$G,MATCH(1,('Pedido VACIO'!$H:$H=$B32)*('Pedido VACIO'!$A:$A="Cia"),0)),"")} | E32: =+IF(E31="LK","CH",IF(D32="","",IF(D32>0,"LK","CH"))) | F32: =+IF(OR(E32="LK"),ROUNDUP(D32*(VLOOKUP(B32,'Pedido VACIO'!$H:$AK,30,0))/70,0)*1,IF(E32="CH",D31-F31,""))
E33: =+IF(E32="LK","CH",IF(D33="","",IF(D33>0,"LK","CH"))) | F33: =+IF(OR(E33="LK"),ROUNDUP(D33*(VLOOKUP(B33,'Pedido VACIO'!$H:$AK,30,0))/70,0)*1,IF(E33="CH",D32-F32,""))
A34: {=+IFERROR(INDEX('Pedido VACIO'!$B:$B,MATCH(1,('Pedido VACIO'!$H:$H=$B34)*('Pedido VACIO'!$A:$A="Cia"),0)),"")} | B34: =+B32+1 -> 11 | C34: {=+IFERROR(INDEX('Pedido VACIO'!$F:$F,MATCH(1,('Pedido VACIO'!$H:$H=$B34)*('Pedido VACIO'!$A:$A="Cia"),0)),"")} | D34: {=+IFERROR(INDEX('Pedido VACIO'!$G:$G,MATCH(1,('Pedido VACIO'!$H:$H=$B34)*('Pedido VACIO'!$A:$A="Cia"),0)),"")} | E34: =+IF(E33="LK","CH",IF(D34="","",IF(D34>0,"LK","CH"))) | F34: =+IF(OR(E34="LK"),ROUNDUP(D34*(VLOOKUP(B34,'Pedido VACIO'!$H:$AK,30,0))/70,0)*1,IF(E34="CH",D33-F33,""))
E35: =+IF(E34="LK","CH",IF(D35="","",IF(D35>0,"LK","CH"))) | F35: =+IF(OR(E35="LK"),ROUNDUP(D35*(VLOOKUP(B35,'Pedido VACIO'!$H:$AK,30,0))/70,0)*1,IF(E35="CH",D34-F34,""))
A36: {=+IFERROR(INDEX('Pedido VACIO'!$B:$B,MATCH(1,('Pedido VACIO'!$H:$H=$B36)*('Pedido VACIO'!$A:$A="Cia"),0)),"")} | B36: =+B34+1 -> 12 | C36: {=+IFERROR(INDEX('Pedido VACIO'!$F:$F,MATCH(1,('Pedido VACIO'!$H:$H=$B36)*('Pedido VACIO'!$A:$A="Cia"),0)),"")} | D36: {=+IFERROR(INDEX('Pedido VACIO'!$G:$G,MATCH(1,('Pedido VACIO'!$H:$H=$B36)*('Pedido VACIO'!$A:$A="Cia"),0)),"")} | E36: =+IF(E35="LK","CH",IF(D36="","",IF(D36>0,"LK","CH"))) | F36: =+IF(OR(E36="LK"),ROUNDUP(D36*(VLOOKUP(B36,'Pedido VACIO'!$H:$AK,30,0))/70,0)*1,IF(E36="CH",D35-F35,""))
E37: =+IF(E36="LK","CH",IF(D37="","",IF(D37>0,"LK","CH"))) | F37: =+IF(OR(E37="LK"),ROUNDUP(D37*(VLOOKUP(B37,'Pedido VACIO'!$H:$AK,30,0))/70,0)*1,IF(E37="CH",D36-F36,""))
A38: {=+IFERROR(INDEX('Pedido VACIO'!$B:$B,MATCH(1,('Pedido VACIO'!$H:$H=$B38)*('Pedido VACIO'!$A:$A="Cia"),0)),"")} | B38: =+B36+1 -> 13 | C38: {=+IFERROR(INDEX('Pedido VACIO'!$F:$F,MATCH(1,('Pedido VACIO'!$H:$H=$B38)*('Pedido VACIO'!$A:$A="Cia"),0)),"")} | D38: {=+IFERROR(INDEX('Pedido VACIO'!$G:$G,MATCH(1,('Pedido VACIO'!$H:$H=$B38)*('Pedido VACIO'!$A:$A="Cia"),0)),"")} | E38: =+IF(E37="LK","CH",IF(D38="","",IF(D38>0,"LK","CH"))) | F38: =+IF(OR(E38="LK"),ROUNDUP(D38*(VLOOKUP(B38,'Pedido VACIO'!$H:$AK,30,0))/70,0)*1,IF(E38="CH",D37-F37,""))
E39: =+IF(E38="LK","CH",IF(D39="","",IF(D39>0,"LK","CH"))) | F39: =+IF(OR(E39="LK"),ROUNDUP(D39*(VLOOKUP(B39,'Pedido VACIO'!$H:$AK,30,0))/70,0)*1,IF(E39="CH",D38-F38,""))
A40: {=+IFERROR(INDEX('Pedido VACIO'!$B:$B,MATCH(1,('Pedido VACIO'!$H:$H=$B40)*('Pedido VACIO'!$A:$A="Cia"),0)),"")} | B40: =+B38+1 -> 14 | C40: {=+IFERROR(INDEX('Pedido VACIO'!$F:$F,MATCH(1,('Pedido VACIO'!$H:$H=$B40)*('Pedido VACIO'!$A:$A="Cia"),0)),"")} | D40: {=+IFERROR(INDEX('Pedido VACIO'!$G:$G,MATCH(1,('Pedido VACIO'!$H:$H=$B40)*('Pedido VACIO'!$A:$A="Cia"),0)),"")} | E40: =+IF(E39="LK","CH",IF(D40="","",IF(D40>0,"LK","CH"))) | F40: =+IF(OR(E40="LK"),ROUNDUP(D40*(VLOOKUP(B40,'Pedido VACIO'!$H:$AK,30,0))/70,0)*1,IF(E40="CH",D39-F39,""))
E41: =+IF(E40="LK","CH",IF(D41="","",IF(D41>0,"LK","CH"))) | F41: =+IF(OR(E41="LK"),ROUNDUP(D41*(VLOOKUP(B41,'Pedido VACIO'!$H:$AK,30,0))/70,0)*1,IF(E41="CH",D40-F40,""))
A42: {=+IFERROR(INDEX('Pedido VACIO'!$B:$B,MATCH(1,('Pedido VACIO'!$H:$H=$B42)*('Pedido VACIO'!$A:$A="Cia"),0)),"")} | B42: =+B40+1 -> 15 | C42: {=+IFERROR(INDEX('Pedido VACIO'!$F:$F,MATCH(1,('Pedido VACIO'!$H:$H=$B42)*('Pedido VACIO'!$A:$A="Cia"),0)),"")} | D42: {=+IFERROR(INDEX('Pedido VACIO'!$G:$G,MATCH(1,('Pedido VACIO'!$H:$H=$B42)*('Pedido VACIO'!$A:$A="Cia"),0)),"")} | E42: =+IF(E41="LK","CH",IF(D42="","",IF(D42>0,"LK","CH"))) | F42: =+IF(OR(E42="LK"),ROUNDUP(D42*(VLOOKUP(B42,'Pedido VACIO'!$H:$AK,30,0))/70,0)*1,IF(E42="CH",D41-F41,""))
E43: =+IF(E42="LK","CH",IF(D43="","",IF(D43>0,"LK","CH"))) | F43: =+IF(OR(E43="LK"),ROUNDUP(D43*(VLOOKUP(B43,'Pedido VACIO'!$H:$AK,30,0))/70,0)*1,IF(E43="CH",D42-F42,""))

Sheet O.C. Sumatik
A1: Loekemeyer Hnos. S.R.L | F1: Chef SRL
A2: CUIT: | C2: 30-51584245-0 | F2: CUIT: | H2: 30-68575625-7
A3: DIRECCION: | C3: Cervantes 2868 | F3: DIRECCION: | H3: Virgilio 2788
A4: LOCALIDAD: | C4: Villa Devoto, CABA | F4: LOCALIDAD: | H4: Villa Real, CABA
A6: ORDEN DE COMPRA | F6: FECHA PEDIDO: | I6: =+TODAY() -> 46099
A8: RAZON SOCIAL: | C8: SUMATIK | D8: COD PROV: | F8: ENTREGA EN: | I8: Cervantes 2868
A10: FACTURAR Loekemeyer 70% Chef 30%
A12: ESTE PEDIDO ANULA CUALQUIER PEDIDO ANTERIOR
A13: Cód ISIS | B13: N° Ord | C13: Descripcion Material | D13: Pedido KG | E13: Emp | F13: KG a FC | G13: Fecha Pos Ent | H13: Fecha Ent | I13: KG Ent | J13: Fecha Ent | K13: KG Ent | L13: Fecha Ent | M13: KG Ent
A14: {=+IFERROR(INDEX('Pedido VACIO'!$B:$B,MATCH(1,('Pedido VACIO'!$H:$H=$B14)*('Pedido VACIO'!$A:$A="Sumatik"),0)),"")} | B14: 1 | C14: {=+IFERROR(INDEX('Pedido VACIO'!$F:$F,MATCH(1,('Pedido VACIO'!$H:$H=$B14)*('Pedido VACIO'!$A:$A="Sumatik"),0)),"")} | D14: {=+IFERROR(INDEX('Pedido VACIO'!$G:$G,MATCH(1,('Pedido VACIO'!$H:$H=$B14)*('Pedido VACIO'!$A:$A="Sumatik"),0)),"")} | E14: =+IF(E13="LK","CH",IF(D14="","",IF(D14>0,"LK","CH"))) | F14: =+IF(OR(E14="LK"),ROUNDUP(D14*0.7/25,0)*25,IF(E14="CH",D13-F13,""))
E15: =+IF(E14="LK","CH",IF(D15="","",IF(D15>0,"LK","CH"))) | F15: =+IF(OR(E15="LK"),ROUNDUP(D15*0.7/25,0)*25,IF(E15="CH",D14-F14,""))
A16: {=+IFERROR(INDEX('Pedido VACIO'!$B:$B,MATCH(1,('Pedido VACIO'!$H:$H=$B16)*('Pedido VACIO'!$A:$A="Sumatik"),0)),"")} | B16: =+B14+1 -> 2 | C16: {=+IFERROR(INDEX('Pedido VACIO'!$F:$F,MATCH(1,('Pedido VACIO'!$H:$H=$B16)*('Pedido VACIO'!$A:$A="Sumatik"),0)),"")} | D16: {=+IFERROR(INDEX('Pedido VACIO'!$G:$G,MATCH(1,('Pedido VACIO'!$H:$H=$B16)*('Pedido VACIO'!$A:$A="Sumatik"),0)),"")} | E16: =+IF(E15="LK","CH",IF(D16="","",IF(D16>0,"LK","CH"))) | F16: =+IF(OR(E16="LK"),ROUNDUP(D16*0.7/25,0)*25,IF(E16="CH",D15-F15,""))
E17: =+IF(E16="LK","CH",IF(D17="","",IF(D17>0,"LK","CH"))) | F17: =+IF(OR(E17="LK"),ROUNDUP(D17*0.7/25,0)*25,IF(E17="CH",D16-F16,""))
A18: {=+IFERROR(INDEX('Pedido VACIO'!$B:$B,MATCH(1,('Pedido VACIO'!$H:$H=$B18)*('Pedido VACIO'!$A:$A="Sumatik"),0)),"")} | B18: =+B16+1 -> 3 | C18: {=+IFERROR(INDEX('Pedido VACIO'!$F:$F,MATCH(1,('Pedido VACIO'!$H:$H=$B18)*('Pedido VACIO'!$A:$A="Sumatik"),0)),"")} | D18: {=+IFERROR(INDEX('Pedido VACIO'!$G:$G,MATCH(1,('Pedido VACIO'!$H:$H=$B18)*('Pedido VACIO'!$A:$A="Sumatik"),0)),"")} | E18: =+IF(E17="LK","CH",IF(D18="","",IF(D18>0,"LK","CH"))) | F18: =+IF(OR(E18="LK"),ROUNDUP(D18*0.7/25,0)*25,IF(E18="CH",D17-F17,""))
E19: =+IF(E18="LK","CH",IF(D19="","",IF(D19>0,"LK","CH"))) | F19: =+IF(OR(E19="LK"),ROUNDUP(D19*0.7/25,0)*25,IF(E19="CH",D18-F18,""))
A20: {=+IFERROR(INDEX('Pedido VACIO'!$B:$B,MATCH(1,('Pedido VACIO'!$H:$H=$B20)*('Pedido VACIO'!$A:$A="Sumatik"),0)),"")} | B20: =+B18+1 -> 4 | C20: {=+IFERROR(INDEX('Pedido VACIO'!$F:$F,MATCH(1,('Pedido VACIO'!$H:$H=$B20)*('Pedido VACIO'!$A:$A="Sumatik"),0)),"")} | D20: {=+IFERROR(INDEX('Pedido VACIO'!$G:$G,MATCH(1,('Pedido VACIO'!$H:$H=$B20)*('Pedido VACIO'!$A:$A="Sumatik"),0)),"")} | E20: =+IF(E19="LK","CH",IF(D20="","",IF(D20>0,"LK","CH"))) | F20: =+IF(OR(E20="LK"),ROUNDUP(D20*0.7/25,0)*25,IF(E20="CH",D19-F19,""))
E21: =+IF(E20="LK","CH",IF(D21="","",IF(D21>0,"LK","CH"))) | F21: =+IF(OR(E21="LK"),ROUNDUP(D21*0.7/25,0)*25,IF(E21="CH",D20-F20,""))
A22: {=+IFERROR(INDEX('Pedido VACIO'!$B:$B,MATCH(1,('Pedido VACIO'!$H:$H=$B22)*('Pedido VACIO'!$A:$A="Sumatik"),0)),"")} | B22: =+B20+1 -> 5 | C22: {=+IFERROR(INDEX('Pedido VACIO'!$F:$F,MATCH(1,('Pedido VACIO'!$H:$H=$B22)*('Pedido VACIO'!$A:$A="Sumatik"),0)),"")} | D22: {=+IFERROR(INDEX('Pedido VACIO'!$G:$G,MATCH(1,('Pedido VACIO'!$H:$H=$B22)*('Pedido VACIO'!$A:$A="Sumatik"),0)),"")} | E22: =+IF(E21="LK","CH",IF(D22="","",IF(D22>0,"LK","CH"))) | F22: =+IF(OR(E22="LK"),ROUNDUP(D22*0.7/25,0)*25,IF(E22="CH",D21-F21,""))
E23: =+IF(E22="LK","CH",IF(D23="","",IF(D23>0,"LK","CH"))) | F23: =+IF(OR(E23="LK"),ROUNDUP(D23*0.7/25,0)*25,IF(E23="CH",D22-F22,""))
A24: {=+IFERROR(INDEX('Pedido VACIO'!$B:$B,MATCH(1,('Pedido VACIO'!$H:$H=$B24)*('Pedido VACIO'!$A:$A="Sumatik"),0)),"")} | B24: =+B22+1 -> 6 | C24: {=+IFERROR(INDEX('Pedido VACIO'!$F:$F,MATCH(1,('Pedido VACIO'!$H:$H=$B24)*('Pedido VACIO'!$A:$A="Sumatik"),0)),"")} | D24: {=+IFERROR(INDEX('Pedido VACIO'!$G:$G,MATCH(1,('Pedido VACIO'!$H:$H=$B24)*('Pedido VACIO'!$A:$A="Sumatik"),0)),"")} | E24: =+IF(E23="LK","CH",IF(D24="","",IF(D24>0,"LK","CH"))) | F24: =+IF(OR(E24="LK"),ROUNDUP(D24*0.7/25,0)*25,IF(E24="CH",D23-F23,""))
E25: =+IF(E24="LK","CH",IF(D25="","",IF(D25>0,"LK","CH"))) | F25: =+IF(OR(E25="LK"),ROUNDUP(D25*0.7/25,0)*25,IF(E25="CH",D24-F24,""))
A26: {=+IFERROR(INDEX('Pedido VACIO'!$B:$B,MATCH(1,('Pedido VACIO'!$H:$H=$B26)*('Pedido VACIO'!$A:$A="Sumatik"),0)),"")} | B26: =+B24+1 -> 7 | C26: {=+IFERROR(INDEX('Pedido VACIO'!$F:$F,MATCH(1,('Pedido VACIO'!$H:$H=$B26)*('Pedido VACIO'!$A:$A="Sumatik"),0)),"")} | D26: {=+IFERROR(INDEX('Pedido VACIO'!$G:$G,MATCH(1,('Pedido VACIO'!$H:$H=$B26)*('Pedido VACIO'!$A:$A="Sumatik"),0)),"")} | E26: =+IF(E25="LK","CH",IF(D26="","",IF(D26>0,"LK","CH"))) | F26: =+IF(OR(E26="LK"),ROUNDUP(D26*0.7/25,0)*25,IF(E26="CH",D25-F25,""))
E27: =+IF(E26="LK","CH",IF(D27="","",IF(D27>0,"LK","CH"))) | F27: =+IF(OR(E27="LK"),ROUNDUP(D27*0.7/25,0)*25,IF(E27="CH",D26-F26,""))
A28: {=+IFERROR(INDEX('Pedido VACIO'!$B:$B,MATCH(1,('Pedido VACIO'!$H:$H=$B28)*('Pedido VACIO'!$A:$A="Sumatik"),0)),"")} | B28: =+B26+1 -> 8 | C28: {=+IFERROR(INDEX('Pedido VACIO'!$F:$F,MATCH(1,('Pedido VACIO'!$H:$H=$B28)*('Pedido VACIO'!$A:$A="Sumatik"),0)),"")} | D28: {=+IFERROR(INDEX('Pedido VACIO'!$G:$G,MATCH(1,('Pedido VACIO'!$H:$H=$B28)*('Pedido VACIO'!$A:$A="Sumatik"),0)),"")} | E28: =+IF(E27="LK","CH",IF(D28="","",IF(D28>0,"LK","CH"))) | F28: =+IF(OR(E28="LK"),ROUNDUP(D28*0.7/25,0)*25,IF(E28="CH",D27-F27,""))
E29: =+IF(E28="LK","CH",IF(D29="","",IF(D29>0,"LK","CH"))) | F29: =+IF(OR(E29="LK"),ROUNDUP(D29*0.7/25,0)*25,IF(E29="CH",D28-F28,""))
A30: {=+IFERROR(INDEX('Pedido VACIO'!$B:$B,MATCH(1,('Pedido VACIO'!$H:$H=$B30)*('Pedido VACIO'!$A:$A="Sumatik"),0)),"")} | B30: =+B28+1 -> 9 | C30: {=+IFERROR(INDEX('Pedido VACIO'!$F:$F,MATCH(1,('Pedido VACIO'!$H:$H=$B30)*('Pedido VACIO'!$A:$A="Sumatik"),0)),"")} | D30: {=+IFERROR(INDEX('Pedido VACIO'!$G:$G,MATCH(1,('Pedido VACIO'!$H:$H=$B30)*('Pedido VACIO'!$A:$A="Sumatik"),0)),"")} | E30: =+IF(E29="LK","CH",IF(D30="","",IF(D30>0,"LK","CH"))) | F30: =+IF(OR(E30="LK"),ROUNDUP(D30*0.7/25,0)*25,IF(E30="CH",D29-F29,""))
E31: =+IF(E30="LK","CH",IF(D31="","",IF(D31>0,"LK","CH"))) | F31: =+IF(OR(E31="LK"),ROUNDUP(D31*0.7/25,0)*25,IF(E31="CH",D30-F30,""))
A32: {=+IFERROR(INDEX('Pedido VACIO'!$B:$B,MATCH(1,('Pedido VACIO'!$H:$H=$B32)*('Pedido VACIO'!$A:$A="Sumatik"),0)),"")} | B32: =+B30+1 -> 10 | C32: {=+IFERROR(INDEX('Pedido VACIO'!$F:$F,MATCH(1,('Pedido VACIO'!$H:$H=$B32)*('Pedido VACIO'!$A:$A="Sumatik"),0)),"")} | D32: {=+IFERROR(INDEX('Pedido VACIO'!$G:$G,MATCH(1,('Pedido VACIO'!$H:$H=$B32)*('Pedido VACIO'!$A:$A="Sumatik"),0)),"")} | E32: =+IF(E31="LK","CH",IF(D32="","",IF(D32>0,"LK","CH"))) | F32: =+IF(OR(E32="LK"),ROUNDUP(D32*0.7/25,0)*25,IF(E32="CH",D31-F31,""))
E33: =+IF(E32="LK","CH",IF(D33="","",IF(D33>0,"LK","CH"))) | F33: =+IF(OR(E33="LK"),ROUNDUP(D33*0.7/25,0)*25,IF(E33="CH",D32-F32,""))
A34: {=+IFERROR(INDEX('Pedido VACIO'!$B:$B,MATCH(1,('Pedido VACIO'!$H:$H=$B34)*('Pedido VACIO'!$A:$A="Sumatik"),0)),"")} | B34: =+B32+1 -> 11 | C34: {=+IFERROR(INDEX('Pedido VACIO'!$F:$F,MATCH(1,('Pedido VACIO'!$H:$H=$B34)*('Pedido VACIO'!$A:$A="Sumatik"),0)),"")} | D34: {=+IFERROR(INDEX('Pedido VACIO'!$G:$G,MATCH(1,('Pedido VACIO'!$H:$H=$B34)*('Pedido VACIO'!$A:$A="Sumatik"),0)),"")} | E34: =+IF(E33="LK","CH",IF(D34="","",IF(D34>0,"LK","CH"))) | F34: =+IF(OR(E34="LK"),ROUNDUP(D34*0.7/25,0)*25,IF(E34="CH",D33-F33,""))
E35: =+IF(E34="LK","CH",IF(D35="","",IF(D35>0,"LK","CH"))) | F35: =+IF(OR(E35="LK"),ROUNDUP(D35*0.7/25,0)*25,IF(E35="CH",D34-F34,""))
A36: {=+IFERROR(INDEX('Pedido VACIO'!$B:$B,MATCH(1,('Pedido VACIO'!$H:$H=$B36)*('Pedido VACIO'!$A:$A="Sumatik"),0)),"")} | B36: =+B34+1 -> 12 | C36: {=+IFERROR(INDEX('Pedido VACIO'!$F:$F,MATCH(1,('Pedido VACIO'!$H:$H=$B36)*('Pedido VACIO'!$A:$A="Sumatik"),0)),"")} | D36: {=+IFERROR(INDEX('Pedido VACIO'!$G:$G,MATCH(1,('Pedido VACIO'!$H:$H=$B36)*('Pedido VACIO'!$A:$A="Sumatik"),0)),"")} | E36: =+IF(E35="LK","CH",IF(D36="","",IF(D36>0,"LK","CH"))) | F36: =+IF(OR(E36="LK"),ROUNDUP(D36*0.7/25,0)*25,IF(E36="CH",D35-F35,""))
E37: =+IF(E36="LK","CH",IF(D37="","",IF(D37>0,"LK","CH"))) | F37: =+IF(OR(E37="LK"),ROUNDUP(D37*0.7/25,0)*25,IF(E37="CH",D36-F36,""))
A38: {=+IFERROR(INDEX('Pedido VACIO'!$B:$B,MATCH(1,('Pedido VACIO'!$H:$H=$B38)*('Pedido VACIO'!$A:$A="Sumatik"),0)),"")} | B38: =+B36+1 -> 13 | C38: {=+IFERROR(INDEX('Pedido VACIO'!$F:$F,MATCH(1,('Pedido VACIO'!$H:$H=$B38)*('Pedido VACIO'!$A:$A="Sumatik"),0)),"")} | D38: {=+IFERROR(INDEX('Pedido VACIO'!$G:$G,MATCH(1,('Pedido VACIO'!$H:$H=$B38)*('Pedido VACIO'!$A:$A="Sumatik"),0)),"")} | E38: =+IF(E37="LK","CH",IF(D38="","",IF(D38>0,"LK","CH"))) | F38: =+IF(OR(E38="LK"),ROUNDUP(D38*0.7/25,0)*25,IF(E38="CH",D37-F37,""))
E39: =+IF(E38="LK","CH",IF(D39="","",IF(D39>0,"LK","CH"))) | F39: =+IF(OR(E39="LK"),ROUNDUP(D39*0.7/25,0)*25,IF(E39="CH",D38-F38,""))
A40: {=+IFERROR(INDEX('Pedido VACIO'!$B:$B,MATCH(1,('Pedido VACIO'!$H:$H=$B40)*('Pedido VACIO'!$A:$A="Sumatik"),0)),"")} | B40: =+B38+1 -> 14 | C40: {=+IFERROR(INDEX('Pedido VACIO'!$F:$F,MATCH(1,('Pedido VACIO'!$H:$H=$B40)*('Pedido VACIO'!$A:$A="Sumatik"),0)),"")} | D40: {=+IFERROR(INDEX('Pedido VACIO'!$G:$G,MATCH(1,('Pedido VACIO'!$H:$H=$B40)*('Pedido VACIO'!$A:$A="Sumatik"),0)),"")} | E40: =+IF(E39="LK","CH",IF(D40="","",IF(D40>0,"LK","CH"))) | F40: =+IF(OR(E40="LK"),ROUNDUP(D40*0.7/25,0)*25,IF(E40="CH",D39-F39,""))
E41: =+IF(E40="LK","CH",IF(D41="","",IF(D41>0,"LK","CH"))) | F41: =+IF(OR(E41="LK"),ROUNDUP(D41*0.7/25,0)*25,IF(E41="CH",D40-F40,""))
A42: {=+IFERROR(INDEX('Pedido VACIO'!$B:$B,MATCH(1,('Pedido VACIO'!$H:$H=$B42)*('Pedido VACIO'!$A:$A="Sumatik"),0)),"")} | B42: =+B40+1 -> 15 | C42: {=+IFERROR(INDEX('Pedido VACIO'!$F:$F,MATCH(1,('Pedido VACIO'!$H:$H=$B42)*('Pedido VACIO'!$A:$A="Sumatik"),0)),"")} | D42: {=+IFERROR(INDEX('Pedido VACIO'!$G:$G,MATCH(1,('Pedido VACIO'!$H:$H=$B42)*('Pedido VACIO'!$A:$A="Sumatik"),0)),"")} | E42: =+IF(E41="LK","CH",IF(D42="","",IF(D42>0,"LK","CH"))) | F42: =+IF(OR(E42="LK"),ROUNDUP(D42*0.7/25,0)*25,IF(E42="CH",D41-F41,""))
E43: =+IF(E42="LK","CH",IF(D43="","",IF(D43>0,"LK","CH"))) | F43: =+IF(OR(E43="LK"),ROUNDUP(D43*0.7/25,0)*25,IF(E43="CH",D42-F42,""))

Sheet O.C. Packaging y Servicio
A1: Loekemeyer Hnos. S.R.L | F1: Chef SRL
A2: CUIT: | C2: 30-51584245-0 | F2: CUIT: | H2: 30-68575625-7
A3: DIRECCION: | C3: Cervantes 2868 | F3: DIRECCION: | H3: Virgilio 2788
A4: LOCALIDAD: | C4: Villa Devoto, CABA | F4: LOCALIDAD: | H4: Villa Real, CABA
A6: ORDEN DE COMPRA | F6: FECHA PEDIDO: | I6: =+TODAY() -> 46099
A8: RAZON SOCIAL: | C8: PACKAGING Y SERVICIO | D8: COD PROV: | E8: 2983 | F8: ENTREGA EN: | I8: Virgilio 2788
A10: FACTURAR Loekemeyer 70% Chef 30%
A12: ESTE PEDIDO ANULA CUALQUIER PEDIDO ANTERIOR
A13: Cód ISIS | B13: N° Ord | C13: Descripcion Material | D13: Pedido KG | E13: Emp | F13: KG a FC | G13: Fecha Pos Ent | H13: Fecha Ent | I13: KG Ent | J13: Fecha Ent | K13: KG Ent | L13: Fecha Ent | M13: KG Ent
A14: {=+IFERROR(INDEX('Pedido VACIO'!$B:$B,MATCH(1,('Pedido VACIO'!$H:$H=$B14)*('Pedido VACIO'!$A:$A="Packaging y Serv"),0)),"")} | B14: 1 | C14: {=+IFERROR(INDEX('Pedido VACIO'!$F:$F,MATCH(1,('Pedido VACIO'!$H:$H=$B14)*('Pedido VACIO'!$A:$A="Packaging y Serv"),0)),"")} | D14: {=+IFERROR(INDEX('Pedido VACIO'!$G:$G,MATCH(1,('Pedido VACIO'!$H:$H=$B14)*('Pedido VACIO'!$A:$A="Packaging y Serv"),0)),"")} | E14: =+IF(E13="LK","CH",IF(D14="","",IF(D14>0,"LK","CH"))) | F14: =+IF(OR(E14="LK"),ROUNDUP(D14*0.7/25,0)*25,IF(E14="CH",D13-F13,""))
E15: =+IF(E14="LK","CH",IF(D15="","",IF(D15>0,"LK","CH"))) | F15: =+IF(OR(E15="LK"),ROUNDUP(D15*0.7/25,0)*25,IF(E15="CH",D14-F14,""))
A16: {=+IFERROR(INDEX('Pedido VACIO'!$B:$B,MATCH(1,('Pedido VACIO'!$H:$H=$B16)*('Pedido VACIO'!$A:$A="Packaging y Serv"),0)),"")} | B16: =+B14+1 -> 2 | C16: {=+IFERROR(INDEX('Pedido VACIO'!$F:$F,MATCH(1,('Pedido VACIO'!$H:$H=$B16)*('Pedido VACIO'!$A:$A="Packaging y Serv"),0)),"")} | D16: {=+IFERROR(INDEX('Pedido VACIO'!$G:$G,MATCH(1,('Pedido VACIO'!$H:$H=$B16)*('Pedido VACIO'!$A:$A="Packaging y Serv"),0)),"")} | E16: =+IF(E15="LK","CH",IF(D16="","",IF(D16>0,"LK","CH"))) | F16: =+IF(OR(E16="LK"),ROUNDUP(D16*0.7/25,0)*25,IF(E16="CH",D15-F15,""))
E17: =+IF(E16="LK","CH",IF(D17="","",IF(D17>0,"LK","CH"))) | F17: =+IF(OR(E17="LK"),ROUNDUP(D17*0.7/25,0)*25,IF(E17="CH",D16-F16,""))
A18: {=+IFERROR(INDEX('Pedido VACIO'!$B:$B,MATCH(1,('Pedido VACIO'!$H:$H=$B18)*('Pedido VACIO'!$A:$A="Packaging y Serv"),0)),"")} | B18: =+B16+1 -> 3 | C18: {=+IFERROR(INDEX('Pedido VACIO'!$F:$F,MATCH(1,('Pedido VACIO'!$H:$H=$B18)*('Pedido VACIO'!$A:$A="Packaging y Serv"),0)),"")} | D18: {=+IFERROR(INDEX('Pedido VACIO'!$G:$G,MATCH(1,('Pedido VACIO'!$H:$H=$B18)*('Pedido VACIO'!$A:$A="Packaging y Serv"),0)),"")} | E18: =+IF(E17="LK","CH",IF(D18="","",IF(D18>0,"LK","CH"))) | F18: =+IF(OR(E18="LK"),ROUNDUP(D18*0.7/25,0)*25,IF(E18="CH",D17-F17,""))
E19: =+IF(E18="LK","CH",IF(D19="","",IF(D19>0,"LK","CH"))) | F19: =+IF(OR(E19="LK"),ROUNDUP(D19*0.7/25,0)*25,IF(E19="CH",D18-F18,""))
A20: {=+IFERROR(INDEX('Pedido VACIO'!$B:$B,MATCH(1,('Pedido VACIO'!$H:$H=$B20)*('Pedido VACIO'!$A:$A="Packaging y Serv"),0)),"")} | B20: =+B18+1 -> 4 | C20: {=+IFERROR(INDEX('Pedido VACIO'!$F:$F,MATCH(1,('Pedido VACIO'!$H:$H=$B20)*('Pedido VACIO'!$A:$A="Packaging y Serv"),0)),"")} | D20: {=+IFERROR(INDEX('Pedido VACIO'!$G:$G,MATCH(1,('Pedido VACIO'!$H:$H=$B20)*('Pedido VACIO'!$A:$A="Packaging y Serv"),0)),"")} | E20: =+IF(E19="LK","CH",IF(D20="","",IF(D20>0,"LK","CH"))) | F20: =+IF(OR(E20="LK"),ROUNDUP(D20*0.7/25,0)*25,IF(E20="CH",D19-F19,""))
E21: =+IF(E20="LK","CH",IF(D21="","",IF(D21>0,"LK","CH"))) | F21: =+IF(OR(E21="LK"),ROUNDUP(D21*0.7/25,0)*25,IF(E21="CH",D20-F20,""))
A22: {=+IFERROR(INDEX('Pedido VACIO'!$B:$B,MATCH(1,('Pedido VACIO'!$H:$H=$B22)*('Pedido VACIO'!$A:$A="Packaging y Serv"),0)),"")} | B22: =+B20+1 -> 5 | C22: {=+IFERROR(INDEX('Pedido VACIO'!$F:$F,MATCH(1,('Pedido VACIO'!$H:$H=$B22)*('Pedido VACIO'!$A:$A="Packaging y Serv"),0)),"")} | D22: {=+IFERROR(INDEX('Pedido VACIO'!$G:$G,MATCH(1,('Pedido VACIO'!$H:$H=$B22)*('Pedido VACIO'!$A:$A="Packaging y Serv"),0)),"")} | E22: =+IF(E21="LK","CH",IF(D22="","",IF(D22>0,"LK","CH"))) | F22: =+IF(OR(E22="LK"),ROUNDUP(D22*0.7/25,0)*25,IF(E22="CH",D21-F21,""))
E23: =+IF(E22="LK","CH",IF(D23="","",IF(D23>0,"LK","CH"))) | F23: =+IF(OR(E23="LK"),ROUNDUP(D23*0.7/25,0)*25,IF(E23="CH",D22-F22,""))
A24: {=+IFERROR(INDEX('Pedido VACIO'!$B:$B,MATCH(1,('Pedido VACIO'!$H:$H=$B24)*('Pedido VACIO'!$A:$A="Packaging y Serv"),0)),"")} | B24: =+B22+1 -> 6 | C24: {=+IFERROR(INDEX('Pedido VACIO'!$F:$F,MATCH(1,('Pedido VACIO'!$H:$H=$B24)*('Pedido VACIO'!$A:$A="Packaging y Serv"),0)),"")} | D24: {=+IFERROR(INDEX('Pedido VACIO'!$G:$G,MATCH(1,('Pedido VACIO'!$H:$H=$B24)*('Pedido VACIO'!$A:$A="Packaging y Serv"),0)),"")} | E24: =+IF(E23="LK","CH",IF(D24="","",IF(D24>0,"LK","CH"))) | F24: =+IF(OR(E24="LK"),ROUNDUP(D24*0.7/25,0)*25,IF(E24="CH",D23-F23,""))
E25: =+IF(E24="LK","CH",IF(D25="","",IF(D25>0,"LK","CH"))) | F25: =+IF(OR(E25="LK"),ROUNDUP(D25*0.7/25,0)*25,IF(E25="CH",D24-F24,""))
A26: {=+IFERROR(INDEX('Pedido VACIO'!$B:$B,MATCH(1,('Pedido VACIO'!$H:$H=$B26)*('Pedido VACIO'!$A:$A="Packaging y Serv"),0)),"")} | B26: =+B24+1 -> 7 | C26: {=+IFERROR(INDEX('Pedido VACIO'!$F:$F,MATCH(1,('Pedido VACIO'!$H:$H=$B26)*('Pedido VACIO'!$A:$A="Packaging y Serv"),0)),"")} | D26: {=+IFERROR(INDEX('Pedido VACIO'!$G:$G,MATCH(1,('Pedido VACIO'!$H:$H=$B26)*('Pedido VACIO'!$A:$A="Packaging y Serv"),0)),"")} | E26: =+IF(E25="LK","CH",IF(D26="","",IF(D26>0,"LK","CH"))) | F26: =+IF(OR(E26="LK"),ROUNDUP(D26*0.7/25,0)*25,IF(E26="CH",D25-F25,""))
E27: =+IF(E26="LK","CH",IF(D27="","",IF(D27>0,"LK","CH"))) | F27: =+IF(OR(E27="LK"),ROUNDUP(D27*0.7/25,0)*25,IF(E27="CH",D26-F26,""))
A28: {=+IFERROR(INDEX('Pedido VACIO'!$B:$B,MATCH(1,('Pedido VACIO'!$H:$H=$B28)*('Pedido VACIO'!$A:$A="Packaging y Serv"),0)),"")} | B28: =+B26+1 -> 8 | C28: {=+IFERROR(INDEX('Pedido VACIO'!$F:$F,MATCH(1,('Pedido VACIO'!$H:$H=$B28)*('Pedido VACIO'!$A:$A="Packaging y Serv"),0)),"")} | D28: {=+IFERROR(INDEX('Pedido VACIO'!$G:$G,MATCH(1,('Pedido VACIO'!$H:$H=$B28)*('Pedido VACIO'!$A:$A="Packaging y Serv"),0)),"")} | E28: =+IF(E27="LK","CH",IF(D28="","",IF(D28>0,"LK","CH"))) | F28: =+IF(OR(E28="LK"),ROUNDUP(D28*0.7/25,0)*25,IF(E28="CH",D27-F27,""))
E29: =+IF(E28="LK","CH",IF(D29="","",IF(D29>0,"LK","CH"))) | F29: =+IF(OR(E29="LK"),ROUNDUP(D29*0.7/25,0)*25,IF(E29="CH",D28-F28,""))
A30: {=+IFERROR(INDEX('Pedido VACIO'!$B:$B,MATCH(1,('Pedido VACIO'!$H:$H=$B30)*('Pedido VACIO'!$A:$A="Packaging y Serv"),0)),"")} | B30: =+B28+1 -> 9 | C30: {=+IFERROR(INDEX('Pedido VACIO'!$F:$F,MATCH(1,('Pedido VACIO'!$H:$H=$B30)*('Pedido VACIO'!$A:$A="Packaging y Serv"),0)),"")} | D30: {=+IFERROR(INDEX('Pedido VACIO'!$G:$G,MATCH(1,('Pedido VACIO'!$H:$H=$B30)*('Pedido VACIO'!$A:$A="Packaging y Serv"),0)),"")} | E30: =+IF(E29="LK","CH",IF(D30="","",IF(D30>0,"LK","CH"))) | F30: =+IF(OR(E30="LK"),ROUNDUP(D30*0.7/25,0)*25,IF(E30="CH",D29-F29,""))
E31: =+IF(E30="LK","CH",IF(D31="","",IF(D31>0,"LK","CH"))) | F31: =+IF(OR(E31="LK"),ROUNDUP(D31*0.7/25,0)*25,IF(E31="CH",D30-F30,""))
A32: {=+IFERROR(INDEX('Pedido VACIO'!$B:$B,MATCH(1,('Pedido VACIO'!$H:$H=$B32)*('Pedido VACIO'!$A:$A="Packaging y Serv"),0)),"")} | B32: =+B30+1 -> 10 | C32: {=+IFERROR(INDEX('Pedido VACIO'!$F:$F,MATCH(1,('Pedido VACIO'!$H:$H=$B32)*('Pedido VACIO'!$A:$A="Packaging y Serv"),0)),"")} | D32: {=+IFERROR(INDEX('Pedido VACIO'!$G:$G,MATCH(1,('Pedido VACIO'!$H:$H=$B32)*('Pedido VACIO'!$A:$A="Packaging y Serv"),0)),"")} | E32: =+IF(E31="LK","CH",IF(D32="","",IF(D32>0,"LK","CH"))) | F32: =+IF(OR(E32="LK"),ROUNDUP(D32*0.7/25,0)*25,IF(E32="CH",D31-F31,""))
E33: =+IF(E32="LK","CH",IF(D33="","",IF(D33>0,"LK","CH"))) | F33: =+IF(OR(E33="LK"),ROUNDUP(D33*0.7/25,0)*25,IF(E33="CH",D32-F32,""))
A34: {=+IFERROR(INDEX('Pedido VACIO'!$B:$B,MATCH(1,('Pedido VACIO'!$H:$H=$B34)*('Pedido VACIO'!$A:$A="Packaging y Serv"),0)),"")} | B34: =+B32+1 -> 11 | C34: {=+IFERROR(INDEX('Pedido VACIO'!$F:$F,MATCH(1,('Pedido VACIO'!$H:$H=$B34)*('Pedido VACIO'!$A:$A="Packaging y Serv"),0)),"")} | D34: {=+IFERROR(INDEX('Pedido VACIO'!$G:$G,MATCH(1,('Pedido VACIO'!$H:$H=$B34)*('Pedido VACIO'!$A:$A="Packaging y Serv"),0)),"")} | E34: =+IF(E33="LK","CH",IF(D34="","",IF(D34>0,"LK","CH"))) | F34: =+IF(OR(E34="LK"),ROUNDUP(D34*0.7/25,0)*25,IF(E34="CH",D33-F33,""))
E35: =+IF(E34="LK","CH",IF(D35="","",IF(D35>0,"LK","CH"))) | F35: =+IF(OR(E35="LK"),ROUNDUP(D35*0.7/25,0)*25,IF(E35="CH",D34-F34,""))
A36: {=+IFERROR(INDEX('Pedido VACIO'!$B:$B,MATCH(1,('Pedido VACIO'!$H:$H=$B36)*('Pedido VACIO'!$A:$A="Packaging y Serv"),0)),"")} | B36: =+B34+1 -> 12 | C36: {=+IFERROR(INDEX('Pedido VACIO'!$F:$F,MATCH(1,('Pedido VACIO'!$H:$H=$B36)*('Pedido VACIO'!$A:$A="Packaging y Serv"),0)),"")} | D36: {=+IFERROR(INDEX('Pedido VACIO'!$G:$G,MATCH(1,('Pedido VACIO'!$H:$H=$B36)*('Pedido VACIO'!$A:$A="Packaging y Serv"),0)),"")} | E36: =+IF(E35="LK","CH",IF(D36="","",IF(D36>0,"LK","CH"))) | F36: =+IF(OR(E36="LK"),ROUNDUP(D36*0.7/25,0)*25,IF(E36="CH",D35-F35,""))
E37: =+IF(E36="LK","CH",IF(D37="","",IF(D37>0,"LK","CH"))) | F37: =+IF(OR(E37="LK"),ROUNDUP(D37*0.7/25,0)*25,IF(E37="CH",D36-F36,""))
A38: {=+IFERROR(INDEX('Pedido VACIO'!$B:$B,MATCH(1,('Pedido VACIO'!$H:$H=$B38)*('Pedido VACIO'!$A:$A="Packaging y Serv"),0)),"")} | B38: =+B36+1 -> 13 | C38: {=+IFERROR(INDEX('Pedido VACIO'!$F:$F,MATCH(1,('Pedido VACIO'!$H:$H=$B38)*('Pedido VACIO'!$A:$A="Packaging y Serv"),0)),"")} | D38: {=+IFERROR(INDEX('Pedido VACIO'!$G:$G,MATCH(1,('Pedido VACIO'!$H:$H=$B38)*('Pedido VACIO'!$A:$A="Packaging y Serv"),0)),"")} | E38: =+IF(E37="LK","CH",IF(D38="","",IF(D38>0,"LK","CH"))) | F38: =+IF(OR(E38="LK"),ROUNDUP(D38*0.7/25,0)*25,IF(E38="CH",D37-F37,""))
E39: =+IF(E38="LK","CH",IF(D39="","",IF(D39>0,"LK","CH"))) | F39: =+IF(OR(E39="LK"),ROUNDUP(D39*0.7/25,0)*25,IF(E39="CH",D38-F38,""))
A40: {=+IFERROR(INDEX('Pedido VACIO'!$B:$B,MATCH(1,('Pedido VACIO'!$H:$H=$B40)*('Pedido VACIO'!$A:$A="Packaging y Serv"),0)),"")} | B40: =+B38+1 -> 14 | C40: {=+IFERROR(INDEX('Pedido VACIO'!$F:$F,MATCH(1,('Pedido VACIO'!$H:$H=$B40)*('Pedido VACIO'!$A:$A="Packaging y Serv"),0)),"")} | D40: {=+IFERROR(INDEX('Pedido VACIO'!$G:$G,MATCH(1,('Pedido VACIO'!$H:$H=$B40)*('Pedido VACIO'!$A:$A="Packaging y Serv"),0)),"")} | E40: =+IF(E39="LK","CH",IF(D40="","",IF(D40>0,"LK","CH"))) | F40: =+IF(OR(E40="LK"),ROUNDUP(D40*0.7/25,0)*25,IF(E40="CH",D39-F39,""))
E41: =+IF(E40="LK","CH",IF(D41="","",IF(D41>0,"LK","CH"))) | F41: =+IF(OR(E41="LK"),ROUNDUP(D41*0.7/25,0)*25,IF(E41="CH",D40-F40,""))
A42: {=+IFERROR(INDEX('Pedido VACIO'!$B:$B,MATCH(1,('Pedido VACIO'!$H:$H=$B42)*('Pedido VACIO'!$A:$A="Packaging y Serv"),0)),"")} | B42: =+B40+1 -> 15 | C42: {=+IFERROR(INDEX('Pedido VACIO'!$F:$F,MATCH(1,('Pedido VACIO'!$H:$H=$B42)*('Pedido VACIO'!$A:$A="Packaging y Serv"),0)),"")} | D42: {=+IFERROR(INDEX('Pedido VACIO'!$G:$G,MATCH(1,('Pedido VACIO'!$H:$H=$B42)*('Pedido VACIO'!$A:$A="Packaging y Serv"),0)),"")} | E42: =+IF(E41="LK","CH",IF(D42="","",IF(D42>0,"LK","CH"))) | F42: =+IF(OR(E42="LK"),ROUNDUP(D42*0.7/25,0)*25,IF(E42="CH",D41-F41,""))
E43: =+IF(E42="LK","CH",IF(D43="","",IF(D43>0,"LK","CH"))) | F43: =+IF(OR(E43="LK"),ROUNDUP(D43*0.7/25,0)*25,IF(E43="CH",D42-F42,""))

Sheet O.C. Precinter
A1: Loekemeyer Hnos. S.R.L | F1: Chef SRL
A2: CUIT: | C2: 30-51584245-0 | F2: CUIT: | H2: 30-68575625-7
A3: DIRECCION: | C3: Cervantes 2868 | F3: DIRECCION: | H3: Virgilio 2788
A4: LOCALIDAD: | C4: Villa Devoto, CABA | F4: LOCALIDAD: | H4: Villa Real, CABA
A6: ORDEN DE COMPRA | F6: FECHA PEDIDO: | I6: =+TODAY() -> 46099
A8: RAZON SOCIAL: | C8: PRECINTER | D8: COD PROV: | E8: 4227 | F8: ENTREGA EN: | I8: Cervantes 2868
A10: FACTURAR Loekemeyer 70% Chef 30%
A12: ESTE PEDIDO ANULA CUALQUIER PEDIDO ANTERIOR
A13: Cód ISIS | B13: N° Ord | C13: Descripcion Material | D13: Pedido Uni | E13: Emp | F13: Uni a FC | G13: Fecha Pos Ent | H13: Fecha Ent | I13: Uni Ent | J13: Fecha Ent | K13: Uni Ent | L13: Fecha Ent | M13: Uni Ent
A14: {=+IFERROR(INDEX('Pedido VACIO'!$B:$B,MATCH(1,('Pedido VACIO'!$H:$H=$B14)*('Pedido VACIO'!$A:$A="Precinter"),0)),"")} | B14: 1 | C14: {=+IFERROR(INDEX('Pedido VACIO'!$F:$F,MATCH(1,('Pedido VACIO'!$H:$H=$B14)*('Pedido VACIO'!$A:$A="Precinter"),0)),"")} | D14: {=+IFERROR(INDEX('Pedido VACIO'!$G:$G,MATCH(1,('Pedido VACIO'!$H:$H=$B14)*('Pedido VACIO'!$A:$A="Precinter"),0)),"")} | E14: =+IF(E13="LK","CH",IF(D14="","",IF(D14>0,"LK","CH"))) | F14: =+IF(OR(E14="LK"),ROUNDUP(D14*0.7/25,0)*25,IF(E14="CH",D13-F13,""))
E15: =+IF(E14="LK","CH",IF(D15="","",IF(D15>0,"LK","CH"))) | F15: =+IF(OR(E15="LK"),ROUNDUP(D15*0.7/25,0)*25,IF(E15="CH",D14-F14,""))
A16: {=+IFERROR(INDEX('Pedido VACIO'!$B:$B,MATCH(1,('Pedido VACIO'!$H:$H=$B16)*('Pedido VACIO'!$A:$A="Precinter"),0)),"")} | B16: =+B14+1 -> 2 | C16: {=+IFERROR(INDEX('Pedido VACIO'!$F:$F,MATCH(1,('Pedido VACIO'!$H:$H=$B16)*('Pedido VACIO'!$A:$A="Precinter"),0)),"")} | D16: {=+IFERROR(INDEX('Pedido VACIO'!$G:$G,MATCH(1,('Pedido VACIO'!$H:$H=$B16)*('Pedido VACIO'!$A:$A="Precinter"),0)),"")} | E16: =+IF(E15="LK","CH",IF(D16="","",IF(D16>0,"LK","CH"))) | F16: =+IF(OR(E16="LK"),ROUNDUP(D16*0.7/25,0)*25,IF(E16="CH",D15-F15,""))
E17: =+IF(E16="LK","CH",IF(D17="","",IF(D17>0,"LK","CH"))) | F17: =+IF(OR(E17="LK"),ROUNDUP(D17*0.7/25,0)*25,IF(E17="CH",D16-F16,""))
A18: {=+IFERROR(INDEX('Pedido VACIO'!$B:$B,MATCH(1,('Pedido VACIO'!$H:$H=$B18)*('Pedido VACIO'!$A:$A="Precinter"),0)),"")} | B18: =+B16+1 -> 3 | C18: {=+IFERROR(INDEX('Pedido VACIO'!$F:$F,MATCH(1,('Pedido VACIO'!$H:$H=$B18)*('Pedido VACIO'!$A:$A="Precinter"),0)),"")} | D18: {=+IFERROR(INDEX('Pedido VACIO'!$G:$G,MATCH(1,('Pedido VACIO'!$H:$H=$B18)*('Pedido VACIO'!$A:$A="Precinter"),0)),"")} | E18: =+IF(E17="LK","CH",IF(D18="","",IF(D18>0,"LK","CH"))) | F18: =+IF(OR(E18="LK"),ROUNDUP(D18*0.7/25,0)*25,IF(E18="CH",D17-F17,""))
E19: =+IF(E18="LK","CH",IF(D19="","",IF(D19>0,"LK","CH"))) | F19: =+IF(OR(E19="LK"),ROUNDUP(D19*0.7/25,0)*25,IF(E19="CH",D18-F18,""))
A20: {=+IFERROR(INDEX('Pedido VACIO'!$B:$B,MATCH(1,('Pedido VACIO'!$H:$H=$B20)*('Pedido VACIO'!$A:$A="Precinter"),0)),"")} | B20: =+B18+1 -> 4 | C20: {=+IFERROR(INDEX('Pedido VACIO'!$F:$F,MATCH(1,('Pedido VACIO'!$H:$H=$B20)*('Pedido VACIO'!$A:$A="Precinter"),0)),"")} | D20: {=+IFERROR(INDEX('Pedido VACIO'!$G:$G,MATCH(1,('Pedido VACIO'!$H:$H=$B20)*('Pedido VACIO'!$A:$A="Precinter"),0)),"")} | E20: =+IF(E19="LK","CH",IF(D20="","",IF(D20>0,"LK","CH"))) | F20: =+IF(OR(E20="LK"),ROUNDUP(D20*0.7/25,0)*25,IF(E20="CH",D19-F19,""))
E21: =+IF(E20="LK","CH",IF(D21="","",IF(D21>0,"LK","CH"))) | F21: =+IF(OR(E21="LK"),ROUNDUP(D21*0.7/25,0)*25,IF(E21="CH",D20-F20,""))
A22: {=+IFERROR(INDEX('Pedido VACIO'!$B:$B,MATCH(1,('Pedido VACIO'!$H:$H=$B22)*('Pedido VACIO'!$A:$A="Precinter"),0)),"")} | B22: =+B20+1 -> 5 | C22: {=+IFERROR(INDEX('Pedido VACIO'!$F:$F,MATCH(1,('Pedido VACIO'!$H:$H=$B22)*('Pedido VACIO'!$A:$A="Precinter"),0)),"")} | D22: {=+IFERROR(INDEX('Pedido VACIO'!$G:$G,MATCH(1,('Pedido VACIO'!$H:$H=$B22)*('Pedido VACIO'!$A:$A="Precinter"),0)),"")} | E22: =+IF(E21="LK","CH",IF(D22="","",IF(D22>0,"LK","CH"))) | F22: =+IF(OR(E22="LK"),ROUNDUP(D22*0.7/25,0)*25,IF(E22="CH",D21-F21,""))
E23: =+IF(E22="LK","CH",IF(D23="","",IF(D23>0,"LK","CH"))) | F23: =+IF(OR(E23="LK"),ROUNDUP(D23*0.7/25,0)*25,IF(E23="CH",D22-F22,""))
A24: {=+IFERROR(INDEX('Pedido VACIO'!$B:$B,MATCH(1,('Pedido VACIO'!$H:$H=$B24)*('Pedido VACIO'!$A:$A="Precinter"),0)),"")} | B24: =+B22+1 -> 6 | C24: {=+IFERROR(INDEX('Pedido VACIO'!$F:$F,MATCH(1,('Pedido VACIO'!$H:$H=$B24)*('Pedido VACIO'!$A:$A="Precinter"),0)),"")} | D24: {=+IFERROR(INDEX('Pedido VACIO'!$G:$G,MATCH(1,('Pedido VACIO'!$H:$H=$B24)*('Pedido VACIO'!$A:$A="Precinter"),0)),"")} | E24: =+IF(E23="LK","CH",IF(D24="","",IF(D24>0,"LK","CH"))) | F24: =+IF(OR(E24="LK"),ROUNDUP(D24*0.7/25,0)*25,IF(E24="CH",D23-F23,""))
E25: =+IF(E24="LK","CH",IF(D25="","",IF(D25>0,"LK","CH"))) | F25: =+IF(OR(E25="LK"),ROUNDUP(D25*0.7/25,0)*25,IF(E25="CH",D24-F24,""))
A26: {=+IFERROR(INDEX('Pedido VACIO'!$B:$B,MATCH(1,('Pedido VACIO'!$H:$H=$B26)*('Pedido VACIO'!$A:$A="Precinter"),0)),"")} | B26: =+B24+1 -> 7 | C26: {=+IFERROR(INDEX('Pedido VACIO'!$F:$F,MATCH(1,('Pedido VACIO'!$H:$H=$B26)*('Pedido VACIO'!$A:$A="Precinter"),0)),"")} | D26: {=+IFERROR(INDEX('Pedido VACIO'!$G:$G,MATCH(1,('Pedido VACIO'!$H:$H=$B26)*('Pedido VACIO'!$A:$A="Precinter"),0)),"")} | E26: =+IF(E25="LK","CH",IF(D26="","",IF(D26>0,"LK","CH"))) | F26: =+IF(OR(E26="LK"),ROUNDUP(D26*0.7/25,0)*25,IF(E26="CH",D25-F25,""))
E27: =+IF(E26="LK","CH",IF(D27="","",IF(D27>0,"LK","CH"))) | F27: =+IF(OR(E27="LK"),ROUNDUP(D27*0.7/25,0)*25,IF(E27="CH",D26-F26,""))
A28: {=+IFERROR(INDEX('Pedido VACIO'!$B:$B,MATCH(1,('Pedido VACIO'!$H:$H=$B28)*('Pedido VACIO'!$A:$A="Precinter"),0)),"")} | B28: =+B26+1 -> 8 | C28: {=+IFERROR(INDEX('Pedido VACIO'!$F:$F,MATCH(1,('Pedido VACIO'!$H:$H=$B28)*('Pedido VACIO'!$A:$A="Precinter"),0)),"")} | D28: {=+IFERROR(INDEX('Pedido VACIO'!$G:$G,MATCH(1,('Pedido VACIO'!$H:$H=$B28)*('Pedido VACIO'!$A:$A="Precinter"),0)),"")} | E28: =+IF(E27="LK","CH",IF(D28="","",IF(D28>0,"LK","CH"))) | F28: =+IF(OR(E28="LK"),ROUNDUP(D28*0.7/25,0)*25,IF(E28="CH",D27-F27,""))
E29: =+IF(E28="LK","CH",IF(D29="","",IF(D29>0,"LK","CH"))) | F29: =+IF(OR(E29="LK"),ROUNDUP(D29*0.7/25,0)*25,IF(E29="CH",D28-F28,""))
A30: {=+IFERROR(INDEX('Pedido VACIO'!$B:$B,MATCH(1,('Pedido VACIO'!$H:$H=$B30)*('Pedido VACIO'!$A:$A="Precinter"),0)),"")} | B30: =+B28+1 -> 9 | C30: {=+IFERROR(INDEX('Pedido VACIO'!$F:$F,MATCH(1,('Pedido VACIO'!$H:$H=$B30)*('Pedido VACIO'!$A:$A="Precinter"),0)),"")} | D30: {=+IFERROR(INDEX('Pedido VACIO'!$G:$G,MATCH(1,('Pedido VACIO'!$H:$H=$B30)*('Pedido VACIO'!$A:$A="Precinter"),0)),"")} | E30: =+IF(E29="LK","CH",IF(D30="","",IF(D30>0,"LK","CH"))) | F30: =+IF(OR(E30="LK"),ROUNDUP(D30*0.7/25,0)*25,IF(E30="CH",D29-F29,""))
E31: =+IF(E30="LK","CH",IF(D31="","",IF(D31>0,"LK","CH"))) | F31: =+IF(OR(E31="LK"),ROUNDUP(D31*0.7/25,0)*25,IF(E31="CH",D30-F30,""))
A32: {=+IFERROR(INDEX('Pedido VACIO'!$B:$B,MATCH(1,('Pedido VACIO'!$H:$H=$B32)*('Pedido VACIO'!$A:$A="Precinter"),0)),"")} | B32: =+B30+1 -> 10 | C32: {=+IFERROR(INDEX('Pedido VACIO'!$F:$F,MATCH(1,('Pedido VACIO'!$H:$H=$B32)*('Pedido VACIO'!$A:$A="Precinter"),0)),"")} | D32: {=+IFERROR(INDEX('Pedido VACIO'!$G:$G,MATCH(1,('Pedido VACIO'!$H:$H=$B32)*('Pedido VACIO'!$A:$A="Precinter"),0)),"")} | E32: =+IF(E31="LK","CH",IF(D32="","",IF(D32>0,"LK","CH"))) | F32: =+IF(OR(E32="LK"),ROUNDUP(D32*0.7/25,0)*25,IF(E32="CH",D31-F31,""))
E33: =+IF(E32="LK","CH",IF(D33="","",IF(D33>0,"LK","CH"))) | F33: =+IF(OR(E33="LK"),ROUNDUP(D33*0.7/25,0)*25,IF(E33="CH",D32-F32,""))
A34: {=+IFERROR(INDEX('Pedido VACIO'!$B:$B,MATCH(1,('Pedido VACIO'!$H:$H=$B34)*('Pedido VACIO'!$A:$A="Precinter"),0)),"")} | B34: =+B32+1 -> 11 | C34: {=+IFERROR(INDEX('Pedido VACIO'!$F:$F,MATCH(1,('Pedido VACIO'!$H:$H=$B34)*('Pedido VACIO'!$A:$A="Precinter"),0)),"")} | D34: {=+IFERROR(INDEX('Pedido VACIO'!$G:$G,MATCH(1,('Pedido VACIO'!$H:$H=$B34)*('Pedido VACIO'!$A:$A="Precinter"),0)),"")} | E34: =+IF(E33="LK","CH",IF(D34="","",IF(D34>0,"LK","CH"))) | F34: =+IF(OR(E34="LK"),ROUNDUP(D34*0.7/25,0)*25,IF(E34="CH",D33-F33,""))
E35: =+IF(E34="LK","CH",IF(D35="","",IF(D35>0,"LK","CH"))) | F35: =+IF(OR(E35="LK"),ROUNDUP(D35*0.7/25,0)*25,IF(E35="CH",D34-F34,""))
A36: {=+IFERROR(INDEX('Pedido VACIO'!$B:$B,MATCH(1,('Pedido VACIO'!$H:$H=$B36)*('Pedido VACIO'!$A:$A="Precinter"),0)),"")} | B36: =+B34+1 -> 12 | C36: {=+IFERROR(INDEX('Pedido VACIO'!$F:$F,MATCH(1,('Pedido VACIO'!$H:$H=$B36)*('Pedido VACIO'!$A:$A="Precinter"),0)),"")} | D36: {=+IFERROR(INDEX('Pedido VACIO'!$G:$G,MATCH(1,('Pedido VACIO'!$H:$H=$B36)*('Pedido VACIO'!$A:$A="Precinter"),0)),"")} | E36: =+IF(E35="LK","CH",IF(D36="","",IF(D36>0,"LK","CH"))) | F36: =+IF(OR(E36="LK"),ROUNDUP(D36*0.7/25,0)*25,IF(E36="CH",D35-F35,""))
E37: =+IF(E36="LK","CH",IF(D37="","",IF(D37>0,"LK","CH"))) | F37: =+IF(OR(E37="LK"),ROUNDUP(D37*0.7/25,0)*25,IF(E37="CH",D36-F36,""))
A38: {=+IFERROR(INDEX('Pedido VACIO'!$B:$B,MATCH(1,('Pedido VACIO'!$H:$H=$B38)*('Pedido VACIO'!$A:$A="Precinter"),0)),"")} | B38: =+B36+1 -> 13 | C38: {=+IFERROR(INDEX('Pedido VACIO'!$F:$F,MATCH(1,('Pedido VACIO'!$H:$H=$B38)*('Pedido VACIO'!$A:$A="Precinter"),0)),"")} | D38: {=+IFERROR(INDEX('Pedido VACIO'!$G:$G,MATCH(1,('Pedido VACIO'!$H:$H=$B38)*('Pedido VACIO'!$A:$A="Precinter"),0)),"")} | E38: =+IF(E37="LK","CH",IF(D38="","",IF(D38>0,"LK","CH"))) | F38: =+IF(OR(E38="LK"),ROUNDUP(D38*0.7/25,0)*25,IF(E38="CH",D37-F37,""))
E39: =+IF(E38="LK","CH",IF(D39="","",IF(D39>0,"LK","CH"))) | F39: =+IF(OR(E39="LK"),ROUNDUP(D39*0.7/25,0)*25,IF(E39="CH",D38-F38,""))
A40: {=+IFERROR(INDEX('Pedido VACIO'!$B:$B,MATCH(1,('Pedido VACIO'!$H:$H=$B40)*('Pedido VACIO'!$A:$A="Precinter"),0)),"")} | B40: =+B38+1 -> 14 | C40: {=+IFERROR(INDEX('Pedido VACIO'!$F:$F,MATCH(1,('Pedido VACIO'!$H:$H=$B40)*('Pedido VACIO'!$A:$A="Precinter"),0)),"")} | D40: {=+IFERROR(INDEX('Pedido VACIO'!$G:$G,MATCH(1,('Pedido VACIO'!$H:$H=$B40)*('Pedido VACIO'!$A:$A="Precinter"),0)),"")} | E40: =+IF(E39="LK","CH",IF(D40="","",IF(D40>0,"LK","CH"))) | F40: =+IF(OR(E40="LK"),ROUNDUP(D40*0.7/25,0)*25,IF(E40="CH",D39-F39,""))
E41: =+IF(E40="LK","CH",IF(D41="","",IF(D41>0,"LK","CH"))) | F41: =+IF(OR(E41="LK"),ROUNDUP(D41*0.7/25,0)*25,IF(E41="CH",D40-F40,""))
A42: {=+IFERROR(INDEX('Pedido VACIO'!$B:$B,MATCH(1,('Pedido VACIO'!$H:$H=$B42)*('Pedido VACIO'!$A:$A="Precinter"),0)),"")} | B42: =+B40+1 -> 15 | C42: {=+IFERROR(INDEX('Pedido VACIO'!$F:$F,MATCH(1,('Pedido VACIO'!$H:$H=$B42)*('Pedido VACIO'!$A:$A="Precinter"),0)),"")} | D42: {=+IFERROR(INDEX('Pedido VACIO'!$G:$G,MATCH(1,('Pedido VACIO'!$H:$H=$B42)*('Pedido VACIO'!$A:$A="Precinter"),0)),"")} | E42: =+IF(E41="LK","CH",IF(D42="","",IF(D42>0,"LK","CH"))) | F42: =+IF(OR(E42="LK"),ROUNDUP(D42*0.7/25,0)*25,IF(E42="CH",D41-F41,""))
E43: =+IF(E42="LK","CH",IF(D43="","",IF(D43>0,"LK","CH"))) | F43: =+IF(OR(E43="LK"),ROUNDUP(D43*0.7/25,0)*25,IF(E43="CH",D42-F42,""))

Sheet O.C. Envases Vihal
A1: Loekemeyer Hnos. S.R.L | F1: Chef SRL
A2: CUIT: | C2: 30-51584245-0 | F2: CUIT: | H2: 30-68575625-7
A3: DIRECCION: | C3: Cervantes 2868 | F3: DIRECCION: | H3: Virgilio 2788
A4: LOCALIDAD: | C4: Villa Devoto, CABA | F4: LOCALIDAD: | H4: Villa Real, CABA
A6: ORDEN DE COMPRA | F6: FECHA PEDIDO: | I6: =+TODAY() -> 46099
A8: RAZON SOCIAL: | C8: ENVASES VIHAL | D8: COD PROV: | E8: 1218 | F8: ENTREGA EN: | I8: Cervantes 2868
A10: FACTURAR Loekemeyer 70% Chef 30%
A12: ESTE PEDIDO ANULA CUALQUIER PEDIDO ANTERIOR
A13: Cód ISIS | B13: N° Ord | C13: Descripcion Material | D13: Pedido Uni | E13: Emp | F13: Uni a FC | G13: Fecha Pos Ent | H13: Fecha Ent | I13: Uni Ent | J13: Fecha Ent | K13: Uni Ent | L13: Fecha Ent | M13: Uni Ent
A14: {=+IFERROR(INDEX('Pedido VACIO'!$B:$B,MATCH(1,('Pedido VACIO'!$H:$H=$B14)*('Pedido VACIO'!$A:$A="Vihal"),0)),"")} | B14: 1 | C14: {=+IFERROR(INDEX('Pedido VACIO'!$F:$F,MATCH(1,('Pedido VACIO'!$H:$H=$B14)*('Pedido VACIO'!$A:$A="Vihal"),0)),"")} | D14: {=+IFERROR(INDEX('Pedido VACIO'!$G:$G,MATCH(1,('Pedido VACIO'!$H:$H=$B14)*('Pedido VACIO'!$A:$A="Vihal"),0)),"")} | E14: =+IF(E13="LK","CH",IF(D14="","",IF(D14>0,"LK","CH"))) | F14: =+IF(OR(E14="LK"),ROUNDUP(D14*0.7/25,0)*25,IF(E14="CH",D13-F13,""))
E15: =+IF(E14="LK","CH",IF(D15="","",IF(D15>0,"LK","CH"))) | F15: =+IF(OR(E15="LK"),ROUNDUP(D15*0.7/25,0)*25,IF(E15="CH",D14-F14,""))
A16: {=+IFERROR(INDEX('Pedido VACIO'!$B:$B,MATCH(1,('Pedido VACIO'!$H:$H=$B16)*('Pedido VACIO'!$A:$A="Vihal"),0)),"")} | B16: =+B14+1 -> 2 | C16: {=+IFERROR(INDEX('Pedido VACIO'!$F:$F,MATCH(1,('Pedido VACIO'!$H:$H=$B16)*('Pedido VACIO'!$A:$A="Vihal"),0)),"")} | D16: {=+IFERROR(INDEX('Pedido VACIO'!$G:$G,MATCH(1,('Pedido VACIO'!$H:$H=$B16)*('Pedido VACIO'!$A:$A="Vihal"),0)),"")} | E16: =+IF(E15="LK","CH",IF(D16="","",IF(D16>0,"LK","CH"))) | F16: =+IF(OR(E16="LK"),ROUNDUP(D16*0.7/25,0)*25,IF(E16="CH",D15-F15,""))
E17: =+IF(E16="LK","CH",IF(D17="","",IF(D17>0,"LK","CH"))) | F17: =+IF(OR(E17="LK"),ROUNDUP(D17*0.7/25,0)*25,IF(E17="CH",D16-F16,""))
A18: {=+IFERROR(INDEX('Pedido VACIO'!$B:$B,MATCH(1,('Pedido VACIO'!$H:$H=$B18)*('Pedido VACIO'!$A:$A="Vihal"),0)),"")} | B18: =+B16+1 -> 3 | C18: {=+IFERROR(INDEX('Pedido VACIO'!$F:$F,MATCH(1,('Pedido VACIO'!$H:$H=$B18)*('Pedido VACIO'!$A:$A="Vihal"),0)),"")} | D18: {=+IFERROR(INDEX('Pedido VACIO'!$G:$G,MATCH(1,('Pedido VACIO'!$H:$H=$B18)*('Pedido VACIO'!$A:$A="Vihal"),0)),"")} | E18: =+IF(E17="LK","CH",IF(D18="","",IF(D18>0,"LK","CH"))) | F18: =+IF(OR(E18="LK"),ROUNDUP(D18*0.7/25,0)*25,IF(E18="CH",D17-F17,""))
E19: =+IF(E18="LK","CH",IF(D19="","",IF(D19>0,"LK","CH"))) | F19: =+IF(OR(E19="LK"),ROUNDUP(D19*0.7/25,0)*25,IF(E19="CH",D18-F18,""))
A20: {=+IFERROR(INDEX('Pedido VACIO'!$B:$B,MATCH(1,('Pedido VACIO'!$H:$H=$B20)*('Pedido VACIO'!$A:$A="Vihal"),0)),"")} | B20: =+B18+1 -> 4 | C20: {=+IFERROR(INDEX('Pedido VACIO'!$F:$F,MATCH(1,('Pedido VACIO'!$H:$H=$B20)*('Pedido VACIO'!$A:$A="Vihal"),0)),"")} | D20: {=+IFERROR(INDEX('Pedido VACIO'!$G:$G,MATCH(1,('Pedido VACIO'!$H:$H=$B20)*('Pedido VACIO'!$A:$A="Vihal"),0)),"")} | E20: =+IF(E19="LK","CH",IF(D20="","",IF(D20>0,"LK","CH"))) | F20: =+IF(OR(E20="LK"),ROUNDUP(D20*0.7/25,0)*25,IF(E20="CH",D19-F19,""))
E21: =+IF(E20="LK","CH",IF(D21="","",IF(D21>0,"LK","CH"))) | F21: =+IF(OR(E21="LK"),ROUNDUP(D21*0.7/25,0)*25,IF(E21="CH",D20-F20,""))
A22: {=+IFERROR(INDEX('Pedido VACIO'!$B:$B,MATCH(1,('Pedido VACIO'!$H:$H=$B22)*('Pedido VACIO'!$A:$A="Vihal"),0)),"")} | B22: =+B20+1 -> 5 | C22: {=+IFERROR(INDEX('Pedido VACIO'!$F:$F,MATCH(1,('Pedido VACIO'!$H:$H=$B22)*('Pedido VACIO'!$A:$A="Vihal"),0)),"")} | D22: {=+IFERROR(INDEX('Pedido VACIO'!$G:$G,MATCH(1,('Pedido VACIO'!$H:$H=$B22)*('Pedido VACIO'!$A:$A="Vihal"),0)),"")} | E22: =+IF(E21="LK","CH",IF(D22="","",IF(D22>0,"LK","CH"))) | F22: =+IF(OR(E22="LK"),ROUNDUP(D22*0.7/25,0)*25,IF(E22="CH",D21-F21,""))
E23: =+IF(E22="LK","CH",IF(D23="","",IF(D23>0,"LK","CH"))) | F23: =+IF(OR(E23="LK"),ROUNDUP(D23*0.7/25,0)*25,IF(E23="CH",D22-F22,""))
A24: {=+IFERROR(INDEX('Pedido VACIO'!$B:$B,MATCH(1,('Pedido VACIO'!$H:$H=$B24)*('Pedido VACIO'!$A:$A="Vihal"),0)),"")} | B24: =+B22+1 -> 6 | C24: {=+IFERROR(INDEX('Pedido VACIO'!$F:$F,MATCH(1,('Pedido VACIO'!$H:$H=$B24)*('Pedido VACIO'!$A:$A="Vihal"),0)),"")} | D24: {=+IFERROR(INDEX('Pedido VACIO'!$G:$G,MATCH(1,('Pedido VACIO'!$H:$H=$B24)*('Pedido VACIO'!$A:$A="Vihal"),0)),"")} | E24: =+IF(E23="LK","CH",IF(D24="","",IF(D24>0,"LK","CH"))) | F24: =+IF(OR(E24="LK"),ROUNDUP(D24*0.7/25,0)*25,IF(E24="CH",D23-F23,""))
E25: =+IF(E24="LK","CH",IF(D25="","",IF(D25>0,"LK","CH"))) | F25: =+IF(OR(E25="LK"),ROUNDUP(D25*0.7/25,0)*25,IF(E25="CH",D24-F24,""))
A26: {=+IFERROR(INDEX('Pedido VACIO'!$B:$B,MATCH(1,('Pedido VACIO'!$H:$H=$B26)*('Pedido VACIO'!$A:$A="Vihal"),0)),"")} | B26: =+B24+1 -> 7 | C26: {=+IFERROR(INDEX('Pedido VACIO'!$F:$F,MATCH(1,('Pedido VACIO'!$H:$H=$B26)*('Pedido VACIO'!$A:$A="Vihal"),0)),"")} | D26: {=+IFERROR(INDEX('Pedido VACIO'!$G:$G,MATCH(1,('Pedido VACIO'!$H:$H=$B26)*('Pedido VACIO'!$A:$A="Vihal"),0)),"")} | E26: =+IF(E25="LK","CH",IF(D26="","",IF(D26>0,"LK","CH"))) | F26: =+IF(OR(E26="LK"),ROUNDUP(D26*0.7/25,0)*25,IF(E26="CH",D25-F25,""))
E27: =+IF(E26="LK","CH",IF(D27="","",IF(D27>0,"LK","CH"))) | F27: =+IF(OR(E27="LK"),ROUNDUP(D27*0.7/25,0)*25,IF(E27="CH",D26-F26,""))
A28: {=+IFERROR(INDEX('Pedido VACIO'!$B:$B,MATCH(1,('Pedido VACIO'!$H:$H=$B28)*('Pedido VACIO'!$A:$A="Vihal"),0)),"")} | B28: =+B26+1 -> 8 | C28: {=+IFERROR(INDEX('Pedido VACIO'!$F:$F,MATCH(1,('Pedido VACIO'!$H:$H=$B28)*('Pedido VACIO'!$A:$A="Vihal"),0)),"")} | D28: {=+IFERROR(INDEX('Pedido VACIO'!$G:$G,MATCH(1,('Pedido VACIO'!$H:$H=$B28)*('Pedido VACIO'!$A:$A="Vihal"),0)),"")} | E28: =+IF(E27="LK","CH",IF(D28="","",IF(D28>0,"LK","CH"))) | F28: =+IF(OR(E28="LK"),ROUNDUP(D28*0.7/25,0)*25,IF(E28="CH",D27-F27,""))
E29: =+IF(E28="LK","CH",IF(D29="","",IF(D29>0,"LK","CH"))) | F29: =+IF(OR(E29="LK"),ROUNDUP(D29*0.7/25,0)*25,IF(E29="CH",D28-F28,""))
A30: {=+IFERROR(INDEX('Pedido VACIO'!$B:$B,MATCH(1,('Pedido VACIO'!$H:$H=$B30)*('Pedido VACIO'!$A:$A="Vihal"),0)),"")} | B30: =+B28+1 -> 9 | C30: {=+IFERROR(INDEX('Pedido VACIO'!$F:$F,MATCH(1,('Pedido VACIO'!$H:$H=$B30)*('Pedido VACIO'!$A:$A="Vihal"),0)),"")} | D30: {=+IFERROR(INDEX('Pedido VACIO'!$G:$G,MATCH(1,('Pedido VACIO'!$H:$H=$B30)*('Pedido VACIO'!$A:$A="Vihal"),0)),"")} | E30: =+IF(E29="LK","CH",IF(D30="","",IF(D30>0,"LK","CH"))) | F30: =+IF(OR(E30="LK"),ROUNDUP(D30*0.7/25,0)*25,IF(E30="CH",D29-F29,""))
E31: =+IF(E30="LK","CH",IF(D31="","",IF(D31>0,"LK","CH"))) | F31: =+IF(OR(E31="LK"),ROUNDUP(D31*0.7/25,0)*25,IF(E31="CH",D30-F30,""))
A32: {=+IFERROR(INDEX('Pedido VACIO'!$B:$B,MATCH(1,('Pedido VACIO'!$H:$H=$B32)*('Pedido VACIO'!$A:$A="Vihal"),0)),"")} | B32: =+B30+1 -> 10 | C32: {=+IFERROR(INDEX('Pedido VACIO'!$F:$F,MATCH(1,('Pedido VACIO'!$H:$H=$B32)*('Pedido VACIO'!$A:$A="Vihal"),0)),"")} | D32: {=+IFERROR(INDEX('Pedido VACIO'!$G:$G,MATCH(1,('Pedido VACIO'!$H:$H=$B32)*('Pedido VACIO'!$A:$A="Vihal"),0)),"")} | E32: =+IF(E31="LK","CH",IF(D32="","",IF(D32>0,"LK","CH"))) | F32: =+IF(OR(E32="LK"),ROUNDUP(D32*0.7/25,0)*25,IF(E32="CH",D31-F31,""))
E33: =+IF(E32="LK","CH",IF(D33="","",IF(D33>0,"LK","CH"))) | F33: =+IF(OR(E33="LK"),ROUNDUP(D33*0.7/25,0)*25,IF(E33="CH",D32-F32,""))
A34: {=+IFERROR(INDEX('Pedido VACIO'!$B:$B,MATCH(1,('Pedido VACIO'!$H:$H=$B34)*('Pedido VACIO'!$A:$A="Vihal"),0)),"")} | B34: =+B32+1 -> 11 | C34: {=+IFERROR(INDEX('Pedido VACIO'!$F:$F,MATCH(1,('Pedido VACIO'!$H:$H=$B34)*('Pedido VACIO'!$A:$A="Vihal"),0)),"")} | D34: {=+IFERROR(INDEX('Pedido VACIO'!$G:$G,MATCH(1,('Pedido VACIO'!$H:$H=$B34)*('Pedido VACIO'!$A:$A="Vihal"),0)),"")} | E34: =+IF(E33="LK","CH",IF(D34="","",IF(D34>0,"LK","CH"))) | F34: =+IF(OR(E34="LK"),ROUNDUP(D34*0.7/25,0)*25,IF(E34="CH",D33-F33,""))
E35: =+IF(E34="LK","CH",IF(D35="","",IF(D35>0,"LK","CH"))) | F35: =+IF(OR(E35="LK"),ROUNDUP(D35*0.7/25,0)*25,IF(E35="CH",D34-F34,""))
A36: {=+IFERROR(INDEX('Pedido VACIO'!$B:$B,MATCH(1,('Pedido VACIO'!$H:$H=$B36)*('Pedido VACIO'!$A:$A="Vihal"),0)),"")} | B36: =+B34+1 -> 12 | C36: {=+IFERROR(INDEX('Pedido VACIO'!$F:$F,MATCH(1,('Pedido VACIO'!$H:$H=$B36)*('Pedido VACIO'!$A:$A="Vihal"),0)),"")} | D36: {=+IFERROR(INDEX('Pedido VACIO'!$G:$G,MATCH(1,('Pedido VACIO'!$H:$H=$B36)*('Pedido VACIO'!$A:$A="Vihal"),0)),"")} | E36: =+IF(E35="LK","CH",IF(D36="","",IF(D36>0,"LK","CH"))) | F36: =+IF(OR(E36="LK"),ROUNDUP(D36*0.7/25,0)*25,IF(E36="CH",D35-F35,""))
E37: =+IF(E36="LK","CH",IF(D37="","",IF(D37>0,"LK","CH"))) | F37: =+IF(OR(E37="LK"),ROUNDUP(D37*0.7/25,0)*25,IF(E37="CH",D36-F36,""))
A38: {=+IFERROR(INDEX('Pedido VACIO'!$B:$B,MATCH(1,('Pedido VACIO'!$H:$H=$B38)*('Pedido VACIO'!$A:$A="Vihal"),0)),"")} | B38: =+B36+1 -> 13 | C38: {=+IFERROR(INDEX('Pedido VACIO'!$F:$F,MATCH(1,('Pedido VACIO'!$H:$H=$B38)*('Pedido VACIO'!$A:$A="Vihal"),0)),"")} | D38: {=+IFERROR(INDEX('Pedido VACIO'!$G:$G,MATCH(1,('Pedido VACIO'!$H:$H=$B38)*('Pedido VACIO'!$A:$A="Vihal"),0)),"")} | E38: =+IF(E37="LK","CH",IF(D38="","",IF(D38>0,"LK","CH"))) | F38: =+IF(OR(E38="LK"),ROUNDUP(D38*0.7/25,0)*25,IF(E38="CH",D37-F37,""))
E39: =+IF(E38="LK","CH",IF(D39="","",IF(D39>0,"LK","CH"))) | F39: =+IF(OR(E39="LK"),ROUNDUP(D39*0.7/25,0)*25,IF(E39="CH",D38-F38,""))
A40: {=+IFERROR(INDEX('Pedido VACIO'!$B:$B,MATCH(1,('Pedido VACIO'!$H:$H=$B40)*('Pedido VACIO'!$A:$A="Vihal"),0)),"")} | B40: =+B38+1 -> 14 | C40: {=+IFERROR(INDEX('Pedido VACIO'!$F:$F,MATCH(1,('Pedido VACIO'!$H:$H=$B40)*('Pedido VACIO'!$A:$A="Vihal"),0)),"")} | D40: {=+IFERROR(INDEX('Pedido VACIO'!$G:$G,MATCH(1,('Pedido VACIO'!$H:$H=$B40)*('Pedido VACIO'!$A:$A="Vihal"),0)),"")} | E40: =+IF(E39="LK","CH",IF(D40="","",IF(D40>0,"LK","CH"))) | F40: =+IF(OR(E40="LK"),ROUNDUP(D40*0.7/25,0)*25,IF(E40="CH",D39-F39,""))
E41: =+IF(E40="LK","CH",IF(D41="","",IF(D41>0,"LK","CH"))) | F41: =+IF(OR(E41="LK"),ROUNDUP(D41*0.7/25,0)*25,IF(E41="CH",D40-F40,""))
A42: {=+IFERROR(INDEX('Pedido VACIO'!$B:$B,MATCH(1,('Pedido VACIO'!$H:$H=$B42)*('Pedido VACIO'!$A:$A="Vihal"),0)),"")} | B42: =+B40+1 -> 15 | C42: {=+IFERROR(INDEX('Pedido VACIO'!$F:$F,MATCH(1,('Pedido VACIO'!$H:$H=$B42)*('Pedido VACIO'!$A:$A="Vihal"),0)),"")} | D42: {=+IFERROR(INDEX('Pedido VACIO'!$G:$G,MATCH(1,('Pedido VACIO'!$H:$H=$B42)*('Pedido VACIO'!$A:$A="Vihal"),0)),"")} | E42: =+IF(E41="LK","CH",IF(D42="","",IF(D42>0,"LK","CH"))) | F42: =+IF(OR(E42="LK"),ROUNDUP(D42*0.7/25,0)*25,IF(E42="CH",D41-F41,""))
E43: =+IF(E42="LK","CH",IF(D43="","",IF(D43>0,"LK","CH"))) | F43: =+IF(OR(E43="LK"),ROUNDUP(D43*0.7/25,0)*25,IF(E43="CH",D42-F42,""))

Sheet O.C. Papelera 9 de Julio
A1: Loekemeyer Hnos. S.R.L | F1: Chef SRL
A2: CUIT: | C2: 30-51584245-0 | F2: CUIT: | H2: 30-68575625-7
A3: DIRECCION: | C3: Cervantes 2868 | F3: DIRECCION: | H3: Virgilio 2788
A4: LOCALIDAD: | C4: Villa Devoto, CABA | F4: LOCALIDAD: | H4: Villa Real, CABA
A6: ORDEN DE COMPRA | F6: FECHA PEDIDO: | I6: =+TODAY() -> 46099
A8: RAZON SOCIAL: | C8: PAPELERA 9 DE JULIO | D8: COD PROV: | E8: 3824 | F8: ENTREGA EN: | I8: Cervantes 2868
A10: FACTURAR Loekemeyer 70% Chef 30%
A12: ESTE PEDIDO ANULA CUALQUIER PEDIDO ANTERIOR
A13: Cód ISIS | B13: N° Ord | C13: Descripcion Material | D13: Pedido Uni | E13: Emp | F13: Uni a FC | G13: Fecha Pos Ent | H13: Fecha Ent | I13: Uni Ent | J13: Fecha Ent | K13: Uni Ent | L13: Fecha Ent | M13: Uni Ent
A14: {=+IFERROR(INDEX('Pedido VACIO'!$B:$B,MATCH(1,('Pedido VACIO'!$H:$H=$B14)*('Pedido VACIO'!$A:$A="9 de Julio"),0)),"")} | B14: 1 | C14: {=+IFERROR(INDEX('Pedido VACIO'!$F:$F,MATCH(1,('Pedido VACIO'!$H:$H=$B14)*('Pedido VACIO'!$A:$A="9 de Julio"),0)),"")} | D14: {=+IFERROR(INDEX('Pedido VACIO'!$G:$G,MATCH(1,('Pedido VACIO'!$H:$H=$B14)*('Pedido VACIO'!$A:$A="9 de Julio"),0)),"")} | E14: =+IF(E13="LK","CH",IF(D14="","",IF(D14>0,"LK","CH"))) | F14: =+IF(OR(E14="LK"),ROUNDUP(D14*0.7/25,0)*25,IF(E14="CH",D13-F13,""))
E15: =+IF(E14="LK","CH",IF(D15="","",IF(D15>0,"LK","CH"))) | F15: =+IF(OR(E15="LK"),ROUNDUP(D15*0.7/25,0)*25,IF(E15="CH",D14-F14,""))
A16: {=+IFERROR(INDEX('Pedido VACIO'!$B:$B,MATCH(1,('Pedido VACIO'!$H:$H=$B16)*('Pedido VACIO'!$A:$A="9 de Julio"),0)),"")} | B16: =+B14+1 -> 2 | C16: {=+IFERROR(INDEX('Pedido VACIO'!$F:$F,MATCH(1,('Pedido VACIO'!$H:$H=$B16)*('Pedido VACIO'!$A:$A="9 de Julio"),0)),"")} | D16: {=+IFERROR(INDEX('Pedido VACIO'!$G:$G,MATCH(1,('Pedido VACIO'!$H:$H=$B16)*('Pedido VACIO'!$A:$A="9 de Julio"),0)),"")} | E16: =+IF(E15="LK","CH",IF(D16="","",IF(D16>0,"LK","CH"))) | F16: =+IF(OR(E16="LK"),ROUNDUP(D16*0.7/25,0)*25,IF(E16="CH",D15-F15,""))
E17: =+IF(E16="LK","CH",IF(D17="","",IF(D17>0,"LK","CH"))) | F17: =+IF(OR(E17="LK"),ROUNDUP(D17*0.7/25,0)*25,IF(E17="CH",D16-F16,""))
A18: {=+IFERROR(INDEX('Pedido VACIO'!$B:$B,MATCH(1,('Pedido VACIO'!$H:$H=$B18)*('Pedido VACIO'!$A:$A="9 de Julio"),0)),"")} | B18: =+B16+1 -> 3 | C18: {=+IFERROR(INDEX('Pedido VACIO'!$F:$F,MATCH(1,('Pedido VACIO'!$H:$H=$B18)*('Pedido VACIO'!$A:$A="9 de Julio"),0)),"")} | D18: {=+IFERROR(INDEX('Pedido VACIO'!$G:$G,MATCH(1,('Pedido VACIO'!$H:$H=$B18)*('Pedido VACIO'!$A:$A="9 de Julio"),0)),"")} | E18: =+IF(E17="LK","CH",IF(D18="","",IF(D18>0,"LK","CH"))) | F18: =+IF(OR(E18="LK"),ROUNDUP(D18*0.7/25,0)*25,IF(E18="CH",D17-F17,""))
E19: =+IF(E18="LK","CH",IF(D19="","",IF(D19>0,"LK","CH"))) | F19: =+IF(OR(E19="LK"),ROUNDUP(D19*0.7/25,0)*25,IF(E19="CH",D18-F18,""))
A20: {=+IFERROR(INDEX('Pedido VACIO'!$B:$B,MATCH(1,('Pedido VACIO'!$H:$H=$B20)*('Pedido VACIO'!$A:$A="9 de Julio"),0)),"")} | B20: =+B18+1 -> 4 | C20: {=+IFERROR(INDEX('Pedido VACIO'!$F:$F,MATCH(1,('Pedido VACIO'!$H:$H=$B20)*('Pedido VACIO'!$A:$A="9 de Julio"),0)),"")} | D20: {=+IFERROR(INDEX('Pedido VACIO'!$G:$G,MATCH(1,('Pedido VACIO'!$H:$H=$B20)*('Pedido VACIO'!$A:$A="9 de Julio"),0)),"")} | E20: =+IF(E19="LK","CH",IF(D20="","",IF(D20>0,"LK","CH"))) | F20: =+IF(OR(E20="LK"),ROUNDUP(D20*0.7/25,0)*25,IF(E20="CH",D19-F19,""))
E21: =+IF(E20="LK","CH",IF(D21="","",IF(D21>0,"LK","CH"))) | F21: =+IF(OR(E21="LK"),ROUNDUP(D21*0.7/25,0)*25,IF(E21="CH",D20-F20,""))
A22: {=+IFERROR(INDEX('Pedido VACIO'!$B:$B,MATCH(1,('Pedido VACIO'!$H:$H=$B22)*('Pedido VACIO'!$A:$A="9 de Julio"),0)),"")} | B22: =+B20+1 -> 5 | C22: {=+IFERROR(INDEX('Pedido VACIO'!$F:$F,MATCH(1,('Pedido VACIO'!$H:$H=$B22)*('Pedido VACIO'!$A:$A="9 de Julio"),0)),"")} | D22: {=+IFERROR(INDEX('Pedido VACIO'!$G:$G,MATCH(1,('Pedido VACIO'!$H:$H=$B22)*('Pedido VACIO'!$A:$A="9 de Julio"),0)),"")} | E22: =+IF(E21="LK","CH",IF(D22="","",IF(D22>0,"LK","CH"))) | F22: =+IF(OR(E22="LK"),ROUNDUP(D22*0.7/25,0)*25,IF(E22="CH",D21-F21,""))
E23: =+IF(E22="LK","CH",IF(D23="","",IF(D23>0,"LK","CH"))) | F23: =+IF(OR(E23="LK"),ROUNDUP(D23*0.7/25,0)*25,IF(E23="CH",D22-F22,""))
A24: {=+IFERROR(INDEX('Pedido VACIO'!$B:$B,MATCH(1,('Pedido VACIO'!$H:$H=$B24)*('Pedido VACIO'!$A:$A="9 de Julio"),0)),"")} | B24: =+B22+1 -> 6 | C24: {=+IFERROR(INDEX('Pedido VACIO'!$F:$F,MATCH(1,('Pedido VACIO'!$H:$H=$B24)*('Pedido VACIO'!$A:$A="9 de Julio"),0)),"")} | D24: {=+IFERROR(INDEX('Pedido VACIO'!$G:$G,MATCH(1,('Pedido VACIO'!$H:$H=$B24)*('Pedido VACIO'!$A:$A="9 de Julio"),0)),"")} | E24: =+IF(E23="LK","CH",IF(D24="","",IF(D24>0,"LK","CH"))) | F24: =+IF(OR(E24="LK"),ROUNDUP(D24*0.7/25,0)*25,IF(E24="CH",D23-F23,""))
E25: =+IF(E24="LK","CH",IF(D25="","",IF(D25>0,"LK","CH"))) | F25: =+IF(OR(E25="LK"),ROUNDUP(D25*0.7/25,0)*25,IF(E25="CH",D24-F24,""))
A26: {=+IFERROR(INDEX('Pedido VACIO'!$B:$B,MATCH(1,('Pedido VACIO'!$H:$H=$B26)*('Pedido VACIO'!$A:$A="9 de Julio"),0)),"")} | B26: =+B24+1 -> 7 | C26: {=+IFERROR(INDEX('Pedido VACIO'!$F:$F,MATCH(1,('Pedido VACIO'!$H:$H=$B26)*('Pedido VACIO'!$A:$A="9 de Julio"),0)),"")} | D26: {=+IFERROR(INDEX('Pedido VACIO'!$G:$G,MATCH(1,('Pedido VACIO'!$H:$H=$B26)*('Pedido VACIO'!$A:$A="9 de Julio"),0)),"")} | E26: =+IF(E25="LK","CH",IF(D26="","",IF(D26>0,"LK","CH"))) | F26: =+IF(OR(E26="LK"),ROUNDUP(D26*0.7/25,0)*25,IF(E26="CH",D25-F25,""))
E27: =+IF(E26="LK","CH",IF(D27="","",IF(D27>0,"LK","CH"))) | F27: =+IF(OR(E27="LK"),ROUNDUP(D27*0.7/25,0)*25,IF(E27="CH",D26-F26,""))
A28: {=+IFERROR(INDEX('Pedido VACIO'!$B:$B,MATCH(1,('Pedido VACIO'!$H:$H=$B28)*('Pedido VACIO'!$A:$A="9 de Julio"),0)),"")} | B28: =+B26+1 -> 8 | C28: {=+IFERROR(INDEX('Pedido VACIO'!$F:$F,MATCH(1,('Pedido VACIO'!$H:$H=$B28)*('Pedido VACIO'!$A:$A="9 de Julio"),0)),"")} | D28: {=+IFERROR(INDEX('Pedido VACIO'!$G:$G,MATCH(1,('Pedido VACIO'!$H:$H=$B28)*('Pedido VACIO'!$A:$A="9 de Julio"),0)),"")} | E28: =+IF(E27="LK","CH",IF(D28="","",IF(D28>0,"LK","CH"))) | F28: =+IF(OR(E28="LK"),ROUNDUP(D28*0.7/25,0)*25,IF(E28="CH",D27-F27,""))
E29: =+IF(E28="LK","CH",IF(D29="","",IF(D29>0,"LK","CH"))) | F29: =+IF(OR(E29="LK"),ROUNDUP(D29*0.7/25,0)*25,IF(E29="CH",D28-F28,""))
A30: {=+IFERROR(INDEX('Pedido VACIO'!$B:$B,MATCH(1,('Pedido VACIO'!$H:$H=$B30)*('Pedido VACIO'!$A:$A="9 de Julio"),0)),"")} | B30: =+B28+1 -> 9 | C30: {=+IFERROR(INDEX('Pedido VACIO'!$F:$F,MATCH(1,('Pedido VACIO'!$H:$H=$B30)*('Pedido VACIO'!$A:$A="9 de Julio"),0)),"")} | D30: {=+IFERROR(INDEX('Pedido VACIO'!$G:$G,MATCH(1,('Pedido VACIO'!$H:$H=$B30)*('Pedido VACIO'!$A:$A="9 de Julio"),0)),"")} | E30: =+IF(E29="LK","CH",IF(D30="","",IF(D30>0,"LK","CH"))) | F30: =+IF(OR(E30="LK"),ROUNDUP(D30*0.7/25,0)*25,IF(E30="CH",D29-F29,""))
E31: =+IF(E30="LK","CH",IF(D31="","",IF(D31>0,"LK","CH"))) | F31: =+IF(OR(E31="LK"),ROUNDUP(D31*0.7/25,0)*25,IF(E31="CH",D30-F30,""))
A32: {=+IFERROR(INDEX('Pedido VACIO'!$B:$B,MATCH(1,('Pedido VACIO'!$H:$H=$B32)*('Pedido VACIO'!$A:$A="9 de Julio"),0)),"")} | B32: =+B30+1 -> 10 | C32: {=+IFERROR(INDEX('Pedido VACIO'!$F:$F,MATCH(1,('Pedido VACIO'!$H:$H=$B32)*('Pedido VACIO'!$A:$A="9 de Julio"),0)),"")} | D32: {=+IFERROR(INDEX('Pedido VACIO'!$G:$G,MATCH(1,('Pedido VACIO'!$H:$H=$B32)*('Pedido VACIO'!$A:$A="9 de Julio"),0)),"")} | E32: =+IF(E31="LK","CH",IF(D32="","",IF(D32>0,"LK","CH"))) | F32: =+IF(OR(E32="LK"),ROUNDUP(D32*0.7/25,0)*25,IF(E32="CH",D31-F31,""))
E33: =+IF(E32="LK","CH",IF(D33="","",IF(D33>0,"LK","CH"))) | F33: =+IF(OR(E33="LK"),ROUNDUP(D33*0.7/25,0)*25,IF(E33="CH",D32-F32,""))
A34: {=+IFERROR(INDEX('Pedido VACIO'!$B:$B,MATCH(1,('Pedido VACIO'!$H:$H=$B34)*('Pedido VACIO'!$A:$A="9 de Julio"),0)),"")} | B34: =+B32+1 -> 11 | C34: {=+IFERROR(INDEX('Pedido VACIO'!$F:$F,MATCH(1,('Pedido VACIO'!$H:$H=$B34)*('Pedido VACIO'!$A:$A="9 de Julio"),0)),"")} | D34: {=+IFERROR(INDEX('Pedido VACIO'!$G:$G,MATCH(1,('Pedido VACIO'!$H:$H=$B34)*('Pedido VACIO'!$A:$A="9 de Julio"),0)),"")} | E34: =+IF(E33="LK","CH",IF(D34="","",IF(D34>0,"LK","CH"))) | F34: =+IF(OR(E34="LK"),ROUNDUP(D34*0.7/25,0)*25,IF(E34="CH",D33-F33,""))
E35: =+IF(E34="LK","CH",IF(D35="","",IF(D35>0,"LK","CH"))) | F35: =+IF(OR(E35="LK"),ROUNDUP(D35*0.7/25,0)*25,IF(E35="CH",D34-F34,""))
A36: {=+IFERROR(INDEX('Pedido VACIO'!$B:$B,MATCH(1,('Pedido VACIO'!$H:$H=$B36)*('Pedido VACIO'!$A:$A="9 de Julio"),0)),"")} | B36: =+B34+1 -> 12 | C36: {=+IFERROR(INDEX('Pedido VACIO'!$F:$F,MATCH(1,('Pedido VACIO'!$H:$H=$B36)*('Pedido VACIO'!$A:$A="9 de Julio"),0)),"")} | D36: {=+IFERROR(INDEX('Pedido VACIO'!$G:$G,MATCH(1,('Pedido VACIO'!$H:$H=$B36)*('Pedido VACIO'!$A:$A="9 de Julio"),0)),"")} | E36: =+IF(E35="LK","CH",IF(D36="","",IF(D36>0,"LK","CH"))) | F36: =+IF(OR(E36="LK"),ROUNDUP(D36*0.7/25,0)*25,IF(E36="CH",D35-F35,""))
E37: =+IF(E36="LK","CH",IF(D37="","",IF(D37>0,"LK","CH"))) | F37: =+IF(OR(E37="LK"),ROUNDUP(D37*0.7/25,0)*25,IF(E37="CH",D36-F36,""))
A38: {=+IFERROR(INDEX('Pedido VACIO'!$B:$B,MATCH(1,('Pedido VACIO'!$H:$H=$B38)*('Pedido VACIO'!$A:$A="9 de Julio"),0)),"")} | B38: =+B36+1 -> 13 | C38: {=+IFERROR(INDEX('Pedido VACIO'!$F:$F,MATCH(1,('Pedido VACIO'!$H:$H=$B38)*('Pedido VACIO'!$A:$A="9 de Julio"),0)),"")} | D38: {=+IFERROR(INDEX('Pedido VACIO'!$G:$G,MATCH(1,('Pedido VACIO'!$H:$H=$B38)*('Pedido VACIO'!$A:$A="9 de Julio"),0)),"")} | E38: =+IF(E37="LK","CH",IF(D38="","",IF(D38>0,"LK","CH"))) | F38: =+IF(OR(E38="LK"),ROUNDUP(D38*0.7/25,0)*25,IF(E38="CH",D37-F37,""))
E39: =+IF(E38="LK","CH",IF(D39="","",IF(D39>0,"LK","CH"))) | F39: =+IF(OR(E39="LK"),ROUNDUP(D39*0.7/25,0)*25,IF(E39="CH",D38-F38,""))
A40: {=+IFERROR(INDEX('Pedido VACIO'!$B:$B,MATCH(1,('Pedido VACIO'!$H:$H=$B40)*('Pedido VACIO'!$A:$A="9 de Julio"),0)),"")} | B40: =+B38+1 -> 14 | C40: {=+IFERROR(INDEX('Pedido VACIO'!$F:$F,MATCH(1,('Pedido VACIO'!$H:$H=$B40)*('Pedido VACIO'!$A:$A="9 de Julio"),0)),"")} | D40: {=+IFERROR(INDEX('Pedido VACIO'!$G:$G,MATCH(1,('Pedido VACIO'!$H:$H=$B40)*('Pedido VACIO'!$A:$A="9 de Julio"),0)),"")} | E40: =+IF(E39="LK","CH",IF(D40="","",IF(D40>0,"LK","CH"))) | F40: =+IF(OR(E40="LK"),ROUNDUP(D40*0.7/25,0)*25,IF(E40="CH",D39-F39,""))
E41: =+IF(E40="LK","CH",IF(D41="","",IF(D41>0,"LK","CH"))) | F41: =+IF(OR(E41="LK"),ROUNDUP(D41*0.7/25,0)*25,IF(E41="CH",D40-F40,""))
A42: {=+IFERROR(INDEX('Pedido VACIO'!$B:$B,MATCH(1,('Pedido VACIO'!$H:$H=$B42)*('Pedido VACIO'!$A:$A="9 de Julio"),0)),"")} | B42: =+B40+1 -> 15 | C42: {=+IFERROR(INDEX('Pedido VACIO'!$F:$F,MATCH(1,('Pedido VACIO'!$H:$H=$B42)*('Pedido VACIO'!$A:$A="9 de Julio"),0)),"")} | D42: {=+IFERROR(INDEX('Pedido VACIO'!$G:$G,MATCH(1,('Pedido VACIO'!$H:$H=$B42)*('Pedido VACIO'!$A:$A="9 de Julio"),0)),"")} | E42: =+IF(E41="LK","CH",IF(D42="","",IF(D42>0,"LK","CH"))) | F42: =+IF(OR(E42="LK"),ROUNDUP(D42*0.7/25,0)*25,IF(E42="CH",D41-F41,""))
E43: =+IF(E42="LK","CH",IF(D43="","",IF(D43>0,"LK","CH"))) | F43: =+IF(OR(E43="LK"),ROUNDUP(D43*0.7/25,0)*25,IF(E43="CH",D42-F42,""))

Sheet O.C. AJ Adhesivos
A1: Loekemeyer Hnos. S.R.L | F1: Chef SRL
A2: CUIT: | C2: 30-51584245-0 | F2: CUIT: | H2: 30-68575625-7
A3: DIRECCION: | C3: Cervantes 2868 | F3: DIRECCION: | H3: Virgilio 2788
A4: LOCALIDAD: | C4: Villa Devoto, CABA | F4: LOCALIDAD: | H4: Villa Real, CABA
A6: ORDEN DE COMPRA | F6: FECHA PEDIDO: | I6: =+TODAY() -> 46099
A8: RAZON SOCIAL: | C8: ARTAZA | D8: COD PROV: | E8: 697 | F8: ENTREGA EN: | I8: Cervantes 2868
A10: FACTURAR Loekemeyer 70% Chef 30%
A12: ESTE PEDIDO ANULA CUALQUIER PEDIDO ANTERIOR
A13: Cód ISIS | B13: N° Ord | C13: Descripcion Material | D13: Pedido Uni | E13: Emp | F13: Uni a FC | G13: Fecha Pos Ent | H13: Fecha Ent | I13: Uni Ent | J13: Fecha Ent | K13: Uni Ent | L13: Fecha Ent | M13: Uni Ent
A14: {=+IFERROR(INDEX('Pedido VACIO'!$B:$B,MATCH(1,('Pedido VACIO'!$H:$H=$B14)*('Pedido VACIO'!$A:$A="AJ Adhesivos"),0)),"")} | B14: 1 | C14: {=+IFERROR(INDEX('Pedido VACIO'!$F:$F,MATCH(1,('Pedido VACIO'!$H:$H=$B14)*('Pedido VACIO'!$A:$A="AJ Adhesivos"),0)),"")} | D14: {=+IFERROR(INDEX('Pedido VACIO'!$G:$G,MATCH(1,('Pedido VACIO'!$H:$H=$B14)*('Pedido VACIO'!$A:$A="AJ Adhesivos"),0)),"")} | E14: =+IF(E13="LK","CH",IF(D14="","",IF(D14>0,"LK","CH"))) | F14: =+IF(OR(E14="LK"),ROUNDUP(D14*0.7/25,0)*25,IF(E14="CH",D13-F13,""))
E15: =+IF(E14="LK","CH",IF(D15="","",IF(D15>0,"LK","CH"))) | F15: =+IF(OR(E15="LK"),ROUNDUP(D15*0.7/25,0)*25,IF(E15="CH",D14-F14,""))
A16: {=+IFERROR(INDEX('Pedido VACIO'!$B:$B,MATCH(1,('Pedido VACIO'!$H:$H=$B16)*('Pedido VACIO'!$A:$A="AJ Adhesivos"),0)),"")} | B16: =+B14+1 -> 2 | C16: {=+IFERROR(INDEX('Pedido VACIO'!$F:$F,MATCH(1,('Pedido VACIO'!$H:$H=$B16)*('Pedido VACIO'!$A:$A="AJ Adhesivos"),0)),"")} | D16: {=+IFERROR(INDEX('Pedido VACIO'!$G:$G,MATCH(1,('Pedido VACIO'!$H:$H=$B16)*('Pedido VACIO'!$A:$A="AJ Adhesivos"),0)),"")} | E16: =+IF(E15="LK","CH",IF(D16="","",IF(D16>0,"LK","CH"))) | F16: =+IF(OR(E16="LK"),ROUNDUP(D16*0.7/25,0)*25,IF(E16="CH",D15-F15,""))
E17: =+IF(E16="LK","CH",IF(D17="","",IF(D17>0,"LK","CH"))) | F17: =+IF(OR(E17="LK"),ROUNDUP(D17*0.7/25,0)*25,IF(E17="CH",D16-F16,""))
A18: {=+IFERROR(INDEX('Pedido VACIO'!$B:$B,MATCH(1,('Pedido VACIO'!$H:$H=$B18)*('Pedido VACIO'!$A:$A="AJ Adhesivos"),0)),"")} | B18: =+B16+1 -> 3 | C18: {=+IFERROR(INDEX('Pedido VACIO'!$F:$F,MATCH(1,('Pedido VACIO'!$H:$H=$B18)*('Pedido VACIO'!$A:$A="AJ Adhesivos"),0)),"")} | D18: {=+IFERROR(INDEX('Pedido VACIO'!$G:$G,MATCH(1,('Pedido VACIO'!$H:$H=$B18)*('Pedido VACIO'!$A:$A="AJ Adhesivos"),0)),"")} | E18: =+IF(E17="LK","CH",IF(D18="","",IF(D18>0,"LK","CH"))) | F18: =+IF(OR(E18="LK"),ROUNDUP(D18*0.7/25,0)*25,IF(E18="CH",D17-F17,""))
E19: =+IF(E18="LK","CH",IF(D19="","",IF(D19>0,"LK","CH"))) | F19: =+IF(OR(E19="LK"),ROUNDUP(D19*0.7/25,0)*25,IF(E19="CH",D18-F18,""))
A20: {=+IFERROR(INDEX('Pedido VACIO'!$B:$B,MATCH(1,('Pedido VACIO'!$H:$H=$B20)*('Pedido VACIO'!$A:$A="AJ Adhesivos"),0)),"")} | B20: =+B18+1 -> 4 | C20: {=+IFERROR(INDEX('Pedido VACIO'!$F:$F,MATCH(1,('Pedido VACIO'!$H:$H=$B20)*('Pedido VACIO'!$A:$A="AJ Adhesivos"),0)),"")} | D20: {=+IFERROR(INDEX('Pedido VACIO'!$G:$G,MATCH(1,('Pedido VACIO'!$H:$H=$B20)*('Pedido VACIO'!$A:$A="AJ Adhesivos"),0)),"")} | E20: =+IF(E19="LK","CH",IF(D20="","",IF(D20>0,"LK","CH"))) | F20: =+IF(OR(E20="LK"),ROUNDUP(D20*0.7/25,0)*25,IF(E20="CH",D19-F19,""))
E21: =+IF(E20="LK","CH",IF(D21="","",IF(D21>0,"LK","CH"))) | F21: =+IF(OR(E21="LK"),ROUNDUP(D21*0.7/25,0)*25,IF(E21="CH",D20-F20,""))
A22: {=+IFERROR(INDEX('Pedido VACIO'!$B:$B,MATCH(1,('Pedido VACIO'!$H:$H=$B22)*('Pedido VACIO'!$A:$A="AJ Adhesivos"),0)),"")} | B22: =+B20+1 -> 5 | C22: {=+IFERROR(INDEX('Pedido VACIO'!$F:$F,MATCH(1,('Pedido VACIO'!$H:$H=$B22)*('Pedido VACIO'!$A:$A="AJ Adhesivos"),0)),"")} | D22: {=+IFERROR(INDEX('Pedido VACIO'!$G:$G,MATCH(1,('Pedido VACIO'!$H:$H=$B22)*('Pedido VACIO'!$A:$A="AJ Adhesivos"),0)),"")} | E22: =+IF(E21="LK","CH",IF(D22="","",IF(D22>0,"LK","CH"))) | F22: =+IF(OR(E22="LK"),ROUNDUP(D22*0.7/25,0)*25,IF(E22="CH",D21-F21,""))
E23: =+IF(E22="LK","CH",IF(D23="","",IF(D23>0,"LK","CH"))) | F23: =+IF(OR(E23="LK"),ROUNDUP(D23*0.7/25,0)*25,IF(E23="CH",D22-F22,""))
A24: {=+IFERROR(INDEX('Pedido VACIO'!$B:$B,MATCH(1,('Pedido VACIO'!$H:$H=$B24)*('Pedido VACIO'!$A:$A="AJ Adhesivos"),0)),"")} | B24: =+B22+1 -> 6 | C24: {=+IFERROR(INDEX('Pedido VACIO'!$F:$F,MATCH(1,('Pedido VACIO'!$H:$H=$B24)*('Pedido VACIO'!$A:$A="AJ Adhesivos"),0)),"")} | D24: {=+IFERROR(INDEX('Pedido VACIO'!$G:$G,MATCH(1,('Pedido VACIO'!$H:$H=$B24)*('Pedido VACIO'!$A:$A="AJ Adhesivos"),0)),"")} | E24: =+IF(E23="LK","CH",IF(D24="","",IF(D24>0,"LK","CH"))) | F24: =+IF(OR(E24="LK"),ROUNDUP(D24*0.7/25,0)*25,IF(E24="CH",D23-F23,""))
E25: =+IF(E24="LK","CH",IF(D25="","",IF(D25>0,"LK","CH"))) | F25: =+IF(OR(E25="LK"),ROUNDUP(D25*0.7/25,0)*25,IF(E25="CH",D24-F24,""))
A26: {=+IFERROR(INDEX('Pedido VACIO'!$B:$B,MATCH(1,('Pedido VACIO'!$H:$H=$B26)*('Pedido VACIO'!$A:$A="AJ Adhesivos"),0)),"")} | B26: =+B24+1 -> 7 | C26: {=+IFERROR(INDEX('Pedido VACIO'!$F:$F,MATCH(1,('Pedido VACIO'!$H:$H=$B26)*('Pedido VACIO'!$A:$A="AJ Adhesivos"),0)),"")} | D26: {=+IFERROR(INDEX('Pedido VACIO'!$G:$G,MATCH(1,('Pedido VACIO'!$H:$H=$B26)*('Pedido VACIO'!$A:$A="AJ Adhesivos"),0)),"")} | E26: =+IF(E25="LK","CH",IF(D26="","",IF(D26>0,"LK","CH"))) | F26: =+IF(OR(E26="LK"),ROUNDUP(D26*0.7/25,0)*25,IF(E26="CH",D25-F25,""))
E27: =+IF(E26="LK","CH",IF(D27="","",IF(D27>0,"LK","CH"))) | F27: =+IF(OR(E27="LK"),ROUNDUP(D27*0.7/25,0)*25,IF(E27="CH",D26-F26,""))
A28: {=+IFERROR(INDEX('Pedido VACIO'!$B:$B,MATCH(1,('Pedido VACIO'!$H:$H=$B28)*('Pedido VACIO'!$A:$A="AJ Adhesivos"),0)),"")} | B28: =+B26+1 -> 8 | C28: {=+IFERROR(INDEX('Pedido VACIO'!$F:$F,MATCH(1,('Pedido VACIO'!$H:$H=$B28)*('Pedido VACIO'!$A:$A="AJ Adhesivos"),0)),"")} | D28: {=+IFERROR(INDEX('Pedido VACIO'!$G:$G,MATCH(1,('Pedido VACIO'!$H:$H=$B28)*('Pedido VACIO'!$A:$A="AJ Adhesivos"),0)),"")} | E28: =+IF(E27="LK","CH",IF(D28="","",IF(D28>0,"LK","CH"))) | F28: =+IF(OR(E28="LK"),ROUNDUP(D28*0.7/25,0)*25,IF(E28="CH",D27-F27,""))
E29: =+IF(E28="LK","CH",IF(D29="","",IF(D29>0,"LK","CH"))) | F29: =+IF(OR(E29="LK"),ROUNDUP(D29*0.7/25,0)*25,IF(E29="CH",D28-F28,""))
A30: {=+IFERROR(INDEX('Pedido VACIO'!$B:$B,MATCH(1,('Pedido VACIO'!$H:$H=$B30)*('Pedido VACIO'!$A:$A="AJ Adhesivos"),0)),"")} | B30: =+B28+1 -> 9 | C30: {=+IFERROR(INDEX('Pedido VACIO'!$F:$F,MATCH(1,('Pedido VACIO'!$H:$H=$B30)*('Pedido VACIO'!$A:$A="AJ Adhesivos"),0)),"")} | D30: {=+IFERROR(INDEX('Pedido VACIO'!$G:$G,MATCH(1,('Pedido VACIO'!$H:$H=$B30)*('Pedido VACIO'!$A:$A="AJ Adhesivos"),0)),"")} | E30: =+IF(E29="LK","CH",IF(D30="","",IF(D30>0,"LK","CH"))) | F30: =+IF(OR(E30="LK"),ROUNDUP(D30*0.7/25,0)*25,IF(E30="CH",D29-F29,""))
E31: =+IF(E30="LK","CH",IF(D31="","",IF(D31>0,"LK","CH"))) | F31: =+IF(OR(E31="LK"),ROUNDUP(D31*0.7/25,0)*25,IF(E31="CH",D30-F30,""))
A32: {=+IFERROR(INDEX('Pedido VACIO'!$B:$B,MATCH(1,('Pedido VACIO'!$H:$H=$B32)*('Pedido VACIO'!$A:$A="AJ Adhesivos"),0)),"")} | B32: =+B30+1 -> 10 | C32: {=+IFERROR(INDEX('Pedido VACIO'!$F:$F,MATCH(1,('Pedido VACIO'!$H:$H=$B32)*('Pedido VACIO'!$A:$A="AJ Adhesivos"),0)),"")} | D32: {=+IFERROR(INDEX('Pedido VACIO'!$G:$G,MATCH(1,('Pedido VACIO'!$H:$H=$B32)*('Pedido VACIO'!$A:$A="AJ Adhesivos"),0)),"")} | E32: =+IF(E31="LK","CH",IF(D32="","",IF(D32>0,"LK","CH"))) | F32: =+IF(OR(E32="LK"),ROUNDUP(D32*0.7/25,0)*25,IF(E32="CH",D31-F31,""))
E33: =+IF(E32="LK","CH",IF(D33="","",IF(D33>0,"LK","CH"))) | F33: =+IF(OR(E33="LK"),ROUNDUP(D33*0.7/25,0)*25,IF(E33="CH",D32-F32,""))
A34: {=+IFERROR(INDEX('Pedido VACIO'!$B:$B,MATCH(1,('Pedido VACIO'!$H:$H=$B34)*('Pedido VACIO'!$A:$A="AJ Adhesivos"),0)),"")} | B34: =+B32+1 -> 11 | C34: {=+IFERROR(INDEX('Pedido VACIO'!$F:$F,MATCH(1,('Pedido VACIO'!$H:$H=$B34)*('Pedido VACIO'!$A:$A="AJ Adhesivos"),0)),"")} | D34: {=+IFERROR(INDEX('Pedido VACIO'!$G:$G,MATCH(1,('Pedido VACIO'!$H:$H=$B34)*('Pedido VACIO'!$A:$A="AJ Adhesivos"),0)),"")} | E34: =+IF(E33="LK","CH",IF(D34="","",IF(D34>0,"LK","CH"))) | F34: =+IF(OR(E34="LK"),ROUNDUP(D34*0.7/25,0)*25,IF(E34="CH",D33-F33,""))
E35: =+IF(E34="LK","CH",IF(D35="","",IF(D35>0,"LK","CH"))) | F35: =+IF(OR(E35="LK"),ROUNDUP(D35*0.7/25,0)*25,IF(E35="CH",D34-F34,""))
A36: {=+IFERROR(INDEX('Pedido VACIO'!$B:$B,MATCH(1,('Pedido VACIO'!$H:$H=$B36)*('Pedido VACIO'!$A:$A="AJ Adhesivos"),0)),"")} | B36: =+B34+1 -> 12 | C36: {=+IFERROR(INDEX('Pedido VACIO'!$F:$F,MATCH(1,('Pedido VACIO'!$H:$H=$B36)*('Pedido VACIO'!$A:$A="AJ Adhesivos"),0)),"")} | D36: {=+IFERROR(INDEX('Pedido VACIO'!$G:$G,MATCH(1,('Pedido VACIO'!$H:$H=$B36)*('Pedido VACIO'!$A:$A="AJ Adhesivos"),0)),"")} | E36: =+IF(E35="LK","CH",IF(D36="","",IF(D36>0,"LK","CH"))) | F36: =+IF(OR(E36="LK"),ROUNDUP(D36*0.7/25,0)*25,IF(E36="CH",D35-F35,""))
E37: =+IF(E36="LK","CH",IF(D37="","",IF(D37>0,"LK","CH"))) | F37: =+IF(OR(E37="LK"),ROUNDUP(D37*0.7/25,0)*25,IF(E37="CH",D36-F36,""))
A38: {=+IFERROR(INDEX('Pedido VACIO'!$B:$B,MATCH(1,('Pedido VACIO'!$H:$H=$B38)*('Pedido VACIO'!$A:$A="AJ Adhesivos"),0)),"")} | B38: =+B36+1 -> 13 | C38: {=+IFERROR(INDEX('Pedido VACIO'!$F:$F,MATCH(1,('Pedido VACIO'!$H:$H=$B38)*('Pedido VACIO'!$A:$A="AJ Adhesivos"),0)),"")} | D38: {=+IFERROR(INDEX('Pedido VACIO'!$G:$G,MATCH(1,('Pedido VACIO'!$H:$H=$B38)*('Pedido VACIO'!$A:$A="AJ Adhesivos"),0)),"")} | E38: =+IF(E37="LK","CH",IF(D38="","",IF(D38>0,"LK","CH"))) | F38: =+IF(OR(E38="LK"),ROUNDUP(D38*0.7/25,0)*25,IF(E38="CH",D37-F37,""))
E39: =+IF(E38="LK","CH",IF(D39="","",IF(D39>0,"LK","CH"))) | F39: =+IF(OR(E39="LK"),ROUNDUP(D39*0.7/25,0)*25,IF(E39="CH",D38-F38,""))
A40: {=+IFERROR(INDEX('Pedido VACIO'!$B:$B,MATCH(1,('Pedido VACIO'!$H:$H=$B40)*('Pedido VACIO'!$A:$A="AJ Adhesivos"),0)),"")} | B40: =+B38+1 -> 14 | C40: {=+IFERROR(INDEX('Pedido VACIO'!$F:$F,MATCH(1,('Pedido VACIO'!$H:$H=$B40)*('Pedido VACIO'!$A:$A="AJ Adhesivos"),0)),"")} | D40: {=+IFERROR(INDEX('Pedido VACIO'!$G:$G,MATCH(1,('Pedido VACIO'!$H:$H=$B40)*('Pedido VACIO'!$A:$A="AJ Adhesivos"),0)),"")} | E40: =+IF(E39="LK","CH",IF(D40="","",IF(D40>0,"LK","CH"))) | F40: =+IF(OR(E40="LK"),ROUNDUP(D40*0.7/25,0)*25,IF(E40="CH",D39-F39,""))
E41: =+IF(E40="LK","CH",IF(D41="","",IF(D41>0,"LK","CH"))) | F41: =+IF(OR(E41="LK"),ROUNDUP(D41*0.7/25,0)*25,IF(E41="CH",D40-F40,""))
A42: {=+IFERROR(INDEX('Pedido VACIO'!$B:$B,MATCH(1,('Pedido VACIO'!$H:$H=$B42)*('Pedido VACIO'!$A:$A="AJ Adhesivos"),0)),"")} | B42: =+B40+1 -> 15 | C42: {=+IFERROR(INDEX('Pedido VACIO'!$F:$F,MATCH(1,('Pedido VACIO'!$H:$H=$B42)*('Pedido VACIO'!$A:$A="AJ Adhesivos"),0)),"")} | D42: {=+IFERROR(INDEX('Pedido VACIO'!$G:$G,MATCH(1,('Pedido VACIO'!$H:$H=$B42)*('Pedido VACIO'!$A:$A="AJ Adhesivos"),0)),"")} | E42: =+IF(E41="LK","CH",IF(D42="","",IF(D42>0,"LK","CH"))) | F42: =+IF(OR(E42="LK"),ROUNDUP(D42*0.7/25,0)*25,IF(E42="CH",D41-F41,""))
E43: =+IF(E42="LK","CH",IF(D43="","",IF(D43>0,"LK","CH"))) | F43: =+IF(OR(E43="LK"),ROUNDUP(D43*0.7/25,0)*25,IF(E43="CH",D42-F42,""))

Sheet O.C. Grafica Pol
A1: Loekemeyer Hnos. S.R.L | F1: Chef SRL
A2: CUIT: | C2: 30-51584245-0 | F2: CUIT: | H2: 30-68575625-7
A3: DIRECCION: | C3: Cervantes 2868 | F3: DIRECCION: | H3: Virgilio 2788
A4: LOCALIDAD: | C4: Villa Devoto, CABA | F4: LOCALIDAD: | H4: Villa Real, CABA
A6: ORDEN DE COMPRA | F6: FECHA PEDIDO: | I6: =+TODAY() -> 46099
A8: RAZON SOCIAL: | C8: TALLERES GRAFICOS POL | D8: COD PROV: | E8: 2147 | F8: ENTREGA EN: | I8: Cervantes 2868
A10: FACTURAR Loekemeyer 70% Chef 30%
A12: ESTE PEDIDO ANULA CUALQUIER PEDIDO ANTERIOR
A13: Cód ISIS | B13: N° Ord | C13: Descripcion Material | D13: Pedido Uni | E13: Emp | F13: Uni a FC | G13: Fecha Pos Ent | H13: Fecha Ent | I13: Uni Ent | J13: Fecha Ent | K13: Uni Ent | L13: Fecha Ent | M13: Uni Ent
A14: {=+IFERROR(INDEX('Pedido VACIO'!$C:$C,MATCH(1,('Pedido VACIO'!$H:$H=$B14)*('Pedido VACIO'!$A:$A="Grafica Pol"),0)),"")} -> 501 | B14: 1 | C14: {=+IFERROR(INDEX('Pedido VACIO'!$F:$F,MATCH(1,('Pedido VACIO'!$H:$H=$B14)*('Pedido VACIO'!$A:$A="Grafica Pol"),0)),"")} -> Abrelata A Manija | D14: {=+IFERROR(INDEX('Pedido VACIO'!$G:$G,MATCH(1,('Pedido VACIO'!$H:$H=$B14)*('Pedido VACIO'!$A:$A="Grafica Pol"),0)),"")} -> 12000 | E14: =+IF(E13="LK","CH",IF(D14="","",IF(D14>0,"LK","CH"))) -> LK | F14: =+IF(OR(E14="LK"),ROUNDUP(D14*(VLOOKUP(B14,'Pedido VACIO'!$H:$AK,30,0))/(VLOOKUP(B14,'Pedido VACIO'!$H:$AK,30,0)),0)*1,IF(E14="CH",D13-F13,"")) -> 12000
E15: =+IF(E14="LK","CH",IF(D15="","",IF(D15>0,"LK","CH"))) -> CH | F15: =+IF(OR(E15="LK"),ROUNDUP(D15*(VLOOKUP(B15,'Pedido VACIO'!$H:$AK,30,0))/(VLOOKUP(B15,'Pedido VACIO'!$H:$AK,30,0)),0)*1,IF(E15="CH",D14-F14,"")) -> 0
A16: {=+IFERROR(INDEX('Pedido VACIO'!$C:$C,MATCH(1,('Pedido VACIO'!$H:$H=$B16)*('Pedido VACIO'!$A:$A="Grafica Pol"),0)),"")} -> 502 | B16: =+B14+1 -> 2 | C16: {=+IFERROR(INDEX('Pedido VACIO'!$F:$F,MATCH(1,('Pedido VACIO'!$H:$H=$B16)*('Pedido VACIO'!$A:$A="Grafica Pol"),0)),"")} -> Abrelata Mariposa Cromado | D16: {=+IFERROR(INDEX('Pedido VACIO'!$G:$G,MATCH(1,('Pedido VACIO'!$H:$H=$B16)*('Pedido VACIO'!$A:$A="Grafica Pol"),0)),"")} -> 12000 | E16: =+IF(E15="LK","CH",IF(D16="","",IF(D16>0,"LK","CH"))) -> LK | F16: =+IF(OR(E16="LK"),ROUNDUP(D16*(VLOOKUP(B16,'Pedido VACIO'!$H:$AK,30,0))/(VLOOKUP(B16,'Pedido VACIO'!$H:$AK,30,0)),0)*1,IF(E16="CH",D15-F15,"")) -> 12000
E17: =+IF(E16="LK","CH",IF(D17="","",IF(D17>0,"LK","CH"))) -> CH | F17: =+IF(OR(E17="LK"),ROUNDUP(D17*(VLOOKUP(B17,'Pedido VACIO'!$H:$AK,30,0))/(VLOOKUP(B17,'Pedido VACIO'!$H:$AK,30,0)),0)*1,IF(E17="CH",D16-F16,"")) -> 0
A19: {=+IFERROR(INDEX('Pedido VACIO'!$C:$C,MATCH(1,('Pedido VACIO'!$H:$H=$B19)*('Pedido VACIO'!$A:$A="Grafica Pol"),0)),"")} -> 587 | B19: =+B16+1 -> 3 | C19: {=+IFERROR(INDEX('Pedido VACIO'!$F:$F,MATCH(1,('Pedido VACIO'!$H:$H=$B19)*('Pedido VACIO'!$A:$A="Grafica Pol"),0)),"")} -> Pelador Metalico Corte Laser | D19: {=+IFERROR(INDEX('Pedido VACIO'!$G:$G,MATCH(1,('Pedido VACIO'!$H:$H=$B19)*('Pedido VACIO'!$A:$A="Grafica Pol"),0)),"")} -> 12000 | E19: =+IF(E17="LK","CH",IF(D19="","",IF(D19>0,"LK","CH"))) -> LK | F19: =+IF(OR(E19="LK"),ROUNDUP(D19*(VLOOKUP(B19,'Pedido VACIO'!$H:$AK,30,0))/(VLOOKUP(B19,'Pedido VACIO'!$H:$AK,30,0)),0)*1,IF(E19="CH",D17-F17,"")) -> 12000
E20: =+IF(E19="LK","CH",IF(D20="","",IF(D20>0,"LK","CH"))) -> CH | F20: =+IF(OR(E20="LK"),ROUNDUP(D20*(VLOOKUP(B20,'Pedido VACIO'!$H:$AK,30,0))/(VLOOKUP(B20,'Pedido VACIO'!$H:$AK,30,0)),0)*1,IF(E20="CH",D19-F19,"")) -> 0
A22: {=+IFERROR(INDEX('Pedido VACIO'!$C:$C,MATCH(1,('Pedido VACIO'!$H:$H=$B22)*('Pedido VACIO'!$A:$A="Grafica Pol"),0)),"")} -> 513 | B22: =+B19+1 -> 4 | C22: {=+IFERROR(INDEX('Pedido VACIO'!$F:$F,MATCH(1,('Pedido VACIO'!$H:$H=$B22)*('Pedido VACIO'!$A:$A="Grafica Pol"),0)),"")} -> Pelador Mgo Metalico | D22: {=+IFERROR(INDEX('Pedido VACIO'!$G:$G,MATCH(1,('Pedido VACIO'!$H:$H=$B22)*('Pedido VACIO'!$A:$A="Grafica Pol"),0)),"")} -> 36000 | E22: =+IF(E20="LK","CH",IF(D22="","",IF(D22>0,"LK","CH"))) -> LK | F22: =+IF(OR(E22="LK"),ROUNDUP(D22*(VLOOKUP(B22,'Pedido VACIO'!$H:$AK,30,0))/(VLOOKUP(B22,'Pedido VACIO'!$H:$AK,30,0)),0)*1,IF(E22="CH",D20-F20,"")) -> 36000
E23: =+IF(E22="LK","CH",IF(D23="","",IF(D23>0,"LK","CH"))) -> CH | F23: =+IF(OR(E23="LK"),ROUNDUP(D23*(VLOOKUP(B23,'Pedido VACIO'!$H:$AK,30,0))/(VLOOKUP(B23,'Pedido VACIO'!$H:$AK,30,0)),0)*1,IF(E23="CH",D22-F22,"")) -> 0
A24: {=+IFERROR(INDEX('Pedido VACIO'!$C:$C,MATCH(1,('Pedido VACIO'!$H:$H=$B24)*('Pedido VACIO'!$A:$A="Grafica Pol"),0)),"")} -> 505 | B24: =+B22+1 -> 5 | C24: {=+IFERROR(INDEX('Pedido VACIO'!$F:$F,MATCH(1,('Pedido VACIO'!$H:$H=$B24)*('Pedido VACIO'!$A:$A="Grafica Pol"),0)),"")} -> Pelador Mgo Plastico | D24: {=+IFERROR(INDEX('Pedido VACIO'!$G:$G,MATCH(1,('Pedido VACIO'!$H:$H=$B24)*('Pedido VACIO'!$A:$A="Grafica Pol"),0)),"")} -> 48000 | E24: =+IF(E23="LK","CH",IF(D24="","",IF(D24>0,"LK","CH"))) -> LK | F24: =+IF(OR(E24="LK"),ROUNDUP(D24*(VLOOKUP(B24,'Pedido VACIO'!$H:$AK,30,0))/(VLOOKUP(B24,'Pedido VACIO'!$H:$AK,30,0)),0)*1,IF(E24="CH",D23-F23,"")) -> 48000
E25: =+IF(E24="LK","CH",IF(D25="","",IF(D25>0,"LK","CH"))) -> CH | F25: =+IF(OR(E25="LK"),ROUNDUP(D25*(VLOOKUP(B25,'Pedido VACIO'!$H:$AK,30,0))/(VLOOKUP(B25,'Pedido VACIO'!$H:$AK,30,0)),0)*1,IF(E25="CH",D24-F24,"")) -> 0
A27: {=+IFERROR(INDEX('Pedido VACIO'!$C:$C,MATCH(1,('Pedido VACIO'!$H:$H=$B27)*('Pedido VACIO'!$A:$A="Grafica Pol"),0)),"")} -> 520 | B27: =+B24+1 -> 6 | C27: {=+IFERROR(INDEX('Pedido VACIO'!$F:$F,MATCH(1,('Pedido VACIO'!$H:$H=$B27)*('Pedido VACIO'!$A:$A="Grafica Pol"),0)),"")} -> Sacacorcho Tipo Mozo Crom | D27: {=+IFERROR(INDEX('Pedido VACIO'!$G:$G,MATCH(1,('Pedido VACIO'!$H:$H=$B27)*('Pedido VACIO'!$A:$A="Grafica Pol"),0)),"")} -> 10000 | E27: =+IF(E25="LK","CH",IF(D27="","",IF(D27>0,"LK","CH"))) -> LK | F27: =+IF(OR(E27="LK"),ROUNDUP(D27*(VLOOKUP(B27,'Pedido VACIO'!$H:$AK,30,0))/(VLOOKUP(B27,'Pedido VACIO'!$H:$AK,30,0)),0)*1,IF(E27="CH",D25-F25,"")) -> 10000
E28: =+IF(E27="LK","CH",IF(D28="","",IF(D28>0,"LK","CH"))) -> CH | F28: =+IF(OR(E28="LK"),ROUNDUP(D28*(VLOOKUP(B28,'Pedido VACIO'!$H:$AK,30,0))/(VLOOKUP(B28,'Pedido VACIO'!$H:$AK,30,0)),0)*1,IF(E28="CH",D27-F27,"")) -> 0
A29: {=+IFERROR(INDEX('Pedido VACIO'!$C:$C,MATCH(1,('Pedido VACIO'!$H:$H=$B29)*('Pedido VACIO'!$A:$A="Grafica Pol"),0)),"")} -> 530 | B29: =+B27+1 -> 7 | C29: {=+IFERROR(INDEX('Pedido VACIO'!$F:$F,MATCH(1,('Pedido VACIO'!$H:$H=$B29)*('Pedido VACIO'!$A:$A="Grafica Pol"),0)),"")} -> Sacacorcho Tipo Mozo Color | D29: {=+IFERROR(INDEX('Pedido VACIO'!$G:$G,MATCH(1,('Pedido VACIO'!$H:$H=$B29)*('Pedido VACIO'!$A:$A="Grafica Pol"),0)),"")} -> 6000 | E29: =+IF(E28="LK","CH",IF(D29="","",IF(D29>0,"LK","CH"))) -> LK | F29: =+IF(OR(E29="LK"),ROUNDUP(D29*(VLOOKUP(B29,'Pedido VACIO'!$H:$AK,30,0))/(VLOOKUP(B29,'Pedido VACIO'!$H:$AK,30,0)),0)*1,IF(E29="CH",D28-F28,"")) -> 6000
E30: =+IF(E29="LK","CH",IF(D30="","",IF(D30>0,"LK","CH"))) -> CH | F30: =+IF(OR(E30="LK"),ROUNDUP(D30*(VLOOKUP(B30,'Pedido VACIO'!$H:$AK,30,0))/(VLOOKUP(B30,'Pedido VACIO'!$H:$AK,30,0)),0)*1,IF(E30="CH",D29-F29,"")) -> 0
A31: {=+IFERROR(INDEX('Pedido VACIO'!$C:$C,MATCH(1,('Pedido VACIO'!$H:$H=$B31)*('Pedido VACIO'!$A:$A="Grafica Pol"),0)),"")} -> 523 | B31: =+B29+1 -> 8 | C31: {=+IFERROR(INDEX('Pedido VACIO'!$F:$F,MATCH(1,('Pedido VACIO'!$H:$H=$B31)*('Pedido VACIO'!$A:$A="Grafica Pol"),0)),"")} -> Sacacorcho Doble Aleta | D31: {=+IFERROR(INDEX('Pedido VACIO'!$G:$G,MATCH(1,('Pedido VACIO'!$H:$H=$B31)*('Pedido VACIO'!$A:$A="Grafica Pol"),0)),"")} -> 4000 | E31: =+IF(E30="LK","CH",IF(D31="","",IF(D31>0,"LK","CH"))) -> LK | F31: =+IF(OR(E31="LK"),ROUNDUP(D31*(VLOOKUP(B31,'Pedido VACIO'!$H:$AK,30,0))/(VLOOKUP(B31,'Pedido VACIO'!$H:$AK,30,0)),0)*1,IF(E31="CH",D30-F30,"")) -> 4000
E32: =+IF(E31="LK","CH",IF(D32="","",IF(D32>0,"LK","CH"))) -> CH | F32: =+IF(OR(E32="LK"),ROUNDUP(D32*(VLOOKUP(B32,'Pedido VACIO'!$H:$AK,30,0))/(VLOOKUP(B32,'Pedido VACIO'!$H:$AK,30,0)),0)*1,IF(E32="CH",D31-F31,"")) -> 0
A33: {=+IFERROR(INDEX('Pedido VACIO'!$C:$C,MATCH(1,('Pedido VACIO'!$H:$H=$B33)*('Pedido VACIO'!$A:$A="Grafica Pol"),0)),"")} -> 521 | B33: =+B31+1 -> 9 | C33: {=+IFERROR(INDEX('Pedido VACIO'!$F:$F,MATCH(1,('Pedido VACIO'!$H:$H=$B33)*('Pedido VACIO'!$A:$A="Grafica Pol"),0)),"")} -> Sacacorcho Combinado Crom | D33: {=+IFERROR(INDEX('Pedido VACIO'!$G:$G,MATCH(1,('Pedido VACIO'!$H:$H=$B33)*('Pedido VACIO'!$A:$A="Grafica Pol"),0)),"")} -> 4000 | E33: =+IF(E32="LK","CH",IF(D33="","",IF(D33>0,"LK","CH"))) -> LK | F33: =+IF(OR(E33="LK"),ROUNDUP(D33*(VLOOKUP(B33,'Pedido VACIO'!$H:$AK,30,0))/(VLOOKUP(B33,'Pedido VACIO'!$H:$AK,30,0)),0)*1,IF(E33="CH",D32-F32,"")) -> 4000
E34: =+IF(E33="LK","CH",IF(D34="","",IF(D34>0,"LK","CH"))) -> CH | F34: =+IF(OR(E34="LK"),ROUNDUP(D34*(VLOOKUP(B34,'Pedido VACIO'!$H:$AK,30,0))/(VLOOKUP(B34,'Pedido VACIO'!$H:$AK,30,0)),0)*1,IF(E34="CH",D33-F33,"")) -> 0
A36: {=+IFERROR(INDEX('Pedido VACIO'!$C:$C,MATCH(1,('Pedido VACIO'!$H:$H=$B36)*('Pedido VACIO'!$A:$A="Grafica Pol"),0)),"")} -> 504 | B36: =+B33+1 -> 10 | C36: {=+IFERROR(INDEX('Pedido VACIO'!$F:$F,MATCH(1,('Pedido VACIO'!$H:$H=$B36)*('Pedido VACIO'!$A:$A="Grafica Pol"),0)),"")} -> Afila Cuchillos | D36: {=+IFERROR(INDEX('Pedido VACIO'!$G:$G,MATCH(1,('Pedido VACIO'!$H:$H=$B36)*('Pedido VACIO'!$A:$A="Grafica Pol"),0)),"")} -> 12000 | E36: =+IF(E34="LK","CH",IF(D36="","",IF(D36>0,"LK","CH"))) -> LK | F36: =+IF(OR(E36="LK"),ROUNDUP(D36*(VLOOKUP(B36,'Pedido VACIO'!$H:$AK,30,0))/(VLOOKUP(B36,'Pedido VACIO'!$H:$AK,30,0)),0)*1,IF(E36="CH",D34-F34,"")) -> 12000
E37: =+IF(E36="LK","CH",IF(D37="","",IF(D37>0,"LK","CH"))) -> CH | F37: =+IF(OR(E37="LK"),ROUNDUP(D37*(VLOOKUP(B37,'Pedido VACIO'!$H:$AK,30,0))/(VLOOKUP(B37,'Pedido VACIO'!$H:$AK,30,0)),0)*1,IF(E37="CH",D36-F36,"")) -> 0
A38: {=+IFERROR(INDEX('Pedido VACIO'!$C:$C,MATCH(1,('Pedido VACIO'!$H:$H=$B38)*('Pedido VACIO'!$A:$A="Grafica Pol"),0)),"")} -> 532 | B38: =+B36+1 -> 11 | C38: {=+IFERROR(INDEX('Pedido VACIO'!$F:$F,MATCH(1,('Pedido VACIO'!$H:$H=$B38)*('Pedido VACIO'!$A:$A="Grafica Pol"),0)),"")} -> Cuchara De Helado | D38: {=+IFERROR(INDEX('Pedido VACIO'!$G:$G,MATCH(1,('Pedido VACIO'!$H:$H=$B38)*('Pedido VACIO'!$A:$A="Grafica Pol"),0)),"")} -> 1000 | E38: =+IF(E37="LK","CH",IF(D38="","",IF(D38>0,"LK","CH"))) -> LK | F38: =+IF(OR(E38="LK"),ROUNDUP(D38*(VLOOKUP(B38,'Pedido VACIO'!$H:$AK,30,0))/(VLOOKUP(B38,'Pedido VACIO'!$H:$AK,30,0)),0)*1,IF(E38="CH",D37-F37,"")) -> 1000
E39: =+IF(E38="LK","CH",IF(D39="","",IF(D39>0,"LK","CH"))) -> CH | F39: =+IF(OR(E39="LK"),ROUNDUP(D39*(VLOOKUP(B39,'Pedido VACIO'!$H:$AK,30,0))/(VLOOKUP(B39,'Pedido VACIO'!$H:$AK,30,0)),0)*1,IF(E39="CH",D38-F38,"")) -> 0
A40: {=+IFERROR(INDEX('Pedido VACIO'!$C:$C,MATCH(1,('Pedido VACIO'!$H:$H=$B40)*('Pedido VACIO'!$A:$A="Grafica Pol"),0)),"")} -> 551 | B40: =+B38+1 -> 12 | C40: {=+IFERROR(INDEX('Pedido VACIO'!$F:$F,MATCH(1,('Pedido VACIO'!$H:$H=$B40)*('Pedido VACIO'!$A:$A="Grafica Pol"),0)),"")} -> Cuchillo Untar Mgo Plast x 2 | D40: {=+IFERROR(INDEX('Pedido VACIO'!$G:$G,MATCH(1,('Pedido VACIO'!$H:$H=$B40)*('Pedido VACIO'!$A:$A="Grafica Pol"),0)),"")} -> 1000 | E40: =+IF(E39="LK","CH",IF(D40="","",IF(D40>0,"LK","CH"))) -> LK | F40: =+IF(OR(E40="LK"),ROUNDUP(D40*(VLOOKUP(B40,'Pedido VACIO'!$H:$AK,30,0))/(VLOOKUP(B40,'Pedido VACIO'!$H:$AK,30,0)),0)*1,IF(E40="CH",D39-F39,"")) -> 1000
E41: =+IF(E40="LK","CH",IF(D41="","",IF(D41>0,"LK","CH"))) -> CH | F41: =+IF(OR(E41="LK"),ROUNDUP(D41*(VLOOKUP(B41,'Pedido VACIO'!$H:$AK,30,0))/(VLOOKUP(B41,'Pedido VACIO'!$H:$AK,30,0)),0)*1,IF(E41="CH",D40-F40,"")) -> 0
A42: {=+IFERROR(INDEX('Pedido VACIO'!$C:$C,MATCH(1,('Pedido VACIO'!$H:$H=$B42)*('Pedido VACIO'!$A:$A="Grafica Pol"),0)),"")} -> 57 | B42: =+B40+1 -> 13 | C42: {=+IFERROR(INDEX('Pedido VACIO'!$F:$F,MATCH(1,('Pedido VACIO'!$H:$H=$B42)*('Pedido VACIO'!$A:$A="Grafica Pol"),0)),"")} -> Destapa Corona x 1 Cromado | D42: {=+IFERROR(INDEX('Pedido VACIO'!$G:$G,MATCH(1,('Pedido VACIO'!$H:$H=$B42)*('Pedido VACIO'!$A:$A="Grafica Pol"),0)),"")} -> 2000 | E42: =+IF(E41="LK","CH",IF(D42="","",IF(D42>0,"LK","CH"))) -> LK | F42: =+IF(OR(E42="LK"),ROUNDUP(D42*(VLOOKUP(B42,'Pedido VACIO'!$H:$AK,30,0))/(VLOOKUP(B42,'Pedido VACIO'!$H:$AK,30,0)),0)*1,IF(E42="CH",D41-F41,"")) -> 2000
E43: =+IF(E42="LK","CH",IF(D43="","",IF(D43>0,"LK","CH"))) -> CH | F43: =+IF(OR(E43="LK"),ROUNDUP(D43*(VLOOKUP(B43,'Pedido VACIO'!$H:$AK,30,0))/(VLOOKUP(B43,'Pedido VACIO'!$H:$AK,30,0)),0)*1,IF(E43="CH",D42-F42,"")) -> 0
A44: {=+IFERROR(INDEX('Pedido VACIO'!$C:$C,MATCH(1,('Pedido VACIO'!$H:$H=$B44)*('Pedido VACIO'!$A:$A="Grafica Pol"),0)),"")} -> 550 | B44: =+B42+1 -> 14 | C44: {=+IFERROR(INDEX('Pedido VACIO'!$F:$F,MATCH(1,('Pedido VACIO'!$H:$H=$B44)*('Pedido VACIO'!$A:$A="Grafica Pol"),0)),"")} -> Filtro Para Bombillas | D44: {=+IFERROR(INDEX('Pedido VACIO'!$G:$G,MATCH(1,('Pedido VACIO'!$H:$H=$B44)*('Pedido VACIO'!$A:$A="Grafica Pol"),0)),"")} -> 2000 | E44: =+IF(E43="LK","CH",IF(D44="","",IF(D44>0,"LK","CH"))) -> LK | F44: =+IF(OR(E44="LK"),ROUNDUP(D44*(VLOOKUP(B44,'Pedido VACIO'!$H:$AK,30,0))/(VLOOKUP(B44,'Pedido VACIO'!$H:$AK,30,0)),0)*1,IF(E44="CH",D43-F43,"")) -> 2000
E45: =+IF(E44="LK","CH",IF(D45="","",IF(D45>0,"LK","CH"))) -> CH | F45: =+IF(OR(E45="LK"),ROUNDUP(D45*(VLOOKUP(B45,'Pedido VACIO'!$H:$AK,30,0))/(VLOOKUP(B45,'Pedido VACIO'!$H:$AK,30,0)),0)*1,IF(E45="CH",D44-F44,"")) -> 0
A46: {=+IFERROR(INDEX('Pedido VACIO'!$C:$C,MATCH(1,('Pedido VACIO'!$H:$H=$B46)*('Pedido VACIO'!$A:$A="Grafica Pol"),0)),"")} -> 507 | B46: =+B44+1 -> 15 | C46: {=+IFERROR(INDEX('Pedido VACIO'!$F:$F,MATCH(1,('Pedido VACIO'!$H:$H=$B46)*('Pedido VACIO'!$A:$A="Grafica Pol"),0)),"")} -> Rompenueces | D46: {=+IFERROR(INDEX('Pedido VACIO'!$G:$G,MATCH(1,('Pedido VACIO'!$H:$H=$B46)*('Pedido VACIO'!$A:$A="Grafica Pol"),0)),"")} -> 2000 | E46: =+IF(E45="LK","CH",IF(D46="","",IF(D46>0,"LK","CH"))) -> LK | F46: =+IF(OR(E46="LK"),ROUNDUP(D46*(VLOOKUP(B46,'Pedido VACIO'!$H:$AK,30,0))/(VLOOKUP(B46,'Pedido VACIO'!$H:$AK,30,0)),0)*1,IF(E46="CH",D45-F45,"")) -> 2000
E47: =+IF(E46="LK","CH",IF(D47="","",IF(D47>0,"LK","CH"))) -> CH | F47: =+IF(OR(E47="LK"),ROUNDUP(D47*(VLOOKUP(B47,'Pedido VACIO'!$H:$AK,30,0))/(VLOOKUP(B47,'Pedido VACIO'!$H:$AK,30,0)),0)*1,IF(E47="CH",D46-F46,"")) -> 0
A48: {=+IFERROR(INDEX('Pedido VACIO'!$C:$C,MATCH(1,('Pedido VACIO'!$H:$H=$B48)*('Pedido VACIO'!$A:$A="Grafica Pol"),0)),"")} -> 518 | B48: =+B46+1 -> 16 | C48: {=+IFERROR(INDEX('Pedido VACIO'!$F:$F,MATCH(1,('Pedido VACIO'!$H:$H=$B48)*('Pedido VACIO'!$A:$A="Grafica Pol"),0)),"")} -> Sacafuente Pizzero | D48: {=+IFERROR(INDEX('Pedido VACIO'!$G:$G,MATCH(1,('Pedido VACIO'!$H:$H=$B48)*('Pedido VACIO'!$A:$A="Grafica Pol"),0)),"")} -> 3000 | E48: =+IF(E47="LK","CH",IF(D48="","",IF(D48>0,"LK","CH"))) -> LK | F48: =+IF(OR(E48="LK"),ROUNDUP(D48*(VLOOKUP(B48,'Pedido VACIO'!$H:$AK,30,0))/(VLOOKUP(B48,'Pedido VACIO'!$H:$AK,30,0)),0)*1,IF(E48="CH",D47-F47,"")) -> 3000
E49: =+IF(E48="LK","CH",IF(D49="","",IF(D49>0,"LK","CH"))) -> CH | F49: =+IF(OR(E49="LK"),ROUNDUP(D49*(VLOOKUP(B49,'Pedido VACIO'!$H:$AK,30,0))/(VLOOKUP(B49,'Pedido VACIO'!$H:$AK,30,0)),0)*1,IF(E49="CH",D48-F48,"")) -> 0
A50: {=+IFERROR(INDEX('Pedido VACIO'!$C:$C,MATCH(1,('Pedido VACIO'!$H:$H=$B50)*('Pedido VACIO'!$A:$A="Grafica Pol"),0)),"")} -> 208 | B50: =+B48+1 -> 17 | C50: {=+IFERROR(INDEX('Pedido VACIO'!$F:$F,MATCH(1,('Pedido VACIO'!$H:$H=$B50)*('Pedido VACIO'!$A:$A="Grafica Pol"),0)),"")} -> Cucharita 13cm Azucar Madera | D50: {=+IFERROR(INDEX('Pedido VACIO'!$G:$G,MATCH(1,('Pedido VACIO'!$H:$H=$B50)*('Pedido VACIO'!$A:$A="Grafica Pol"),0)),"")} -> 1000 | E50: =+IF(E49="LK","CH",IF(D50="","",IF(D50>0,"LK","CH"))) -> LK | F50: =+IF(OR(E50="LK"),ROUNDUP(D50*(VLOOKUP(B50,'Pedido VACIO'!$H:$AK,30,0))/(VLOOKUP(B50,'Pedido VACIO'!$H:$AK,30,0)),0)*1,IF(E50="CH",D49-F49,"")) -> 1000
E51: =+IF(E50="LK","CH",IF(D51="","",IF(D51>0,"LK","CH"))) -> CH | F51: =+IF(OR(E51="LK"),ROUNDUP(D51*(VLOOKUP(B51,'Pedido VACIO'!$H:$AK,30,0))/(VLOOKUP(B51,'Pedido VACIO'!$H:$AK,30,0)),0)*1,IF(E51="CH",D50-F50,"")) -> 0
A52: {=+IFERROR(INDEX('Pedido VACIO'!$C:$C,MATCH(1,('Pedido VACIO'!$H:$H=$B52)*('Pedido VACIO'!$A:$A="Grafica Pol"),0)),"")} -> 564 | B52: =+B50+1 -> 18 | C52: {=+IFERROR(INDEX('Pedido VACIO'!$F:$F,MATCH(1,('Pedido VACIO'!$H:$H=$B52)*('Pedido VACIO'!$A:$A="Grafica Pol"),0)),"")} -> Corta Pizza 8cm Mgo Madera | D52: {=+IFERROR(INDEX('Pedido VACIO'!$G:$G,MATCH(1,('Pedido VACIO'!$H:$H=$B52)*('Pedido VACIO'!$A:$A="Grafica Pol"),0)),"")} -> 1000 | E52: =+IF(E51="LK","CH",IF(D52="","",IF(D52>0,"LK","CH"))) -> LK | F52: =+IF(OR(E52="LK"),ROUNDUP(D52*(VLOOKUP(B52,'Pedido VACIO'!$H:$AK,30,0))/(VLOOKUP(B52,'Pedido VACIO'!$H:$AK,30,0)),0)*1,IF(E52="CH",D51-F51,"")) -> 1000
E53: =+IF(E52="LK","CH",IF(D53="","",IF(D53>0,"LK","CH"))) -> CH | F53: =+IF(OR(E53="LK"),ROUNDUP(D53*(VLOOKUP(B53,'Pedido VACIO'!$H:$AK,30,0))/(VLOOKUP(B53,'Pedido VACIO'!$H:$AK,30,0)),0)*1,IF(E53="CH",D52-F52,"")) -> 0
A55: {=+IFERROR(INDEX('Pedido VACIO'!$C:$C,MATCH(1,('Pedido VACIO'!$H:$H=$B55)*('Pedido VACIO'!$A:$A="Grafica Pol"),0)),"")} -> 555 | B55: =+B52+1 -> 19 | C55: {=+IFERROR(INDEX('Pedido VACIO'!$F:$F,MATCH(1,('Pedido VACIO'!$H:$H=$B55)*('Pedido VACIO'!$A:$A="Grafica Pol"),0)),"")} -> Cepillo Limpia Bombilla | D55: {=+IFERROR(INDEX('Pedido VACIO'!$G:$G,MATCH(1,('Pedido VACIO'!$H:$H=$B55)*('Pedido VACIO'!$A:$A="Grafica Pol"),0)),"")} -> 4000 | E55: =+IF(E53="LK","CH",IF(D55="","",IF(D55>0,"LK","CH"))) -> LK | F55: =+IF(OR(E55="LK"),ROUNDUP(D55*(VLOOKUP(B55,'Pedido VACIO'!$H:$AK,30,0))/(VLOOKUP(B55,'Pedido VACIO'!$H:$AK,30,0)),0)*1,IF(E55="CH",D53-F53,"")) -> 4000
E56: =+IF(E55="LK","CH",IF(D56="","",IF(D56>0,"LK","CH"))) -> CH | F56: =+IF(OR(E56="LK"),ROUNDUP(D56*(VLOOKUP(B56,'Pedido VACIO'!$H:$AK,30,0))/(VLOOKUP(B56,'Pedido VACIO'!$H:$AK,30,0)),0)*1,IF(E56="CH",D55-F55,"")) -> 0
A57: {=+IFERROR(INDEX('Pedido VACIO'!$C:$C,MATCH(1,('Pedido VACIO'!$H:$H=$B57)*('Pedido VACIO'!$A:$A="Grafica Pol"),0)),"")} -> 542 | B57: =+B55+1 -> 20 | C57: {=+IFERROR(INDEX('Pedido VACIO'!$F:$F,MATCH(1,('Pedido VACIO'!$H:$H=$B57)*('Pedido VACIO'!$A:$A="Grafica Pol"),0)),"")} -> Ahueca Papas | D57: {=+IFERROR(INDEX('Pedido VACIO'!$G:$G,MATCH(1,('Pedido VACIO'!$H:$H=$B57)*('Pedido VACIO'!$A:$A="Grafica Pol"),0)),"")} -> 1000 | E57: =+IF(E56="LK","CH",IF(D57="","",IF(D57>0,"LK","CH"))) -> LK | F57: =+IF(OR(E57="LK"),ROUNDUP(D57*(VLOOKUP(B57,'Pedido VACIO'!$H:$AK,30,0))/(VLOOKUP(B57,'Pedido VACIO'!$H:$AK,30,0)),0)*1,IF(E57="CH",D56-F56,"")) -> 1000
E58: =+IF(E57="LK","CH",IF(D58="","",IF(D58>0,"LK","CH"))) -> CH | F58: =+IF(OR(E58="LK"),ROUNDUP(D58*(VLOOKUP(B58,'Pedido VACIO'!$H:$AK,30,0))/(VLOOKUP(B58,'Pedido VACIO'!$H:$AK,30,0)),0)*1,IF(E58="CH",D57-F57,"")) -> 0
A59: {=+IFERROR(INDEX('Pedido VACIO'!$C:$C,MATCH(1,('Pedido VACIO'!$H:$H=$B59)*('Pedido VACIO'!$A:$A="Grafica Pol"),0)),"")} -> 559 | B59: =+B57+1 -> 21 | C59: {=+IFERROR(INDEX('Pedido VACIO'!$F:$F,MATCH(1,('Pedido VACIO'!$H:$H=$B59)*('Pedido VACIO'!$A:$A="Grafica Pol"),0)),"")} -> Corta Ravioles c/Mgo LK | D59: {=+IFERROR(INDEX('Pedido VACIO'!$G:$G,MATCH(1,('Pedido VACIO'!$H:$H=$B59)*('Pedido VACIO'!$A:$A="Grafica Pol"),0)),"")} -> 2000 | E59: =+IF(E58="LK","CH",IF(D59="","",IF(D59>0,"LK","CH"))) -> LK | F59: =+IF(OR(E59="LK"),ROUNDUP(D59*(VLOOKUP(B59,'Pedido VACIO'!$H:$AK,30,0))/(VLOOKUP(B59,'Pedido VACIO'!$H:$AK,30,0)),0)*1,IF(E59="CH",D58-F58,"")) -> 2000
E60: =+IF(E59="LK","CH",IF(D60="","",IF(D60>0,"LK","CH"))) -> CH | F60: =+IF(OR(E60="LK"),ROUNDUP(D60*(VLOOKUP(B60,'Pedido VACIO'!$H:$AK,30,0))/(VLOOKUP(B60,'Pedido VACIO'!$H:$AK,30,0)),0)*1,IF(E60="CH",D59-F59,"")) -> 0
A61: {=+IFERROR(INDEX('Pedido VACIO'!$C:$C,MATCH(1,('Pedido VACIO'!$H:$H=$B61)*('Pedido VACIO'!$A:$A="Grafica Pol"),0)),"")} -> 334 | B61: =+B59+1 -> 22 | C61: {=+IFERROR(INDEX('Pedido VACIO'!$F:$F,MATCH(1,('Pedido VACIO'!$H:$H=$B61)*('Pedido VACIO'!$A:$A="Grafica Pol"),0)),"")} -> Cuchara Salsera Inox | D61: {=+IFERROR(INDEX('Pedido VACIO'!$G:$G,MATCH(1,('Pedido VACIO'!$H:$H=$B61)*('Pedido VACIO'!$A:$A="Grafica Pol"),0)),"")} -> 1000 | E61: =+IF(E60="LK","CH",IF(D61="","",IF(D61>0,"LK","CH"))) -> LK | F61: =+IF(OR(E61="LK"),ROUNDUP(D61*(VLOOKUP(B61,'Pedido VACIO'!$H:$AK,30,0))/(VLOOKUP(B61,'Pedido VACIO'!$H:$AK,30,0)),0)*1,IF(E61="CH",D60-F60,"")) -> 1000
E62: =+IF(E61="LK","CH",IF(D62="","",IF(D62>0,"LK","CH"))) -> CH | F62: =+IF(OR(E62="LK"),ROUNDUP(D62*(VLOOKUP(B62,'Pedido VACIO'!$H:$AK,30,0))/(VLOOKUP(B62,'Pedido VACIO'!$H:$AK,30,0)),0)*1,IF(E62="CH",D61-F61,"")) -> 0
A63: {=+IFERROR(INDEX('Pedido VACIO'!$C:$C,MATCH(1,('Pedido VACIO'!$H:$H=$B63)*('Pedido VACIO'!$A:$A="Grafica Pol"),0)),"")} -> 570 | B63: =+B61+1 -> 23 | C63: {=+IFERROR(INDEX('Pedido VACIO'!$F:$F,MATCH(1,('Pedido VACIO'!$H:$H=$B63)*('Pedido VACIO'!$A:$A="Grafica Pol"),0)),"")} -> Pala De Canelones | D63: {=+IFERROR(INDEX('Pedido VACIO'!$G:$G,MATCH(1,('Pedido VACIO'!$H:$H=$B63)*('Pedido VACIO'!$A:$A="Grafica Pol"),0)),"")} -> 2000 | E63: =+IF(E62="LK","CH",IF(D63="","",IF(D63>0,"LK","CH"))) -> LK | F63: =+IF(OR(E63="LK"),ROUNDUP(D63*(VLOOKUP(B63,'Pedido VACIO'!$H:$AK,30,0))/(VLOOKUP(B63,'Pedido VACIO'!$H:$AK,30,0)),0)*1,IF(E63="CH",D62-F62,"")) -> 2000
E64: =+IF(E63="LK","CH",IF(D64="","",IF(D64>0,"LK","CH"))) -> CH | F64: =+IF(OR(E64="LK"),ROUNDUP(D64*(VLOOKUP(B64,'Pedido VACIO'!$H:$AK,30,0))/(VLOOKUP(B64,'Pedido VACIO'!$H:$AK,30,0)),0)*1,IF(E64="CH",D63-F63,"")) -> 0
A65: {=+IFERROR(INDEX('Pedido VACIO'!$C:$C,MATCH(1,('Pedido VACIO'!$H:$H=$B65)*('Pedido VACIO'!$A:$A="Grafica Pol"),0)),"")} -> 315 | B65: =+B63+1 -> 24 | C65: {=+IFERROR(INDEX('Pedido VACIO'!$F:$F,MATCH(1,('Pedido VACIO'!$H:$H=$B65)*('Pedido VACIO'!$A:$A="Grafica Pol"),0)),"")} -> Pisa Papas Acero Inox | D65: {=+IFERROR(INDEX('Pedido VACIO'!$G:$G,MATCH(1,('Pedido VACIO'!$H:$H=$B65)*('Pedido VACIO'!$A:$A="Grafica Pol"),0)),"")} -> 5000 | E65: =+IF(E64="LK","CH",IF(D65="","",IF(D65>0,"LK","CH"))) -> LK | F65: =+IF(OR(E65="LK"),ROUNDUP(D65*(VLOOKUP(B65,'Pedido VACIO'!$H:$AK,30,0))/(VLOOKUP(B65,'Pedido VACIO'!$H:$AK,30,0)),0)*1,IF(E65="CH",D64-F64,"")) -> 5000
E66: =+IF(E65="LK","CH",IF(D66="","",IF(D66>0,"LK","CH"))) -> CH | F66: =+IF(OR(E66="LK"),ROUNDUP(D66*(VLOOKUP(B66,'Pedido VACIO'!$H:$AK,30,0))/(VLOOKUP(B66,'Pedido VACIO'!$H:$AK,30,0)),0)*1,IF(E66="CH",D65-F65,"")) -> 0
A67: {=+IFERROR(INDEX('Pedido VACIO'!$C:$C,MATCH(1,('Pedido VACIO'!$H:$H=$B67)*('Pedido VACIO'!$A:$A="Grafica Pol"),0)),"")} -> 546 | B67: =+B65+1 -> 25 | C67: {=+IFERROR(INDEX('Pedido VACIO'!$F:$F,MATCH(1,('Pedido VACIO'!$H:$H=$B67)*('Pedido VACIO'!$A:$A="Grafica Pol"),0)),"")} -> Corta Queso Blandos Mgo LK | D67: {=+IFERROR(INDEX('Pedido VACIO'!$G:$G,MATCH(1,('Pedido VACIO'!$H:$H=$B67)*('Pedido VACIO'!$A:$A="Grafica Pol"),0)),"")} -> 10000 | E67: =+IF(E66="LK","CH",IF(D67="","",IF(D67>0,"LK","CH"))) -> LK | F67: =+IF(OR(E67="LK"),ROUNDUP(D67*(VLOOKUP(B67,'Pedido VACIO'!$H:$AK,30,0))/(VLOOKUP(B67,'Pedido VACIO'!$H:$AK,30,0)),0)*1,IF(E67="CH",D66-F66,"")) -> 10000
E68: =+IF(E67="LK","CH",IF(D68="","",IF(D68>0,"LK","CH"))) -> CH | F68: =+IF(OR(E68="LK"),ROUNDUP(D68*(VLOOKUP(B68,'Pedido VACIO'!$H:$AK,30,0))/(VLOOKUP(B68,'Pedido VACIO'!$H:$AK,30,0)),0)*1,IF(E68="CH",D67-F67,"")) -> 0
A70: {=+IFERROR(INDEX('Pedido VACIO'!$C:$C,MATCH(1,('Pedido VACIO'!$H:$H=$B70)*('Pedido VACIO'!$A:$A="Grafica Pol"),0)),"")} -> 510 | B70: =+B67+1 -> 26 | C70: {=+IFERROR(INDEX('Pedido VACIO'!$F:$F,MATCH(1,('Pedido VACIO'!$H:$H=$B70)*('Pedido VACIO'!$A:$A="Grafica Pol"),0)),"")} -> Abrelata Uña Cromado | D70: {=+IFERROR(INDEX('Pedido VACIO'!$G:$G,MATCH(1,('Pedido VACIO'!$H:$H=$B70)*('Pedido VACIO'!$A:$A="Grafica Pol"),0)),"")} -> 3 | E70: =+IF(E68="LK","CH",IF(D70="","",IF(D70>0,"LK","CH"))) -> LK | F70: =+IF(OR(E70="LK"),ROUNDUP(D70*(VLOOKUP(B70,'Pedido VACIO'!$H:$AK,30,0))/(VLOOKUP(B70,'Pedido VACIO'!$H:$AK,30,0)),0)*1,IF(E70="CH",D68-F68,"")) -> 3
E71: =+IF(E70="LK","CH",IF(D71="","",IF(D71>0,"LK","CH"))) -> CH | F71: =+IF(OR(E71="LK"),ROUNDUP(D71*(VLOOKUP(B71,'Pedido VACIO'!$H:$AK,30,0))/(VLOOKUP(B71,'Pedido VACIO'!$H:$AK,30,0)),0)*1,IF(E71="CH",D70-F70,"")) -> 0
A72: {=+IFERROR(INDEX('Pedido VACIO'!$C:$C,MATCH(1,('Pedido VACIO'!$H:$H=$B72)*('Pedido VACIO'!$A:$A="Grafica Pol"),0)),"")} -> 506 | B72: =+B70+1 -> 27 | C72: {=+IFERROR(INDEX('Pedido VACIO'!$F:$F,MATCH(1,('Pedido VACIO'!$H:$H=$B72)*('Pedido VACIO'!$A:$A="Grafica Pol"),0)),"")} -> Abrelatas Uña | D72: {=+IFERROR(INDEX('Pedido VACIO'!$G:$G,MATCH(1,('Pedido VACIO'!$H:$H=$B72)*('Pedido VACIO'!$A:$A="Grafica Pol"),0)),"")} -> 25 | E72: =+IF(E71="LK","CH",IF(D72="","",IF(D72>0,"LK","CH"))) -> LK | F72: =+IF(OR(E72="LK"),ROUNDUP(D72*(VLOOKUP(B72,'Pedido VACIO'!$H:$AK,30,0))/(VLOOKUP(B72,'Pedido VACIO'!$H:$AK,30,0)),0)*1,IF(E72="CH",D71-F71,"")) -> 25
E73: =+IF(E72="LK","CH",IF(D73="","",IF(D73>0,"LK","CH"))) -> CH | F73: =+IF(OR(E73="LK"),ROUNDUP(D73*(VLOOKUP(B73,'Pedido VACIO'!$H:$AK,30,0))/(VLOOKUP(B73,'Pedido VACIO'!$H:$AK,30,0)),0)*1,IF(E73="CH",D72-F72,"")) -> 0
A74: {=+IFERROR(INDEX('Pedido VACIO'!$C:$C,MATCH(1,('Pedido VACIO'!$H:$H=$B74)*('Pedido VACIO'!$A:$A="Grafica Pol"),0)),"")} -> 557 | B74: =+B72+1 -> 28 | C74: {=+IFERROR(INDEX('Pedido VACIO'!$F:$F,MATCH(1,('Pedido VACIO'!$H:$H=$B74)*('Pedido VACIO'!$A:$A="Grafica Pol"),0)),"")} -> Bombilla Resorte Chata | D74: {=+IFERROR(INDEX('Pedido VACIO'!$G:$G,MATCH(1,('Pedido VACIO'!$H:$H=$B74)*('Pedido VACIO'!$A:$A="Grafica Pol"),0)),"")} -> 3 | E74: =+IF(E73="LK","CH",IF(D74="","",IF(D74>0,"LK","CH"))) -> LK | F74: =+IF(OR(E74="LK"),ROUNDUP(D74*(VLOOKUP(B74,'Pedido VACIO'!$H:$AK,30,0))/(VLOOKUP(B74,'Pedido VACIO'!$H:$AK,30,0)),0)*1,IF(E74="CH",D73-F73,"")) -> 3
E75: =+IF(E74="LK","CH",IF(D75="","",IF(D75>0,"LK","CH"))) -> CH | F75: =+IF(OR(E75="LK"),ROUNDUP(D75*(VLOOKUP(B75,'Pedido VACIO'!$H:$AK,30,0))/(VLOOKUP(B75,'Pedido VACIO'!$H:$AK,30,0)),0)*1,IF(E75="CH",D74-F74,"")) -> 0
A76: {=+IFERROR(INDEX('Pedido VACIO'!$C:$C,MATCH(1,('Pedido VACIO'!$H:$H=$B76)*('Pedido VACIO'!$A:$A="Grafica Pol"),0)),"")} -> 558 | B76: =+B74+1 -> 29 | C76: {=+IFERROR(INDEX('Pedido VACIO'!$F:$F,MATCH(1,('Pedido VACIO'!$H:$H=$B76)*('Pedido VACIO'!$A:$A="Grafica Pol"),0)),"")} -> Bombilla Resorte Tradici | D76: {=+IFERROR(INDEX('Pedido VACIO'!$G:$G,MATCH(1,('Pedido VACIO'!$H:$H=$B76)*('Pedido VACIO'!$A:$A="Grafica Pol"),0)),"")} -> 7 | E76: =+IF(E75="LK","CH",IF(D76="","",IF(D76>0,"LK","CH"))) -> LK | F76: =+IF(OR(E76="LK"),ROUNDUP(D76*(VLOOKUP(B76,'Pedido VACIO'!$H:$AK,30,0))/(VLOOKUP(B76,'Pedido VACIO'!$H:$AK,30,0)),0)*1,IF(E76="CH",D75-F75,"")) -> 7
E77: =+IF(E76="LK","CH",IF(D77="","",IF(D77>0,"LK","CH"))) -> CH | F77: =+IF(OR(E77="LK"),ROUNDUP(D77*(VLOOKUP(B77,'Pedido VACIO'!$H:$AK,30,0))/(VLOOKUP(B77,'Pedido VACIO'!$H:$AK,30,0)),0)*1,IF(E77="CH",D76-F76,"")) -> 0
A78: {=+IFERROR(INDEX('Pedido VACIO'!$C:$C,MATCH(1,('Pedido VACIO'!$H:$H=$B78)*('Pedido VACIO'!$A:$A="Grafica Pol"),0)),"")} | B78: =+B76+1 -> 30 | C78: {=+IFERROR(INDEX('Pedido VACIO'!$F:$F,MATCH(1,('Pedido VACIO'!$H:$H=$B78)*('Pedido VACIO'!$A:$A="Grafica Pol"),0)),"")} | D78: {=+IFERROR(INDEX('Pedido VACIO'!$G:$G,MATCH(1,('Pedido VACIO'!$H:$H=$B78)*('Pedido VACIO'!$A:$A="Grafica Pol"),0)),"")} | E78: =+IF(E77="LK","CH",IF(D78="","",IF(D78>0,"LK","CH"))) | F78: =+IF(OR(E78="LK"),ROUNDUP(D78*(VLOOKUP(B78,'Pedido VACIO'!$H:$AK,30,0))/(VLOOKUP(B78,'Pedido VACIO'!$H:$AK,30,0)),0)*1,IF(E78="CH",D77-F77,""))
E79: =+IF(E78="LK","CH",IF(D79="","",IF(D79>0,"LK","CH"))) | F79: =+IF(OR(E79="LK"),ROUNDUP(D79*(VLOOKUP(B79,'Pedido VACIO'!$H:$AK,30,0))/(VLOOKUP(B79,'Pedido VACIO'!$H:$AK,30,0)),0)*1,IF(E79="CH",D78-F78,""))
A80: {=+IFERROR(INDEX('Pedido VACIO'!$C:$C,MATCH(1,('Pedido VACIO'!$H:$H=$B80)*('Pedido VACIO'!$A:$A="Grafica Pol"),0)),"")} | B80: =+B78+1 -> 31 | C80: {=+IFERROR(INDEX('Pedido VACIO'!$F:$F,MATCH(1,('Pedido VACIO'!$H:$H=$B80)*('Pedido VACIO'!$A:$A="Grafica Pol"),0)),"")} | D80: {=+IFERROR(INDEX('Pedido VACIO'!$G:$G,MATCH(1,('Pedido VACIO'!$H:$H=$B80)*('Pedido VACIO'!$A:$A="Grafica Pol"),0)),"")} | E80: =+IF(E79="LK","CH",IF(D80="","",IF(D80>0,"LK","CH"))) | F80: =+IF(OR(E80="LK"),ROUNDUP(D80*(VLOOKUP(B80,'Pedido VACIO'!$H:$AK,30,0))/(VLOOKUP(B80,'Pedido VACIO'!$H:$AK,30,0)),0)*1,IF(E80="CH",D79-F79,""))
E81: =+IF(E80="LK","CH",IF(D81="","",IF(D81>0,"LK","CH"))) | F81: =+IF(OR(E81="LK"),ROUNDUP(D81*(VLOOKUP(B81,'Pedido VACIO'!$H:$AK,30,0))/(VLOOKUP(B81,'Pedido VACIO'!$H:$AK,30,0)),0)*1,IF(E81="CH",D80-F80,""))
A82: {=+IFERROR(INDEX('Pedido VACIO'!$C:$C,MATCH(1,('Pedido VACIO'!$H:$H=$B82)*('Pedido VACIO'!$A:$A="Grafica Pol"),0)),"")} | B82: =+B80+1 -> 32 | C82: {=+IFERROR(INDEX('Pedido VACIO'!$F:$F,MATCH(1,('Pedido VACIO'!$H:$H=$B82)*('Pedido VACIO'!$A:$A="Grafica Pol"),0)),"")} | D82: {=+IFERROR(INDEX('Pedido VACIO'!$G:$G,MATCH(1,('Pedido VACIO'!$H:$H=$B82)*('Pedido VACIO'!$A:$A="Grafica Pol"),0)),"")} | E82: =+IF(E81="LK","CH",IF(D82="","",IF(D82>0,"LK","CH"))) | F82: =+IF(OR(E82="LK"),ROUNDUP(D82*(VLOOKUP(B82,'Pedido VACIO'!$H:$AK,30,0))/(VLOOKUP(B82,'Pedido VACIO'!$H:$AK,30,0)),0)*1,IF(E82="CH",D81-F81,""))
E83: =+IF(E82="LK","CH",IF(D83="","",IF(D83>0,"LK","CH"))) | F83: =+IF(OR(E83="LK"),ROUNDUP(D83*(VLOOKUP(B83,'Pedido VACIO'!$H:$AK,30,0))/(VLOOKUP(B83,'Pedido VACIO'!$H:$AK,30,0)),0)*1,IF(E83="CH",D82-F82,""))
A84: {=+IFERROR(INDEX('Pedido VACIO'!$C:$C,MATCH(1,('Pedido VACIO'!$H:$H=$B84)*('Pedido VACIO'!$A:$A="Grafica Pol"),0)),"")} | B84: =+B82+1 -> 33 | C84: {=+IFERROR(INDEX('Pedido VACIO'!$F:$F,MATCH(1,('Pedido VACIO'!$H:$H=$B84)*('Pedido VACIO'!$A:$A="Grafica Pol"),0)),"")} | D84: {=+IFERROR(INDEX('Pedido VACIO'!$G:$G,MATCH(1,('Pedido VACIO'!$H:$H=$B84)*('Pedido VACIO'!$A:$A="Grafica Pol"),0)),"")} | E84: =+IF(E83="LK","CH",IF(D84="","",IF(D84>0,"LK","CH"))) | F84: =+IF(OR(E84="LK"),ROUNDUP(D84*(VLOOKUP(B84,'Pedido VACIO'!$H:$AK,30,0))/(VLOOKUP(B84,'Pedido VACIO'!$H:$AK,30,0)),0)*1,IF(E84="CH",D83-F83,""))
E85: =+IF(E84="LK","CH",IF(D85="","",IF(D85>0,"LK","CH"))) | F85: =+IF(OR(E85="LK"),ROUNDUP(D85*(VLOOKUP(B85,'Pedido VACIO'!$H:$AK,30,0))/(VLOOKUP(B85,'Pedido VACIO'!$H:$AK,30,0)),0)*1,IF(E85="CH",D84-F84,""))

Sheet Pedido VACIO
C1: CONTEO CARTONES Y PLIEGOS
F4: Este pedido anula cualquier pedido anterior
B5: Grafica Pol | F5: Fecha Pedido:
B7: Loekemeyer Hnos. S.R.L
B8: Tipo C (12) - Pliego 1 Ab. - Troquel Ab. (Mariposa 12)
B9: Cód ISIS | C9: Cod | D9: Sector | E9: L | F9: Descripcion | G9: Pedido Damian Uni | H9: Orden Priori | J9: % Ocup Conteo | K9: % Ocup Virgilio | M9: Pedido Uni | N9: Max Cons 3 Mes Uni | O9: Stock Uni | P9: Pedido Pend Uni | R9: Stock CD Uni | S9: Stock Total Uni | U9: Max CD Uni | V9: Max Total Uni | X9: Conteo Paquete | Y9: Uni Suelta | Z9: Uni x Paq | AB9: Prov | AC9: Cons x Mes | AD9: Pedi Min Uni | AE9: Cant x Pliego | AF9: Precio Uni | AG9: Tipo de Cartón | AH9: Agrup | AI9: Max x Mes | AK9: LK | AL9: CH
A10: Grafica Pol | B10: 1206700 | C10: 502 | D10: =+VLOOKUP(C10,'Conteo 24-02'!$A$8:$D$246,4,0) -> D3 | E10: LK | F10: Abrelata Mariposa Cromado | G10: 12000 | H10: 2 | J10: =+IFERROR(O10/N10,0) -> 0.5705084 | K10: =+IFERROR(S10/V10,0) -> 0.5705084 | M10: =IF(N10-O10-P10<0,0,N10-O10-P10) -> 7468 | N10: =+IFERROR(AC10*AI10,0) -> 17388 | O10: =+(X10*Z10)+Y10 -> 9920 | R10: =+IFERROR(SUMIFS('Stock CD'!D:D,C30,'Stock CD'!C:C),0) -> 0 | S10: =+R10+O10 -> 9920 | U10: =+IFERROR(VLOOKUP(C10,'Stock CD'!B:I,8,0),0) -> 0 | V10: =+U10+N10 -> 17388 | X10: =+SUMIFS('Conteo 24-02'!F:F,'Conteo 24-02'!$A:$A,$C10) -> 8 | Y10: =+SUMIFS('Conteo 24-02'!G:G,'Conteo 24-02'!$A:$A,$C10) -> 1920 | Z10: 1000 | AB10: Grafica Pol | AC10: =IF(C10="Corb-LK",SUMIFS('Est Madre LK 10-25'!C:C,'Est Madre LK 10-25'!D:D,"si"),IF(C10="Corb-CH",SUMIFS('Est Madre CH 10-25'!C:C,'Est Madre CH 10-25'!D:D,"si"),0)+IFERROR(VLOOKUP(C10,'Est Madre LK 10-25'!$A:$C,3,),IFERROR(VLOOKUP(C10,'Est Madre CH 10-25'!$A:$C,3,),0))) -> 5796 | AD10: 12000 | AE10: 6 | AF10: 68.57028 | AG10: Tipo C | AH10: AB | AI10: 3 | AK10: 100 | AL10: 0
A11: Grafica Pol | B11: 1206700 | C11: 512 | D11: =+VLOOKUP(C11,'Conteo 24-02'!$A$8:$D$246,4,0) -> D1B | E11: LK | F11: Abrelata Mariposa Pintado | J11: =+IFERROR(O11/N11,0) -> 1.5901771 | K11: =+IFERROR(S11/V11,0) -> 1.5901771 | M11: =IF(N11-O11-P11<0,0,N11-O11-P11) -> 0 | N11: =+IFERROR(AC11*AI11,0) -> 4968 | O11: =+(X11*Z11)+Y11 -> 7900 | R11: =+IFERROR(SUMIFS('Stock CD'!D:D,C32,'Stock CD'!C:C),0) -> 0 | S11: =+R11+O11 -> 7900 | U11: =+IFERROR(VLOOKUP(C11,'Stock CD'!B:I,8,0),0) -> 0 | V11: =+U11+N11 -> 4968 | X11: =+SUMIFS('Conteo 24-02'!F:F,'Conteo 24-02'!$A:$A,$C11) -> 6 | Y11: =+SUMIFS('Conteo 24-02'!G:G,'Conteo 24-02'!$A:$A,$C11) -> 1900 | Z11: 1000 | AB11: Grafica Pol | AC11: =IF(C11="Corb-LK",SUMIFS('Est Madre LK 10-25'!C:C,'Est Madre LK 10-25'!D:D,"si"),IF(C11="Corb-CH",SUMIFS('Est Madre CH 10-25'!C:C,'Est Madre CH 10-25'!D:D,"si"),0)+IFERROR(VLOOKUP(C11,'Est Madre LK 10-25'!$A:$C,3,),IFERROR(VLOOKUP(C11,'Est Madre CH 10-25'!$A:$C,3,),0))) -> 1656 | AD11: 12000 | AE11: 6 | AF11: 68.57028 | AG11: Tipo C | AH11: AB | AI11: 3 | AK11: 100 | AL11: 0
A12: Grafica Pol | B12: 1206700 | C12: 66 | D12: =+VLOOKUP(C12,'Conteo 24-02'!$A$8:$D$246,4,0) -> D1A | E12: LK | F12: Abrelata Super Mariposa | J12: =+IFERROR(O12/N12,0) -> 2.1428571 | K12: =+IFERROR(S12/V12,0) -> 2.1428571 | M12: =IF(N12-O12-P12<0,0,N12-O12-P12) -> 0 | N12: =+IFERROR(AC12*AI12,0) -> 6300 | O12: =+(X12*Z12)+Y12 -> 13500 | R12: =+IFERROR(SUMIFS('Stock CD'!D:D,C44,'Stock CD'!C:C),0) -> 0 | S12: =+R12+O12 -> 13500 | U12: =+IFERROR(VLOOKUP(C12,'Stock CD'!B:I,8,0),0) -> 0 | V12: =+U12+N12 -> 6300 | X12: =+SUMIFS('Conteo 24-02'!F:F,'Conteo 24-02'!$A:$A,$C12) -> 13 | Y12: =+SUMIFS('Conteo 24-02'!G:G,'Conteo 24-02'!$A:$A,$C12) -> 500 | Z12: 1000 | AB12: Grafica Pol | AC12: =IF(C12="Corb-LK",SUMIFS('Est Madre LK 10-25'!C:C,'Est Madre LK 10-25'!D:D,"si"),IF(C12="Corb-CH",SUMIFS('Est Madre CH 10-25'!C:C,'Est Madre CH 10-25'!D:D,"si"),0)+IFERROR(VLOOKUP(C12,'Est Madre LK 10-25'!$A:$C,3,),IFERROR(VLOOKUP(C12,'Est Madre CH 10-25'!$A:$C,3,),0))) -> 2100 | AD12: 12000 | AE12: 6 | AF12: 68.57028 | AG12: Tipo C | AH12: AB | AI12: 3 | AK12: 100 | AL12: 0
A13: Grafica Pol | B13: 1206700 | C13: 501 | D13: =+VLOOKUP(C13,'Conteo 24-02'!$A$8:$D$246,4,0) -> D2 | E13: LK | F13: Abrelata A Manija | G13: 12000 | H13: 1 | J13: =+IFERROR(O13/N13,0) -> 0 | K13: =+IFERROR(S13/V13,0) -> 0 | M13: =IF(N13-O13-P13<0,0,N13-O13-P13) -> 20736 | N13: =+IFERROR(AC13*AI13,0) -> 20736 | O13: =+(X13*Z13)+Y13 -> 0 | R13: =+IFERROR(SUMIFS('Stock CD'!D:D,C31,'Stock CD'!C:C),0) -> 0 | S13: =+R13+O13 -> 0 | U13: =+IFERROR(VLOOKUP(C13,'Stock CD'!B:I,8,0),0) -> 0 | V13: =+U13+N13 -> 20736 | X13: =+SUMIFS('Conteo 24-02'!F:F,'Conteo 24-02'!$A:$A,$C13) -> 0 | Y13: =+SUMIFS('Conteo 24-02'!G:G,'Conteo 24-02'!$A:$A,$C13) -> 0 | Z13: 1000 | AB13: Grafica Pol | AC13: =IF(C13="Corb-LK",SUMIFS('Est Madre LK 10-25'!C:C,'Est Madre LK 10-25'!D:D,"si"),IF(C13="Corb-CH",SUMIFS('Est Madre CH 10-25'!C:C,'Est Madre CH 10-25'!D:D,"si"),0)+IFERROR(VLOOKUP(C13,'Est Madre LK 10-25'!$A:$C,3,),IFERROR(VLOOKUP(C13,'Est Madre CH 10-25'!$A:$C,3,),0))) -> 6912 | AD13: 12000 | AE13: 6 | AF13: 68.57028 | AG13: Tipo C | AH13: AB | AI13: 3 | AK13: 100 | AL13: 0
M14: =+SUM(M10:M13) -> 28204
B16: Tipo C (12) - Pliego 2 Pelador - Troquel Pelador
A17: Grafica Pol | B17: 1207700 | C17: 513 | D17: =+VLOOKUP(C17,'Conteo 24-02'!$A$8:$D$246,4,0) -> C1 | E17: LK | F17: Pelador Mgo Metalico | G17: 36000 | H17: 4 | J17: =+IFERROR(O17/N17,0) -> 0.37171318 | K17: =+IFERROR(S17/V17,0) -> 0.37171318 | M17: =IF(N17-O17-P17<0,0,N17-O17-P17) -> 34312 | N17: =+IFERROR(AC17*AI17,0) -> 54612 | O17: =+(X17*Z17)+Y17 -> 20300 | R17: =+IFERROR(SUMIFS('Stock CD'!D:D,C284,'Stock CD'!C:C),0) -> 0 | S17: =+R17+O17 -> 20300 | U17: =+IFERROR(VLOOKUP(C17,'Stock CD'!B:I,8,0),0) -> 0 | V17: =+U17+N17 -> 54612 | X17: =+SUMIFS('Conteo 24-02'!F:F,'Conteo 24-02'!$A:$A,$C17) -> 20 | Y17: =+SUMIFS('Conteo 24-02'!G:G,'Conteo 24-02'!$A:$A,$C17) -> 300 | Z17: 1000 | AB17: Grafica Pol | AC17: =IF(C17="Corb-LK",SUMIFS('Est Madre LK 10-25'!C:C,'Est Madre LK 10-25'!D:D,"si"),IF(C17="Corb-CH",SUMIFS('Est Madre CH 10-25'!C:C,'Est Madre CH 10-25'!D:D,"si"),0)+IFERROR(VLOOKUP(C17,'Est Madre LK 10-25'!$A:$C,3,),IFERROR(VLOOKUP(C17,'Est Madre CH 10-25'!$A:$C,3,),0))) -> 18204 | AD17: 12000 | AE17: 12 | AF17: 61.33671 | AG17: Tipo C | AH17: PEL | AI17: 3 | AK17: 100 | AL17: 0
A18: Grafica Pol | B18: 1207700 | C18: 505 | D18: =+VLOOKUP(C18,'Conteo 24-02'!$A$8:$D$246,4,0) -> B1 | E18: LK | F18: Pelador Mgo Plastico | G18: 48000 | H18: 5 | J18: =+IFERROR(O18/N18,0) -> 0.50683333 | K18: =+IFERROR(S18/V18,0) -> 0.50683333 | M18: =IF(N18-O18-P18<0,0,N18-O18-P18) -> 44385 | N18: =+IFERROR(AC18*AI18,0) -> 90000 | O18: =+(X18*Z18)+Y18 -> 45615 | R18: =+IFERROR(SUMIFS('Stock CD'!D:D,C285,'Stock CD'!C:C),0) -> 0 | S18: =+R18+O18 -> 45615 | U18: =+IFERROR(VLOOKUP(C18,'Stock CD'!B:I,8,0),0) -> 0 | V18: =+U18+N18 -> 90000 | X18: =+SUMIFS('Conteo 24-02'!F:F,'Conteo 24-02'!$A:$A,$C18) -> 45 | Y18: =+SUMIFS('Conteo 24-02'!G:G,'Conteo 24-02'!$A:$A,$C18) -> 615 | Z18: 1000 | AB18: Grafica Pol | AC18: =IF(C18="Corb-LK",SUMIFS('Est Madre LK 10-25'!C:C,'Est Madre LK 10-25'!D:D,"si"),IF(C18="Corb-CH",SUMIFS('Est Madre CH 10-25'!C:C,'Est Madre CH 10-25'!D:D,"si"),0)+IFERROR(VLOOKUP(C18,'Est Madre LK 10-25'!$A:$C,3,),IFERROR(VLOOKUP(C18,'Est Madre CH 10-25'!$A:$C,3,),0))) -> 30000 | AD18: 12000 | AE18: 12 | AF18: 61.33671 | AG18: Tipo C | AH18: PEL | AI18: 3 | AK18: 100 | AL18: 0
A19: Grafica Pol | B19: 1207700 | C19: 586 | D19: =+VLOOKUP(C19,'Conteo 24-02'!$A$8:$D$246,4,0) -> B3 | E19: LK | F19: Pelapapas Mgo Plast Ergo | J19: =+IFERROR(O19/N19,0) -> 1.4722699 | K19: =+IFERROR(S19/V19,0) -> 1.4722699 | M19: =IF(N19-O19-P19<0,0,N19-O19-P19) -> 0 | N19: =+IFERROR(AC19*AI19,0) -> 20988 | O19: =+(X19*Z19)+Y19 -> 30900 | R19: =+IFERROR(SUMIFS('Stock CD'!D:D,C286,'Stock CD'!C:C),0) -> 0 | S19: =+R19+O19 -> 30900 | U19: =+IFERROR(VLOOKUP(C19,'Stock CD'!B:I,8,0),0) -> 0 | V19: =+U19+N19 -> 20988 | X19: =+SUMIFS('Conteo 24-02'!F:F,'Conteo 24-02'!$A:$A,$C19) -> 30 | Y19: =+SUMIFS('Conteo 24-02'!G:G,'Conteo 24-02'!$A:$A,$C19) -> 900 | Z19: 1000 | AB19: Grafica Pol | AC19: =IF(C19="Corb-LK",SUMIFS('Est Madre LK 10-25'!C:C,'Est Madre LK 10-25'!D:D,"si"),IF(C19="Corb-CH",SUMIFS('Est Madre CH 10-25'!C:C,'Est Madre CH 10-25'!D:D,"si"),0)+IFERROR(VLOOKUP(C19,'Est Madre LK 10-25'!$A:$C,3,),IFERROR(VLOOKUP(C19,'Est Madre CH 10-25'!$A:$C,3,),0))) -> 6996 | AD19: 12000 | AE19: 12 | AF19: 61.33671 | AG19: Tipo C | AH19: PEL | AI19: 3 | AK19: 100 | AL19: 0
M20: =+SUM(M17:M19) -> 78697
B21: Tipo C (mínimo 12) - Pliego 2 Pelador - Troquel Laser
A22: Grafica Pol | B22: 1207700 | C22: 587 | D22: =+VLOOKUP(C22,'Conteo 24-02'!$A$8:$D$246,4,0) -> B4 | E22: LK | F22: Pelador Metalico Corte Laser | G22: 12000 | H22: 3 | J22: =+IFERROR(O22/N22,0) -> 0.023148148 | K22: =+IFERROR(S22/V22,0) -> 0.023148148 | M22: =IF(N22-O22-P22<0,0,N22-O22-P22) -> 10550 | N22: =+IFERROR(AC22*AI22,0) -> 10800 | O22: =+(X22*Z22)+Y22 -> 250 | R22: =+IFERROR(SUMIFS('Stock CD'!D:D,C287,'Stock CD'!C:C),0) -> 0 | S22: =+R22+O22 -> 250 | U22: =+IFERROR(VLOOKUP(C22,'Stock CD'!B:I,8,0),0) -> 0 | V22: =+U22+N22 -> 10800 | X22: =+SUMIFS('Conteo 24-02'!F:F,'Conteo 24-02'!$A:$A,$C22) -> 0 | Y22: =+SUMIFS('Conteo 24-02'!G:G,'Conteo 24-02'!$A:$A,$C22) -> 250 | Z22: 1000 | AB22: Grafica Pol | AC22: =IF(C22="Corb-LK",SUMIFS('Est Madre LK 10-25'!C:C,'Est Madre LK 10-25'!D:D,"si"),IF(C22="Corb-CH",SUMIFS('Est Madre CH 10-25'!C:C,'Est Madre CH 10-25'!D:D,"si"),0)+IFERROR(VLOOKUP(C22,'Est Madre LK 10-25'!$A:$C,3,),IFERROR(VLOOKUP(C22,'Est Madre CH 10-25'!$A:$C,3,),0))) -> 3600 | AD22: 12000 | AE22: 12 | AF22: 61.33671 | AG22: Tipo C | AH22: PEL | AI22: 3 | AK22: 100 | AL22: 0
M23: =+SUM(M22) -> 10550
B25: Tipo C (12) - Pliego 5 Sacacorchos - Troquel Utensilios
A26: Grafica Pol | B26: 1261700 | C26: 525 | D26: =+VLOOKUP(C26,'Conteo 24-02'!$A$8:$D$246,4,0) -> E1B | E26: LK | F26: Sacacorcho Cabo De Madera | J26: =+IFERROR(O26/N26,0) -> 0 | K26: =+IFERROR(S26/V26,0) -> 0 | M26: =IF(N26-O26-P26<0,0,N26-O26-P26) -> 0 | N26: =+IFERROR(AC26*AI26,0) -> 0 | O26: =+(X26*Z26)+Y26 -> 7650 | R26: =+IFERROR(SUMIFS('Stock CD'!D:D,C318,'Stock CD'!C:C),0) -> 0 | S26: =+R26+O26 -> 7650 | U26: =+IFERROR(VLOOKUP(C26,'Stock CD'!B:I,8,0),0) -> 0 | V26: =+U26+N26 -> 0 | X26: =+SUMIFS('Conteo 24-02'!F:F,'Conteo 24-02'!$A:$A,$C26) -> 7 | Y26: =+SUMIFS('Conteo 24-02'!G:G,'Conteo 24-02'!$A:$A,$C26) -> 650 | Z26: 1000 | AB26: Grafica Pol | AC26: =IF(C26="Corb-LK",SUMIFS('Est Madre LK 10-25'!C:C,'Est Madre LK 10-25'!D:D,"si"),IF(C26="Corb-CH",SUMIFS('Est Madre CH 10-25'!C:C,'Est Madre CH 10-25'!D:D,"si"),0)+IFERROR(VLOOKUP(C26,'Est Madre LK 10-25'!$A:$C,3,),IFERROR(VLOOKUP(C26,'Est Madre CH 10-25'!$A:$C,3,),0))) -> 0 | AD26: 12000 | AE26: 12 | AF26: 0 | AG26: Tipo C | AH26: UT | AI26: 4 | AK26: 100 | AL26: 0
A27: Grafica Pol | B27: 1261700 | C27: 531 | D27: =+VLOOKUP(C27,'Conteo 24-02'!$A$8:$D$246,4,0) -> E4B | E27: LK | F27: Sacacorcho Combinado Color | J27: =+IFERROR(O27/N27,0) -> 0.97482639 | K27: =+IFERROR(S27/V27,0) -> 0.97482639 | M27: =IF(N27-O27-P27<0,0,N27-O27-P27) -> 145 | N27: =+IFERROR(AC27*AI27,0) -> 5760 | O27: =+(X27*Z27)+Y27 -> 5615 | R27: =+IFERROR(SUMIFS('Stock CD'!D:D,C319,'Stock CD'!C:C),0) -> 0 | S27: =+R27+O27 -> 5615 | U27: =+IFERROR(VLOOKUP(C27,'Stock CD'!B:I,8,0),0) -> 0 | V27: =+U27+N27 -> 5760 | X27: =+SUMIFS('Conteo 24-02'!F:F,'Conteo 24-02'!$A:$A,$C27) -> 5 | Y27: =+SUMIFS('Conteo 24-02'!G:G,'Conteo 24-02'!$A:$A,$C27) -> 615 | Z27: 1000 | AB27: Grafica Pol | AC27: =IF(C27="Corb-LK",SUMIFS('Est Madre LK 10-25'!C:C,'Est Madre LK 10-25'!D:D,"si"),IF(C27="Corb-CH",SUMIFS('Est Madre CH 10-25'!C:C,'Est Madre CH 10-25'!D:D,"si"),0)+IFERROR(VLOOKUP(C27,'Est Madre LK 10-25'!$A:$C,3,),IFERROR(VLOOKUP(C27,'Est Madre CH 10-25'!$A:$C,3,),0))) -> 1440 | AD27: 12000 | AE27: 12 | AF27: 0 | AG27: Tipo C | AH27: UT | AI27: 4 | AK27: 100 | AL27: 0
A28: Grafica Pol | B28: 1261700 | C28: 521 | D28: =+VLOOKUP(C28,'Conteo 24-02'!$A$8:$D$246,4,0) -> E1A | E28: LK | F28: Sacacorcho Combinado Crom | G28: 4000 | H28: 9 | J28: =+IFERROR(O28/N28,0) -> 0.64527027 | K28: =+IFERROR(S28/V28,0) -> 0.64527027 | M28: =IF(N28-O28-P28<0,0,N28-O28-P28) -> 3150 | N28: =+IFERROR(AC28*AI28,0) -> 8880 | O28: =+(X28*Z28)+Y28 -> 5730 | R28: =+IFERROR(SUMIFS('Stock CD'!D:D,C320,'Stock CD'!C:C),0) -> 0 | S28: =+R28+O28 -> 5730 | U28: =+IFERROR(VLOOKUP(C28,'Stock CD'!B:I,8,0),0) -> 0 | V28: =+U28+N28 -> 8880 | X28: =+SUMIFS('Conteo 24-02'!F:F,'Conteo 24-02'!$A:$A,$C28) -> 5 | Y28: =+SUMIFS('Conteo 24-02'!G:G,'Conteo 24-02'!$A:$A,$C28) -> 730 | Z28: 1000 | AB28: Grafica Pol | AC28: =IF(C28="Corb-LK",SUMIFS('Est Madre LK 10-25'!C:C,'Est Madre LK 10-25'!D:D,"si"),IF(C28="Corb-CH",SUMIFS('Est Madre CH 10-25'!C:C,'Est Madre CH 10-25'!D:D,"si"),0)+IFERROR(VLOOKUP(C28,'Est Madre LK 10-25'!$A:$C,3,),IFERROR(VLOOKUP(C28,'Est Madre CH 10-25'!$A:$C,3,),0))) -> 2220 | AD28: 12000 | AE28: 12 | AF28: 0 | AG28: Tipo C | AH28: UT | AI28: 4 | AK28: 100 | AL28: 0
A29: Grafica Pol | B29: 1261700 | C29: 523 | D29: =+VLOOKUP(C29,'Conteo 24-02'!$A$8:$D$246,4,0) -> E4A | E29: LK | F29: Sacacorcho Doble Aleta | G29: 4000 | H29: 8 | J29: =+IFERROR(O29/N29,0) -> 0.52083333 | K29: =+IFERROR(S29/V29,0) -> 0.52083333 | M29: =IF(N29-O29-P29<0,0,N29-O29-P29) -> 4600 | N29: =+IFERROR(AC29*AI29,0) -> 9600 | O29: =+(X29*Z29)+Y29 -> 5000 | R29: =+IFERROR(SUMIFS('Stock CD'!D:D,C321,'Stock CD'!C:C),0) -> 0 | S29: =+R29+O29 -> 5000 | U29: =+IFERROR(VLOOKUP(C29,'Stock CD'!B:I,8,0),0) -> 0 | V29: =+U29+N29 -> 9600 | X29: =+SUMIFS('Conteo 24-02'!F:F,'Conteo 24-02'!$A:$A,$C29) -> 5 | Y29: =+SUMIFS('Conteo 24-02'!G:G,'Conteo 24-02'!$A:$A,$C29) -> 0 | Z29: 1000 | AB29: Grafica Pol | AC29: =IF(C29="Corb-LK",SUMIFS('Est Madre LK 10-25'!C:C,'Est Madre LK 10-25'!D:D,"si"),IF(C29="Corb-CH",SUMIFS('Est Madre CH 10-25'!C:C,'Est Madre CH 10-25'!D:D,"si"),0)+IFERROR(VLOOKUP(C29,'Est Madre LK 10-25'!$A:$C,3,),IFERROR(VLOOKUP(C29,'Est Madre CH 10-25'!$A:$C,3,),0))) -> 2400 | AD29: 12000 | AE29: 12 | AF29: 0 | AG29: Tipo C | AH29: UT | AI29: 4 | AK29: 100 | AL29: 0
A30: Grafica Pol | B30: 1261700 | C30: 581 | D30: =+VLOOKUP(C30,'Conteo 24-02'!$A$8:$D$246,4,0) -> E2B | E30: LK | F30: Sacacorcho Mgo Ergonomico | J30: =+IFERROR(O30/N30,0) -> 1.6764323 | K30: =+IFERROR(S30/V30,0) -> 1.6764323 | M30: =IF(N30-O30-P30<0,0,N30-O30-P30) -> 0 | N30: =+IFERROR(AC30*AI30,0) -> 3072 | O30: =+(X30*Z30)+Y30 -> 5150 | R30: =+IFERROR(SUMIFS('Stock CD'!D:D,C322,'Stock CD'!C:C),0) -> 0 | S30: =+R30+O30 -> 5150 | U30: =+IFERROR(VLOOKUP(C30,'Stock CD'!B:I,8,0),0) -> 0 | V30: =+U30+N30 -> 3072 | X30: =+SUMIFS('Conteo 24-02'!F:F,'Conteo 24-02'!$A:$A,$C30) -> 4 | Y30: =+SUMIFS('Conteo 24-02'!G:G,'Conteo 24-02'!$A:$A,$C30) -> 1150 | Z30: 1000 | AB30: Grafica Pol | AC30: =IF(C30="Corb-LK",SUMIFS('Est Madre LK 10-25'!C:C,'Est Madre LK 10-25'!D:D,"si"),IF(C30="Corb-CH",SUMIFS('Est Madre CH 10-25'!C:C,'Est Madre CH 10-25'!D:D,"si"),0)+IFERROR(VLOOKUP(C30,'Est Madre LK 10-25'!$A:$C,3,),IFERROR(VLOOKUP(C30,'Est Madre CH 10-25'!$A:$C,3,),0))) -> 768 | AD30: 12000 | AE30: 12 | AF30: 0 | AG30: Tipo C | AH30: UT | AI30: 4 | AK30: 100 | AL30: 0
A31: Grafica Pol | B31: 1261700 | C31: 530 | D31: =+VLOOKUP(C31,'Conteo 24-02'!$A$8:$D$246,4,0) -> E3 | E31: LK | F31: Sacacorcho Tipo Mozo Color | G31: 6000 | H31: 7 | J31: =+IFERROR(O31/N31,0) -> 0.63541667 | K31: =+IFERROR(S31/V31,0) -> 0.63541667 | M31: =IF(N31-O31-P31<0,0,N31-O31-P31) -> 5250 | N31: =+IFERROR(AC31*AI31,0) -> 14400 | O31: =+(X31*Z31)+Y31 -> 9150 | R31: =+IFERROR(SUMIFS('Stock CD'!D:D,C323,'Stock CD'!C:C),0) -> 0 | S31: =+R31+O31 -> 9150 | U31: =+IFERROR(VLOOKUP(C31,'Stock CD'!B:I,8,0),0) -> 0 | V31: =+U31+N31 -> 14400 | X31: =+SUMIFS('Conteo 24-02'!F:F,'Conteo 24-02'!$A:$A,$C31) -> 9 | Y31: =+SUMIFS('Conteo 24-02'!G:G,'Conteo 24-02'!$A:$A,$C31) -> 150 | Z31: 1000 | AB31: Grafica Pol | AC31: =IF(C31="Corb-LK",SUMIFS('Est Madre LK 10-25'!C:C,'Est Madre LK 10-25'!D:D,"si"),IF(C31="Corb-CH",SUMIFS('Est Madre CH 10-25'!C:C,'Est Madre CH 10-25'!D:D,"si"),0)+IFERROR(VLOOKUP(C31,'Est Madre LK 10-25'!$A:$C,3,),IFERROR(VLOOKUP(C31,'Est Madre CH 10-25'!$A:$C,3,),0))) -> 3600 | AD31: 12000 | AE31: 12 | AF31: 0 | AG31: Tipo C | AH31: UT | AI31: 4 | AK31: 100 | AL31: 0
A32: Grafica Pol | B32: 1261700 | C32: 520 | D32: =+VLOOKUP(C32,'Conteo 24-02'!$A$8:$D$246,4,0) -> E2A | E32: LK | F32: Sacacorcho Tipo Mozo Crom | G32: 10000 | H32: 6 | J32: =+IFERROR(O32/N32,0) -> 0.34639423 | K32: =+IFERROR(S32/V32,0) -> 0.34639423 | M32: =IF(N32-O32-P32<0,0,N32-O32-P32) -> 8157 | N32: =+IFERROR(AC32*AI32,0) -> 12480 | O32: =+(X32*Z32)+Y32 -> 4323 | R32: =+IFERROR(SUMIFS('Stock CD'!D:D,C324,'Stock CD'!C:C),0) -> 0 | S32: =+R32+O32 -> 4323 | U32: =+IFERROR(VLOOKUP(C32,'Stock CD'!B:I,8,0),0) -> 0 | V32: =+U32+N32 -> 12480 | X32: =+SUMIFS('Conteo 24-02'!F:F,'Conteo 24-02'!$A:$A,$C32) -> 4 | Y32: =+SUMIFS('Conteo 24-02'!G:G,'Conteo 24-02'!$A:$A,$C32) -> 323 | Z32: 1000 | AB32: Grafica Pol | AC32: =IF(C32="Corb-LK",SUMIFS('Est Madre LK 10-25'!C:C,'Est Madre LK 10-25'!D:D,"si"),IF(C32="Corb-CH",SUMIFS('Est Madre CH 10-25'!C:C,'Est Madre CH 10-25'!D:D,"si"),0)+IFERROR(VLOOKUP(C32,'Est Madre LK 10-25'!$A:$C,3,),IFERROR(VLOOKUP(C32,'Est Madre CH 10-25'!$A:$C,3,),0))) -> 3120 | AD32: 12000 | AE32: 12 | AF32: 0 | AG32: Tipo C | AH32: UT | AI32: 4 | AK32: 100 | AL32: 0
M33: =+SUM(M26:M32) -> 21302
B35: Tipo C (12) - Pliegos a definir - Troquel Utensilios
A36: Grafica Pol | B36: 1273700 | C36: 504 | D36: =+VLOOKUP(C36,'Conteo 24-02'!$A$8:$D$246,4,0) -> C3 | E36: LK | F36: Afila Cuchillos | G36: 12000 | H36: 10 | J36: =+IFERROR(O36/N36,0) -> 0.52279874 | K36: =+IFERROR(S36/V36,0) -> 0.52279874 | M36: =IF(N36-O36-P36<0,0,N36-O36-P36) -> 13354 | N36: =+IFERROR(AC36*AI36,0) -> 27984 | O36: =+(X36*Z36)+Y36 -> 14630 | R36: =+IFERROR(SUMIFS('Stock CD'!D:D,C46,'Stock CD'!C:C),0) -> 0 | S36: =+R36+O36 -> 14630 | U36: =+IFERROR(VLOOKUP(C36,'Stock CD'!B:I,8,0),0) -> 0 | V36: =+U36+N36 -> 27984 | X36: =+SUMIFS('Conteo 24-02'!F:F,'Conteo 24-02'!$A:$A,$C36) -> 13 | Y36: =+SUMIFS('Conteo 24-02'!G:G,'Conteo 24-02'!$A:$A,$C36) -> 1630 | Z36: 1000 | AB36: Grafica Pol | AC36: =IF(C36="Corb-LK",SUMIFS('Est Madre LK 10-25'!C:C,'Est Madre LK 10-25'!D:D,"si"),IF(C36="Corb-CH",SUMIFS('Est Madre CH 10-25'!C:C,'Est Madre CH 10-25'!D:D,"si"),0)+IFERROR(VLOOKUP(C36,'Est Madre LK 10-25'!$A:$C,3,),IFERROR(VLOOKUP(C36,'Est Madre CH 10-25'!$A:$C,3,),0))) -> 6996 | AD36: 12000 | AE36: 12 | AF36: 0 | AG36: Tipo C | AH36: UT | AI36: 4 | AK36: 100 | AL36: 0
A37: Grafica Pol | B37: 1269700 | C37: 511 | D37: =+VLOOKUP(C37,'Conteo 24-02'!$A$8:$D$246,4,0) -> G3D | E37: LK | F37: Abrelata Uña 3 En 1 | J37: =+IFERROR(O37/N37,0) -> 1.0330579 | K37: =+IFERROR(S37/V37,0) -> 1.0330579 | M37: =IF(N37-O37-P37<0,0,N37-O37-P37) -> 0 | N37: =+IFERROR(AC37*AI37,0) -> 1936 | O37: =+(X37*Z37)+Y37 -> 2000 | R37: =+IFERROR(SUMIFS('Stock CD'!D:D,C307,'Stock CD'!C:C),0) -> 0 | S37: =+R37+O37 -> 2000 | U37: =+IFERROR(VLOOKUP(C37,'Stock CD'!B:I,8,0),0) -> 0 | V37: =+U37+N37 -> 1936 | X37: =+SUMIFS('Conteo 24-02'!F:F,'Conteo 24-02'!$A:$A,$C37) -> 2 | Y37: =+SUMIFS('Conteo 24-02'!G:G,'Conteo 24-02'!$A:$A,$C37) -> 0 | Z37: 1000 | AB37: Grafica Pol | AC37: =IF(C37="Corb-LK",SUMIFS('Est Madre LK 10-25'!C:C,'Est Madre LK 10-25'!D:D,"si"),IF(C37="Corb-CH",SUMIFS('Est Madre CH 10-25'!C:C,'Est Madre CH 10-25'!D:D,"si"),0)+IFERROR(VLOOKUP(C37,'Est Madre LK 10-25'!$A:$C,3,),IFERROR(VLOOKUP(C37,'Est Madre CH 10-25'!$A:$C,3,),0))) -> 484 | AD37: 12000 | AE37: 12 | AF37: 0 | AG37: Tipo C | AH37: UT | AI37: 4 | AK37: 100 | AL37: 0
A38: Grafica Pol | B38: 1206700 | C38: 58 | D38: =+VLOOKUP(C38,'Conteo 24-02'!$A$8:$D$246,4,0) -> G5C | E38: LK | F38: Cierra Bolsa x2 | J38: =+IFERROR(O38/N38,0) -> 0.80128205 | K38: =+IFERROR(S38/V38,0) -> 0.80128205 | M38: =IF(N38-O38-P38<0,0,N38-O38-P38) -> 248 | N38: =+IFERROR(AC38*AI38,0) -> 1248 | O38: =+(X38*Z38)+Y38 -> 1000 | R38: =+IFERROR(SUMIFS('Stock CD'!D:D,C309,'Stock CD'!C:C),0) -> 0 | S38: =+R38+O38 -> 1000 | U38: =+IFERROR(VLOOKUP(C38,'Stock CD'!B:I,8,0),0) -> 0 | V38: =+U38+N38 -> 1248 | X38: =+SUMIFS('Conteo 24-02'!F:F,'Conteo 24-02'!$A:$A,$C38) -> 1 | Y38: =+SUMIFS('Conteo 24-02'!G:G,'Conteo 24-02'!$A:$A,$C38) -> 0 | Z38: 1000 | AB38: Grafica Pol | AC38: =IF(C38="Corb-LK",SUMIFS('Est Madre LK 10-25'!C:C,'Est Madre LK 10-25'!D:D,"si"),IF(C38="Corb-CH",SUMIFS('Est Madre CH 10-25'!C:C,'Est Madre CH 10-25'!D:D,"si"),0)+IFERROR(VLOOKUP(C38,'Est Madre LK 10-25'!$A:$C,3,),IFERROR(VLOOKUP(C38,'Est Madre CH 10-25'!$A:$C,3,),0))) -> 312 | AD38: 12000 | AE38: 12 | AF38: 68.57028 | AG38: Tipo C | AH38: UT | AI38: 4 | AK38: 100 | AL38: 0
A39: Grafica Pol | B39: 1206700 | C39: 547 | D39: =+VLOOKUP(C39,'Conteo 24-02'!$A$8:$D$246,4,0) -> G7D | E39: LK | F39: Corta Torta | J39: =+IFERROR(O39/N39,0) -> 0 | K39: =+IFERROR(S39/V39,0) -> 0 | M39: =IF(N39-O39-P39<0,0,N39-O39-P39) -> 96 | N39: =+IFERROR(AC39*AI39,0) -> 96 | O39: =+(X39*Z39)+Y39 -> 0 | R39: =+IFERROR(SUMIFS('Stock CD'!D:D,C310,'Stock CD'!C:C),0) -> 0 | S39: =+R39+O39 -> 0 | U39: =+IFERROR(VLOOKUP(C39,'Stock CD'!B:I,8,0),0) -> 0 | V39: =+U39+N39 -> 96 | X39: =+SUMIFS('Conteo 24-02'!F:F,'Conteo 24-02'!$A:$A,$C39) -> 0 | Y39: =+SUMIFS('Conteo 24-02'!G:G,'Conteo 24-02'!$A:$A,$C39) -> 0 | Z39: 500 | AB39: Grafica Pol | AC39: =IF(C39="Corb-LK",SUMIFS('Est Madre LK 10-25'!C:C,'Est Madre LK 10-25'!D:D,"si"),IF(C39="Corb-CH",SUMIFS('Est Madre CH 10-25'!C:C,'Est Madre CH 10-25'!D:D,"si"),0)+IFERROR(VLOOKUP(C39,'Est Madre LK 10-25'!$A:$C,3,),IFERROR(VLOOKUP(C39,'Est Madre CH 10-25'!$A:$C,3,),0))) -> 24 | AD39: 12000 | AE39: 12 | AF39: 68.57028 | AG39: Tipo C | AH39: UT | AI39: 4 | AK39: 100 | AL39: 0
A40: Grafica Pol | B40: 1263700 | C40: 532 | D40: =+VLOOKUP(C40,'Conteo 24-02'!$A$8:$D$246,4,0) -> G2B | E40: LK | F40: Cuchara De Helado | G40: 1000 | H40: 11 | J40: =+IFERROR(O40/N40,0) -> 0.60096154 | K40: =+IFERROR(S40/V40,0) -> 0.60096154 | M40: =IF(N40-O40-P40<0,0,N40-O40-P40) -> 498 | N40: =+IFERROR(AC40*AI40,0) -> 1248 | O40: =+(X40*Z40)+Y40 -> 750 | R40: =+IFERROR(SUMIFS('Stock CD'!D:D,C312,'Stock CD'!C:C),0) -> 0 | S40: =+R40+O40 -> 750 | U40: =+IFERROR(VLOOKUP(C40,'Stock CD'!B:I,8,0),0) -> 0 | V40: =+U40+N40 -> 1248 | X40: =+SUMIFS('Conteo 24-02'!F:F,'Conteo 24-02'!$A:$A,$C40) -> 0 | Y40: =+SUMIFS('Conteo 24-02'!G:G,'Conteo 24-02'!$A:$A,$C40) -> 750 | Z40: 1000 | AB40: Grafica Pol | AC40: =IF(C40="Corb-LK",SUMIFS('Est Madre LK 10-25'!C:C,'Est Madre LK 10-25'!D:D,"si"),IF(C40="Corb-CH",SUMIFS('Est Madre CH 10-25'!C:C,'Est Madre CH 10-25'!D:D,"si"),0)+IFERROR(VLOOKUP(C40,'Est Madre LK 10-25'!$A:$C,3,),IFERROR(VLOOKUP(C40,'Est Madre CH 10-25'!$A:$C,3,),0))) -> 312 | AD40: 12000 | AE40: 12 | AF40: 0 | AG40: Tipo C | AH40: UT | AI40: 4 | AK40: 100 | AL40: 0
A41: Grafica Pol | B41: 1281700 | C41: 551 | D41: =+VLOOKUP(C41,'Conteo 24-02'!$A$8:$D$246,4,0) -> G8A | E41: LK | F41: Cuchillo Untar Mgo Plast x 2 | G41: 1000 | H41: 12 | J41: =+IFERROR(O41/N41,0) -> 0.61431624 | K41: =+IFERROR(S41/V41,0) -> 0.61431624 | M41: =IF(N41-O41-P41<0,0,N41-O41-P41) -> 722 | N41: =+IFERROR(AC41*AI41,0) -> 1872 | O41: =+(X41*Z41)+Y41 -> 1150 | R41: =+IFERROR(SUMIFS('Stock CD'!D:D,C315,'Stock CD'!C:C),0) -> 0 | S41: =+R41+O41 -> 1150 | U41: =+IFERROR(VLOOKUP(C41,'Stock CD'!B:I,8,0),0) -> 0 | V41: =+U41+N41 -> 1872 | X41: =+SUMIFS('Conteo 24-02'!F:F,'Conteo 24-02'!$A:$A,$C41) -> 1 | Y41: =+SUMIFS('Conteo 24-02'!G:G,'Conteo 24-02'!$A:$A,$C41) -> 150 | Z41: 1000 | AB41: Grafica Pol | AC41: =IF(C41="Corb-LK",SUMIFS('Est Madre LK 10-25'!C:C,'Est Madre LK 10-25'!D:D,"si"),IF(C41="Corb-CH",SUMIFS('Est Madre CH 10-25'!C:C,'Est Madre CH 10-25'!D:D,"si"),0)+IFERROR(VLOOKUP(C41,'Est Madre LK 10-25'!$A:$C,3,),IFERROR(VLOOKUP(C41,'Est Madre CH 10-25'!$A:$C,3,),0))) -> 468 | AD41: 12000 | AE41: 10 | AF41: 68.57028 | AG41: Tipo C | AH41: UT | AI41: 4 | AK41: 100 | AL41: 0
A42: Grafica Pol | B42: 1281700 | C42: 519 | D42: =+VLOOKUP(C42,'Conteo 24-02'!$A$8:$D$246,4,0) -> G5E | E42: LK | F42: Cuchillo Untar Mgo Madera x 2 | J42: =+IFERROR(O42/N42,0) -> 0.94166667 | K42: =+IFERROR(S42/V42,0) -> 0.94166667 | M42: =IF(N42-O42-P42<0,0,N42-O42-P42) -> 140 | N42: =+IFERROR(AC42*AI42,0) -> 2400 | O42: =+(X42*Z42)+Y42 -> 2260 | R42: =+IFERROR(SUMIFS('Stock CD'!D:D,C316,'Stock CD'!C:C),0) -> 0 | S42: =+R42+O42 -> 2260 | U42: =+IFERROR(VLOOKUP(C42,'Stock CD'!B:I,8,0),0) -> 0 | V42: =+U42+N42 -> 2400 | X42: =+SUMIFS('Conteo 24-02'!F:F,'Conteo 24-02'!$A:$A,$C42) -> 2 | Y42: =+SUMIFS('Conteo 24-02'!G:G,'Conteo 24-02'!$A:$A,$C42) -> 260 | Z42: 1000 | AB42: Grafica Pol | AC42: =IF(C42="Corb-LK",SUMIFS('Est Madre LK 10-25'!C:C,'Est Madre LK 10-25'!D:D,"si"),IF(C42="Corb-CH",SUMIFS('Est Madre CH 10-25'!C:C,'Est Madre CH 10-25'!D:D,"si"),0)+IFERROR(VLOOKUP(C42,'Est Madre LK 10-25'!$A:$C,3,),IFERROR(VLOOKUP(C42,'Est Madre CH 10-25'!$A:$C,3,),0))) -> 600 | AD42: 12000 | AE42: 10 | AF42: 68.57028 | AG42: Tipo C | AH42: UT | AI42: 4 | AK42: 100 | AL42: 0
A43: Grafica Pol | B43: 1206700 | C43: 395 | D43: =+VLOOKUP(C43,'Conteo 24-02'!$A$8:$D$246,4,0) -> G1C | E43: LK | F43: Descorazonador De Manzana | J43: =+IFERROR(O43/N43,0) -> 0.83333333 | K43: =+IFERROR(S43/V43,0) -> 0.83333333 | M43: =IF(N43-O43-P43<0,0,N43-O43-P43) -> 400 | N43: =+IFERROR(AC43*AI43,0) -> 2400 | O43: =+(X43*Z43)+Y43 -> 2000 | R43: =+IFERROR(SUMIFS('Stock CD'!D:D,C314,'Stock CD'!C:C),0) -> 0 | S43: =+R43+O43 -> 2000 | U43: =+IFERROR(VLOOKUP(C43,'Stock CD'!B:I,8,0),0) -> 0 | V43: =+U43+N43 -> 2400 | X43: =+SUMIFS('Conteo 24-02'!F:F,'Conteo 24-02'!$A:$A,$C43) -> 1 | Y43: =+SUMIFS('Conteo 24-02'!G:G,'Conteo 24-02'!$A:$A,$C43) -> 1000 | Z43: 1000 | AB43: Grafica Pol | AC43: =IF(C43="Corb-LK",SUMIFS('Est Madre LK 10-25'!C:C,'Est Madre LK 10-25'!D:D,"si"),IF(C43="Corb-CH",SUMIFS('Est Madre CH 10-25'!C:C,'Est Madre CH 10-25'!D:D,"si"),0)+IFERROR(VLOOKUP(C43,'Est Madre LK 10-25'!$A:$C,3,),IFERROR(VLOOKUP(C43,'Est Madre CH 10-25'!$A:$C,3,),0))) -> 600 | AD43: 12000 | AE43: 12 | AF43: 68.57028 | AG43: Tipo C | AH43: UT | AI43: 4 | AK43: 100 | AL43: 0
A44: Grafica Pol | B44: 1206700 | C44: 57 | D44: =+VLOOKUP(C44,'Conteo 24-02'!$A$8:$D$246,4,0) -> G7A | E44: LK | F44: Destapa Corona x 1 Cromado | G44: 2000 | H44: 13 | J44: =+IFERROR(O44/N44,0) -> 0.62163978 | K44: =+IFERROR(S44/V44,0) -> 0.62163978 | M44: =IF(N44-O44-P44<0,0,N44-O44-P44) -> 1126 | N44: =+IFERROR(AC44*AI44,0) -> 2976 | O44: =+(X44*Z44)+Y44 -> 1850 | R44: =+IFERROR(SUMIFS('Stock CD'!D:D,C315,'Stock CD'!C:C),0) -> 0 | S44: =+R44+O44 -> 1850 | U44: =+IFERROR(VLOOKUP(C44,'Stock CD'!B:I,8,0),0) -> 0 | V44: =+U44+N44 -> 2976 | X44: =+SUMIFS('Conteo 24-02'!F:F,'Conteo 24-02'!$A:$A,$C44) -> 1 | Y44: =+SUMIFS('Conteo 24-02'!G:G,'Conteo 24-02'!$A:$A,$C44) -> 850 | Z44: 1000 | AB44: Grafica Pol | AC44: =IF(C44="Corb-LK",SUMIFS('Est Madre LK 10-25'!C:C,'Est Madre LK 10-25'!D:D,"si"),IF(C44="Corb-CH",SUMIFS('Est Madre CH 10-25'!C:C,'Est Madre CH 10-25'!D:D,"si"),0)+IFERROR(VLOOKUP(C44,'Est Madre LK 10-25'!$A:$C,3,),IFERROR(VLOOKUP(C44,'Est Madre CH 10-25'!$A:$C,3,),0))) -> 744 | AD44: 12000 | AE44: 12 | AF44: 68.57028 | AG44: Tipo C | AH44: UT | AI44: 4 | AK44: 100 | AL44: 0
A45: Grafica Pol | B45: 2374700 | C45: 550 | D45: =+VLOOKUP(C45,'Conteo 24-02'!$A$8:$D$246,4,0) -> G6B | E45: LK | F45: Filtro Para Bombillas | G45: 2000 | H45: 14 | J45: =+IFERROR(O45/N45,0) -> 0.79495614 | K45: =+IFERROR(S45/V45,0) -> 0.79495614 | M45: =IF(N45-O45-P45<0,0,N45-O45-P45) -> 1122 | N45: =+IFERROR(AC45*AI45,0) -> 5472 | O45: =+(X45*Z45)+Y45 -> 4350 | R45: =+IFERROR(SUMIFS('Stock CD'!D:D,C319,'Stock CD'!C:C),0) -> 0 | S45: =+R45+O45 -> 4350 | U45: =+IFERROR(VLOOKUP(C45,'Stock CD'!B:I,8,0),0) -> 0 | V45: =+U45+N45 -> 5472 | X45: =+SUMIFS('Conteo 24-02'!F:F,'Conteo 24-02'!$A:$A,$C45) -> 4 | Y45: =+SUMIFS('Conteo 24-02'!G:G,'Conteo 24-02'!$A:$A,$C45) -> 350 | Z45: 1000 | AB45: Grafica Pol | AC45: =IF(C45="Corb-LK",SUMIFS('Est Madre LK 10-25'!C:C,'Est Madre LK 10-25'!D:D,"si"),IF(C45="Corb-CH",SUMIFS('Est Madre CH 10-25'!C:C,'Est Madre CH 10-25'!D:D,"si"),0)+IFERROR(VLOOKUP(C45,'Est Madre LK 10-25'!$A:$C,3,),IFERROR(VLOOKUP(C45,'Est Madre CH 10-25'!$A:$C,3,),0))) -> 1368 | AD45: 12000 | AE45: 12 | AF45: 43.2693 | AG45: Tipo C | AH45: UT | AI45: 4 | AK45: 100 | AL45: 0
A46: Grafica Pol | B46: 1206700 | C46: 499 | D46: =+VLOOKUP(C46,'Conteo 24-02'!$A$8:$D$246,4,0) -> G7C | E46: LK | F46: Llavero Destapador Pie Color | J46: =+IFERROR(O46/N46,0) -> 1.7361111 | K46: =+IFERROR(S46/V46,0) -> 1.7361111 | M46: =IF(N46-O46-P46<0,0,N46-O46-P46) -> 0 | N46: =+IFERROR(AC46*AI46,0) -> 576 | O46: =+(X46*Z46)+Y46 -> 1000 | R46: =+IFERROR(SUMIFS('Stock CD'!D:D,C317,'Stock CD'!C:C),0) -> 0 | S46: =+R46+O46 -> 1000 | U46: =+IFERROR(VLOOKUP(C46,'Stock CD'!B:I,8,0),0) -> 0 | V46: =+U46+N46 -> 576 | X46: =+SUMIFS('Conteo 24-02'!F:F,'Conteo 24-02'!$A:$A,$C46) -> 1 | Y46: =+SUMIFS('Conteo 24-02'!G:G,'Conteo 24-02'!$A:$A,$C46) -> 0 | Z46: 1000 | AB46: Grafica Pol | AC46: =IF(C46="Corb-LK",SUMIFS('Est Madre LK 10-25'!C:C,'Est Madre LK 10-25'!D:D,"si"),IF(C46="Corb-CH",SUMIFS('Est Madre CH 10-25'!C:C,'Est Madre CH 10-25'!D:D,"si"),0)+IFERROR(VLOOKUP(C46,'Est Madre LK 10-25'!$A:$C,3,),IFERROR(VLOOKUP(C46,'Est Madre CH 10-25'!$A:$C,3,),0))) -> 144 | AD46: 12000 | AE46: 12 | AF46: 68.57028 | AG46: Tipo C | AH46: UT | AI46: 4 | AK46: 100 | AL46: 0
A47: Grafica Pol | B47: 1270700 | C47: 229 | D47: =+VLOOKUP(C47,'Conteo 24-02'!$A$8:$D$246,4,0) -> G3C | E47: LK | F47: Ñoquera Madera | J47: =+IFERROR(O47/N47,0) -> 1.1904762 | K47: =+IFERROR(S47/V47,0) -> 1.1904762 | M47: =IF(N47-O47-P47<0,0,N47-O47-P47) -> 0 | N47: =+IFERROR(AC47*AI47,0) -> 4032 | O47: =+(X47*Z47)+Y47 -> 4800 | R47: =+IFERROR(SUMIFS('Stock CD'!D:D,C318,'Stock CD'!C:C),0) -> 0 | S47: =+R47+O47 -> 4800 | U47: =+IFERROR(VLOOKUP(C47,'Stock CD'!B:I,8,0),0) -> 0 | V47: =+U47+N47 -> 4032 | X47: =+SUMIFS('Conteo 24-02'!F:F,'Conteo 24-02'!$A:$A,$C47) -> 4 | Y47: =+SUMIFS('Conteo 24-02'!G:G,'Conteo 24-02'!$A:$A,$C47) -> 800 | Z47: 1000 | AB47: Grafica Pol | AC47: =IF(C47="Corb-LK",SUMIFS('Est Madre LK 10-25'!C:C,'Est Madre LK 10-25'!D:D,"si"),IF(C47="Corb-CH",SUMIFS('Est Madre CH 10-25'!C:C,'Est Madre CH 10-25'!D:D,"si"),0)+IFERROR(VLOOKUP(C47,'Est Madre LK 10-25'!$A:$C,3,),IFERROR(VLOOKUP(C47,'Est Madre CH 10-25'!$A:$C,3,),0))) -> 1008 | AD47: 12000 | AE47: 12 | AF47: 0 | AG47: Tipo C | AH47: UT | AI47: 4 | AK47: 100 | AL47: 0
A48: Grafica Pol | B48: 1207700 | C48: 569 | D48: =+VLOOKUP(C48,'Conteo 24-02'!$A$8:$D$246,4,0) -> G5D | E48: LK | F48: Pelanaranjas x 1 Display | J48: =+IFERROR(O48/N48,0) -> 2.172619 | K48: =+IFERROR(S48/V48,0) -> 2.172619 | M48: =IF(N48-O48-P48<0,0,N48-O48-P48) -> 0 | N48: =+IFERROR(AC48*AI48,0) -> 672 | O48: =+(X48*Z48)+Y48 -> 1460 | R48: =+IFERROR(SUMIFS('Stock CD'!D:D,C319,'Stock CD'!C:C),0) -> 0 | S48: =+R48+O48 -> 1460 | U48: =+IFERROR(VLOOKUP(C48,'Stock CD'!B:I,8,0),0) -> 0 | V48: =+U48+N48 -> 672 | X48: =+SUMIFS('Conteo 24-02'!F:F,'Conteo 24-02'!$A:$A,$C48) -> 1 | Y48: =+SUMIFS('Conteo 24-02'!G:G,'Conteo 24-02'!$A:$A,$C48) -> 460 | Z48: 1000 | AB48: Grafica Pol | AC48: =IF(C48="Corb-LK",SUMIFS('Est Madre LK 10-25'!C:C,'Est Madre LK 10-25'!D:D,"si"),IF(C48="Corb-CH",SUMIFS('Est Madre CH 10-25'!C:C,'Est Madre CH 10-25'!D:D,"si"),0)+IFERROR(VLOOKUP(C48,'Est Madre LK 10-25'!$A:$C,3,),IFERROR(VLOOKUP(C48,'Est Madre CH 10-25'!$A:$C,3,),0))) -> 168 | AD48: 12000 | AE48: 12 | AF48: 61.33671 | AG48: Tipo C | AH48: UT | AI48: 4 | AK48: 100 | AL48: 0
A49: Grafica Pol | B49: 1266700 | C49: 560 | D49: =+VLOOKUP(C49,'Conteo 24-02'!$A$8:$D$246,4,0) -> G3E | E49: LK | F49: Pinza Corta Alambre 21cm | J49: =+IFERROR(O49/N49,0) -> 1.5454545 | K49: =+IFERROR(S49/V49,0) -> 1.5454545 | M49: =IF(N49-O49-P49<0,0,N49-O49-P49) -> 0 | N49: =+IFERROR(AC49*AI49,0) -> 2640 | O49: =+(X49*Z49)+Y49 -> 4080 | R49: =+IFERROR(SUMIFS('Stock CD'!D:D,C320,'Stock CD'!C:C),0) -> 0 | S49: =+R49+O49 -> 4080 | U49: =+IFERROR(VLOOKUP(C49,'Stock CD'!B:I,8,0),0) -> 0 | V49: =+U49+N49 -> 2640 | X49: =+SUMIFS('Conteo 24-02'!F:F,'Conteo 24-02'!$A:$A,$C49) -> 3 | Y49: =+SUMIFS('Conteo 24-02'!G:G,'Conteo 24-02'!$A:$A,$C49) -> 1080 | Z49: 1000 | AB49: Grafica Pol | AC49: =IF(C49="Corb-LK",SUMIFS('Est Madre LK 10-25'!C:C,'Est Madre LK 10-25'!D:D,"si"),IF(C49="Corb-CH",SUMIFS('Est Madre CH 10-25'!C:C,'Est Madre CH 10-25'!D:D,"si"),0)+IFERROR(VLOOKUP(C49,'Est Madre LK 10-25'!$A:$C,3,),IFERROR(VLOOKUP(C49,'Est Madre CH 10-25'!$A:$C,3,),0))) -> 660 | AD49: 12000 | AE49: 12 | AF49: 0 | AG49: Tipo C | AH49: UT | AI49: 4 | AK49: 100 | AL49: 0
A50: Grafica Pol | B50: 1206700 | C50: 596 | D50: =+VLOOKUP(C50,'Conteo 24-02'!$A$8:$D$246,4,0) -> G4E | E50: LK | F50: Pinza Ensalada Mgo Plast 23cm | J50: =+IFERROR(O50/N50,0) -> 6.9444444 | K50: =+IFERROR(S50/V50,0) -> 6.9444444 | M50: =IF(N50-O50-P50<0,0,N50-O50-P50) -> 0 | N50: =+IFERROR(AC50*AI50,0) -> 432 | O50: =+(X50*Z50)+Y50 -> 3000 | R50: =+IFERROR(SUMIFS('Stock CD'!D:D,C321,'Stock CD'!C:C),0) -> 0 | S50: =+R50+O50 -> 3000 | U50: =+IFERROR(VLOOKUP(C50,'Stock CD'!B:I,8,0),0) -> 0 | V50: =+U50+N50 -> 432 | X50: =+SUMIFS('Conteo 24-02'!F:F,'Conteo 24-02'!$A:$A,$C50) -> 1 | Y50: =+SUMIFS('Conteo 24-02'!G:G,'Conteo 24-02'!$A:$A,$C50) -> 2000 | Z50: 1000 | AB50: Grafica Pol | AC50: =IF(C50="Corb-LK",SUMIFS('Est Madre LK 10-25'!C:C,'Est Madre LK 10-25'!D:D,"si"),IF(C50="Corb-CH",SUMIFS('Est Madre CH 10-25'!C:C,'Est Madre CH 10-25'!D:D,"si"),0)+IFERROR(VLOOKUP(C50,'Est Madre LK 10-25'!$A:$C,3,),IFERROR(VLOOKUP(C50,'Est Madre CH 10-25'!$A:$C,3,),0))) -> 108 | AD50: 12000 | AE50: 12 | AF50: 68.57028 | AG50: Tipo C | AH50: UT | AI50: 4 | AK50: 100 | AL50: 0
A51: Grafica Pol | B51: 1206700 | C51: 595 | D51: =+VLOOKUP(C51,'Conteo 24-02'!$A$8:$D$246,4,0) -> G4D | E51: LK | F51: Pinza Fiambre Mgo Plast 23cm | J51: =+IFERROR(O51/N51,0) -> 2.4739583 | K51: =+IFERROR(S51/V51,0) -> 2.4739583 | M51: =IF(N51-O51-P51<0,0,N51-O51-P51) -> 0 | N51: =+IFERROR(AC51*AI51,0) -> 1152 | O51: =+(X51*Z51)+Y51 -> 2850 | R51: =+IFERROR(SUMIFS('Stock CD'!D:D,C322,'Stock CD'!C:C),0) -> 0 | S51: =+R51+O51 -> 2850 | U51: =+IFERROR(VLOOKUP(C51,'Stock CD'!B:I,8,0),0) -> 0 | V51: =+U51+N51 -> 1152 | X51: =+SUMIFS('Conteo 24-02'!F:F,'Conteo 24-02'!$A:$A,$C51) -> 1 | Y51: =+SUMIFS('Conteo 24-02'!G:G,'Conteo 24-02'!$A:$A,$C51) -> 1850 | Z51: 1000 | AB51: Grafica Pol | AC51: =IF(C51="Corb-LK",SUMIFS('Est Madre LK 10-25'!C:C,'Est Madre LK 10-25'!D:D,"si"),IF(C51="Corb-CH",SUMIFS('Est Madre CH 10-25'!C:C,'Est Madre CH 10-25'!D:D,"si"),0)+IFERROR(VLOOKUP(C51,'Est Madre LK 10-25'!$A:$C,3,),IFERROR(VLOOKUP(C51,'Est Madre CH 10-25'!$A:$C,3,),0))) -> 288 | AD51: 12000 | AE51: 12 | AF51: 68.57028 | AG51: Tipo C | AH51: UT | AI51: 4 | AK51: 100 | AL51: 0
A52: Grafica Pol | B52: 1206700 | C52: 594 | D52: =+VLOOKUP(C52,'Conteo 24-02'!$A$8:$D$246,4,0) -> G4C | E52: LK | F52: Pinza Fideos Mgo Plast 25cm | J52: =+IFERROR(O52/N52,0) -> 1.6025641 | K52: =+IFERROR(S52/V52,0) -> 1.6025641 | M52: =IF(N52-O52-P52<0,0,N52-O52-P52) -> 0 | N52: =+IFERROR(AC52*AI52,0) -> 1248 | O52: =+(X52*Z52)+Y52 -> 2000 | R52: =+IFERROR(SUMIFS('Stock CD'!D:D,C323,'Stock CD'!C:C),0) -> 0 | S52: =+R52+O52 -> 2000 | U52: =+IFERROR(VLOOKUP(C52,'Stock CD'!B:I,8,0),0) -> 0 | V52: =+U52+N52 -> 1248 | X52: =+SUMIFS('Conteo 24-02'!F:F,'Conteo 24-02'!$A:$A,$C52) -> 2 | Y52: =+SUMIFS('Conteo 24-02'!G:G,'Conteo 24-02'!$A:$A,$C52) -> 0 | Z52: 1000 | AB52: Grafica Pol | AC52: =IF(C52="Corb-LK",SUMIFS('Est Madre LK 10-25'!C:C,'Est Madre LK 10-25'!D:D,"si"),IF(C52="Corb-CH",SUMIFS('Est Madre CH 10-25'!C:C,'Est Madre CH 10-25'!D:D,"si"),0)+IFERROR(VLOOKUP(C52,'Est Madre LK 10-25'!$A:$C,3,),IFERROR(VLOOKUP(C52,'Est Madre CH 10-25'!$A:$C,3,),0))) -> 312 | AD52: 12000 | AE52: 12 | AF52: 68.57028 | AG52: Tipo C | AH52: UT | AI52: 4 | AK52: 100 | AL52: 0
A53: Grafica Pol | B53: 1206700 | C53: 565 | D53: =+VLOOKUP(C53,'Conteo 24-02'!$A$8:$D$246,4,0) -> G4B | E53: LK | F53: Pinza Hielo 14cm | J53: =+IFERROR(O53/N53,0) -> 1.4351852 | K53: =+IFERROR(S53/V53,0) -> 1.4351852 | M53: =IF(N53-O53-P53<0,0,N53-O53-P53) -> 0 | N53: =+IFERROR(AC53*AI53,0) -> 1728 | O53: =+(X53*Z53)+Y53 -> 2480 | R53: =+IFERROR(SUMIFS('Stock CD'!D:D,C324,'Stock CD'!C:C),0) -> 0 | S53: =+R53+O53 -> 2480 | U53: =+IFERROR(VLOOKUP(C53,'Stock CD'!B:I,8,0),0) -> 0 | V53: =+U53+N53 -> 1728 | X53: =+SUMIFS('Conteo 24-02'!F:F,'Conteo 24-02'!$A:$A,$C53) -> 2 | Y53: =+SUMIFS('Conteo 24-02'!G:G,'Conteo 24-02'!$A:$A,$C53) -> 480 | Z53: 1000 | AB53: Grafica Pol | AC53: =IF(C53="Corb-LK",SUMIFS('Est Madre LK 10-25'!C:C,'Est Madre LK 10-25'!D:D,"si"),IF(C53="Corb-CH",SUMIFS('Est Madre CH 10-25'!C:C,'Est Madre CH 10-25'!D:D,"si"),0)+IFERROR(VLOOKUP(C53,'Est Madre LK 10-25'!$A:$C,3,),IFERROR(VLOOKUP(C53,'Est Madre CH 10-25'!$A:$C,3,),0))) -> 432 | AD53: 12000 | AE53: 12 | AF53: 68.57028 | AG53: Tipo C | AH53: UT | AI53: 4 | AK53: 100 | AL53: 0
A54: Grafica Pol | B54: 1268700 | C54: 507 | D54: =+VLOOKUP(C54,'Conteo 24-02'!$A$8:$D$246,4,0) -> G1E | E54: LK | F54: Rompenueces | G54: 2000 | H54: 15 | J54: =+IFERROR(O54/N54,0) -> 0.53661616 | K54: =+IFERROR(S54/V54,0) -> 0.53661616 | M54: =IF(N54-O54-P54<0,0,N54-O54-P54) -> 1468 | N54: =+IFERROR(AC54*AI54,0) -> 3168 | O54: =+(X54*Z54)+Y54 -> 1700 | R54: =+IFERROR(SUMIFS('Stock CD'!D:D,C325,'Stock CD'!C:C),0) -> 0 | S54: =+R54+O54 -> 1700 | U54: =+IFERROR(VLOOKUP(C54,'Stock CD'!B:I,8,0),0) -> 0 | V54: =+U54+N54 -> 3168 | X54: =+SUMIFS('Conteo 24-02'!F:F,'Conteo 24-02'!$A:$A,$C54) -> 1 | Y54: =+SUMIFS('Conteo 24-02'!G:G,'Conteo 24-02'!$A:$A,$C54) -> 700 | Z54: 1000 | AB54: Grafica Pol | AC54: =IF(C54="Corb-LK",SUMIFS('Est Madre LK 10-25'!C:C,'Est Madre LK 10-25'!D:D,"si"),IF(C54="Corb-CH",SUMIFS('Est Madre CH 10-25'!C:C,'Est Madre CH 10-25'!D:D,"si"),0)+IFERROR(VLOOKUP(C54,'Est Madre LK 10-25'!$A:$C,3,),IFERROR(VLOOKUP(C54,'Est Madre CH 10-25'!$A:$C,3,),0))) -> 792 | AD54: 12000 | AE54: 12 | AF54: 0 | AG54: Tipo C | AH54: UT | AI54: 4 | AK54: 100 | AL54: 0
A55: Grafica Pol | B55: 1206700 | C55: 518 | D55: =+VLOOKUP(C55,'Conteo 24-02'!$A$8:$D$246,4,0) -> G7E | E55: LK | F55: Sacafuente Pizzero | G55: 3000 | H55: 16 | J55: =+IFERROR(O55/N55,0) -> 0.32051282 | K55: =+IFERROR(S55/V55,0) -> 0.32051282 | M55: =IF(N55-O55-P55<0,0,N55-O55-P55) -> 2120 | N55: =+IFERROR(AC55*AI55,0) -> 3120 | O55: =+(X55*Z55)+Y55 -> 1000 | R55: =+IFERROR(SUMIFS('Stock CD'!D:D,C333,'Stock CD'!C:C),0) -> 0 | S55: =+R55+O55 -> 1000 | U55: =+IFERROR(VLOOKUP(C55,'Stock CD'!B:I,8,0),0) -> 0 | V55: =+U55+N55 -> 3120 | X55: =+SUMIFS('Conteo 24-02'!F:F,'Conteo 24-02'!$A:$A,$C55) -> 1 | Y55: =+SUMIFS('Conteo 24-02'!G:G,'Conteo 24-02'!$A:$A,$C55) -> 0 | Z55: 1000 | AB55: Grafica Pol | AC55: =IF(C55="Corb-LK",SUMIFS('Est Madre LK 10-25'!C:C,'Est Madre LK 10-25'!D:D,"si"),IF(C55="Corb-CH",SUMIFS('Est Madre CH 10-25'!C:C,'Est Madre CH 10-25'!D:D,"si"),0)+IFERROR(VLOOKUP(C55,'Est Madre LK 10-25'!$A:$C,3,),IFERROR(VLOOKUP(C55,'Est Madre CH 10-25'!$A:$C,3,),0))) -> 780 | AD55: 12000 | AE55: 12 | AF55: 68.57028 | AG55: Tipo C | AH55: UT | AI55: 4 | AK55: 100 | AL55: 0
A56: Grafica Pol | C56: 208 | D56: =+VLOOKUP(C56,'Conteo 24-02'!$A$8:$D$246,4,0) -> G3B | E56: LK | F56: Cucharita 13cm Azucar Madera | G56: 1000 | H56: 17 | J56: =+IFERROR(O56/N56,0) -> 0.17361111 | K56: =+IFERROR(S56/V56,0) -> 0.17361111 | M56: =IF(N56-O56-P56<0,0,N56-O56-P56) -> 476 | N56: =+IFERROR(AC56*AI56,0) -> 576 | O56: =+(X56*Z56)+Y56 -> 100 | R56: =+IFERROR(SUMIFS('Stock CD'!D:D,C332,'Stock CD'!C:C),0) -> 0 | S56: =+R56+O56 -> 100 | U56: =+IFERROR(VLOOKUP(C56,'Stock CD'!B:I,8,0),0) -> 0 | V56: =+U56+N56 -> 576 | X56: =+SUMIFS('Conteo 24-02'!F:F,'Conteo 24-02'!$A:$A,$C56) -> 0 | Y56: =+SUMIFS('Conteo 24-02'!G:G,'Conteo 24-02'!$A:$A,$C56) -> 100 | Z56: 1000 | AB56: Grafica Pol | AC56: =IF(C56="Corb-LK",SUMIFS('Est Madre LK 10-25'!C:C,'Est Madre LK 10-25'!D:D,"si"),IF(C56="Corb-CH",SUMIFS('Est Madre CH 10-25'!C:C,'Est Madre CH 10-25'!D:D,"si"),0)+IFERROR(VLOOKUP(C56,'Est Madre LK 10-25'!$A:$C,3,),IFERROR(VLOOKUP(C56,'Est Madre CH 10-25'!$A:$C,3,),0))) -> 144 | AD56: 12000 | AE56: 12 | AF56: 68.57 | AG56: Tipo C | AH56: UT | AI56: 4 | AK56: 100 | AL56: 0
A57: Grafica Pol | B57: 1206700 | C57: 564 | D57: =+VLOOKUP(C57,'Conteo 24-02'!$A$8:$D$246,4,0) -> F3B | E57: LK | F57: Corta Pizza 8cm Mgo Madera | G57: 1000 | H57: 18 | J57: =+IFERROR(O57/N57,0) -> 0.45795796 | K57: =+IFERROR(S57/V57,0) -> 0.45795796 | M57: =IF(N57-O57-P57<0,0,N57-O57-P57) -> 722 | N57: =+IFERROR(AC57*AI57,0) -> 1332 | O57: =+(X57*Z57)+Y57 -> 610 | R57: =+IFERROR(SUMIFS('Stock CD'!D:D,C282,'Stock CD'!C:C),0) -> 0 | S57: =+R57+O57 -> 610 | U57: =+IFERROR(VLOOKUP(C57,'Stock CD'!B:I,8,0),0) -> 0 | V57: =+U57+N57 -> 1332 | X57: =+SUMIFS('Conteo 24-02'!F:F,'Conteo 24-02'!$A:$A,$C57) -> 0 | Y57: =+SUMIFS('Conteo 24-02'!G:G,'Conteo 24-02'!$A:$A,$C57) -> 610 | Z57: 1000 | AB57: Grafica Pol | AC57: =IF(C57="Corb-LK",SUMIFS('Est Madre LK 10-25'!C:C,'Est Madre LK 10-25'!D:D,"si"),IF(C57="Corb-CH",SUMIFS('Est Madre CH 10-25'!C:C,'Est Madre CH 10-25'!D:D,"si"),0)+IFERROR(VLOOKUP(C57,'Est Madre LK 10-25'!$A:$C,3,),IFERROR(VLOOKUP(C57,'Est Madre CH 10-25'!$A:$C,3,),0))) -> 444 | AD57: 12000 | AE57: 25 | AF57: 68.57028 | AG57: Huevo | AH57: HUEVO | AI57: 3 | AK57: 100 | AL57: 0
A58: Grafica Pol | C58: 498 | D58: =+VLOOKUP(C58,'Conteo 24-02'!$A$8:$D$246,4,0) -> G7B | E58: LK | F58: Llavero Destapador Pie Crom | J58: =+IFERROR(O58/N58,0) -> 4.7222222 | K58: =+IFERROR(S58/V58,0) -> 4.7222222 | M58: =IF(N58-O58-P58<0,0,N58-O58-P58) -> 0 | N58: =+IFERROR(AC58*AI58,0) -> 576 | O58: =+(X58*Z58)+Y58 -> 2720 | R58: =+IFERROR(SUMIFS('Stock CD'!D:D,C335,'Stock CD'!C:C),0) -> 0 | S58: =+R58+O58 -> 2720 | U58: =+IFERROR(VLOOKUP(C58,'Stock CD'!B:I,8,0),0) -> 0 | V58: =+U58+N58 -> 576 | X58: =+SUMIFS('Conteo 24-02'!F:F,'Conteo 24-02'!$A:$A,$C58) -> 2 | Y58: =+SUMIFS('Conteo 24-02'!G:G,'Conteo 24-02'!$A:$A,$C58) -> 720 | Z58: 1000 | AB58: Grafica Pol | AC58: =IF(C58="Corb-LK",SUMIFS('Est Madre LK 10-25'!C:C,'Est Madre LK 10-25'!D:D,"si"),IF(C58="Corb-CH",SUMIFS('Est Madre CH 10-25'!C:C,'Est Madre CH 10-25'!D:D,"si"),0)+IFERROR(VLOOKUP(C58,'Est Madre LK 10-25'!$A:$C,3,),IFERROR(VLOOKUP(C58,'Est Madre CH 10-25'!$A:$C,3,),0))) -> 144 | AD58: 12000 | AE58: 12 | AF58: 68.57 | AG58: Tipo C | AH58: UT | AI58: 4 | AK58: 100 | AL58: 0
A59: Grafica Pol | B59: 1206700 | C59: 299 | D59: =+VLOOKUP(C59,'Conteo 24-02'!$A$8:$D$246,4,0) -> G8B | E59: LK | F59: Muñeco Silicona Antiderrame | J59: =+IFERROR(O59/N59,0) -> 0.77160494 | K59: =+IFERROR(S59/V59,0) -> 0.77160494 | M59: =IF(N59-O59-P59<0,0,N59-O59-P59) -> 296 | N59: =+IFERROR(AC59*AI59,0) -> 1296 | O59: =+(X59*Z59)+Y59 -> 1000 | R59: =+IFERROR(SUMIFS('Stock CD'!D:D,C336,'Stock CD'!C:C),0) -> 0 | S59: =+R59+O59 -> 1000 | U59: =+IFERROR(VLOOKUP(C59,'Stock CD'!B:I,8,0),0) -> 0 | V59: =+U59+N59 -> 1296 | X59: =+SUMIFS('Conteo 24-02'!F:F,'Conteo 24-02'!$A:$A,$C59) -> 1 | Y59: =+SUMIFS('Conteo 24-02'!G:G,'Conteo 24-02'!$A:$A,$C59) -> 0 | Z59: 1000 | AB59: Grafica Pol | AC59: =IF(C59="Corb-LK",SUMIFS('Est Madre LK 10-25'!C:C,'Est Madre LK 10-25'!D:D,"si"),IF(C59="Corb-CH",SUMIFS('Est Madre CH 10-25'!C:C,'Est Madre CH 10-25'!D:D,"si"),0)+IFERROR(VLOOKUP(C59,'Est Madre LK 10-25'!$A:$C,3,),IFERROR(VLOOKUP(C59,'Est Madre CH 10-25'!$A:$C,3,),0))) -> 324 | AD59: 12000 | AE59: 12 | AF59: 68.57028 | AG59: Tipo C | AH59: UT | AI59: 4 | AK59: 100 | AL59: 0
A60: Grafica Pol | C60: 207 | D60: =+VLOOKUP(C60,'Conteo 24-02'!$A$8:$D$246,4,0) -> G3A | E60: LK | F60: Ñoquera Madera Mgo redondo | J60: =+IFERROR(O60/N60,0) -> 0.54166667 | K60: =+IFERROR(S60/V60,0) -> 0.54166667 | M60: =IF(N60-O60-P60<0,0,N60-O60-P60) -> 1100 | N60: =+IFERROR(AC60*AI60,0) -> 2400 | O60: =+(X60*Z60)+Y60 -> 1300 | R60: =+IFERROR(SUMIFS('Stock CD'!D:D,C337,'Stock CD'!C:C),0) -> 0 | S60: =+R60+O60 -> 1300 | U60: =+IFERROR(VLOOKUP(C60,'Stock CD'!B:I,8,0),0) -> 0 | V60: =+U60+N60 -> 2400 | X60: =+SUMIFS('Conteo 24-02'!F:F,'Conteo 24-02'!$A:$A,$C60) -> 1 | Y60: =+SUMIFS('Conteo 24-02'!G:G,'Conteo 24-02'!$A:$A,$C60) -> 300 | Z60: 1000 | AB60: Grafica Pol | AC60: =IF(C60="Corb-LK",SUMIFS('Est Madre LK 10-25'!C:C,'Est Madre LK 10-25'!D:D,"si"),IF(C60="Corb-CH",SUMIFS('Est Madre CH 10-25'!C:C,'Est Madre CH 10-25'!D:D,"si"),0)+IFERROR(VLOOKUP(C60,'Est Madre LK 10-25'!$A:$C,3,),IFERROR(VLOOKUP(C60,'Est Madre CH 10-25'!$A:$C,3,),0))) -> 600 | AD60: 12000 | AE60: 12 | AF60: 68.57 | AG60: Tipo C | AH60: UT | AI60: 4 | AK60: 100 | AL60: 0
A61: Grafica Pol | B61: 1267700 | C61: 517 | D61: =+VLOOKUP(C61,'Conteo 24-02'!$A$8:$D$246,4,0) -> G2A | E61: LK | F61: Pinza Gastronomica 25cm | J61: =+IFERROR(O61/N61,0) -> 0 | K61: =+IFERROR(S61/V61,0) -> 0 | M61: =IF(N61-O61-P61<0,0,N61-O61-P61) -> 0 | N61: =+IFERROR(AC61*AI61,0) -> 0 | O61: =+(X61*Z61)+Y61 -> 0 | R61: =+IFERROR(SUMIFS('Stock CD'!D:D,C338,'Stock CD'!C:C),0) -> 0 | S61: =+R61+O61 -> 0 | U61: =+IFERROR(VLOOKUP(C61,'Stock CD'!B:I,8,0),0) -> 0 | V61: =+U61+N61 -> 0 | X61: =+SUMIFS('Conteo 24-02'!F:F,'Conteo 24-02'!$A:$A,$C61) -> 0 | Y61: =+SUMIFS('Conteo 24-02'!G:G,'Conteo 24-02'!$A:$A,$C61) -> 0 | Z61: 1000 | AB61: Grafica Pol | AC61: =IF(C61="Corb-LK",SUMIFS('Est Madre LK 10-25'!C:C,'Est Madre LK 10-25'!D:D,"si"),IF(C61="Corb-CH",SUMIFS('Est Madre CH 10-25'!C:C,'Est Madre CH 10-25'!D:D,"si"),0)+IFERROR(VLOOKUP(C61,'Est Madre LK 10-25'!$A:$C,3,),IFERROR(VLOOKUP(C61,'Est Madre CH 10-25'!$A:$C,3,),0))) -> 0 | AD61: 12000 | AE61: 12 | AF61: 0 | AG61: Tipo C | AH61: UT | AI61: 4 | AK61: 100 | AL61: 0
A62: Grafica Pol | C62: 561 | D62: =+VLOOKUP(C62,'Conteo 24-02'!$A$8:$D$246,4,0) -> G4A | E62: LK | F62: Pinza Grande | J62: =+IFERROR(O62/N62,0) -> 0 | K62: =+IFERROR(S62/V62,0) -> 0 | M62: =IF(N62-O62-P62<0,0,N62-O62-P62) -> 0 | N62: =+IFERROR(AC62*AI62,0) -> 0 | O62: =+(X62*Z62)+Y62 -> 0 | R62: =+IFERROR(SUMIFS('Stock CD'!D:D,C339,'Stock CD'!C:C),0) -> 0 | S62: =+R62+O62 -> 0 | U62: =+IFERROR(VLOOKUP(C62,'Stock CD'!B:I,8,0),0) -> 0 | V62: =+U62+N62 -> 0 | X62: =+SUMIFS('Conteo 24-02'!F:F,'Conteo 24-02'!$A:$A,$C62) -> 0 | Y62: =+SUMIFS('Conteo 24-02'!G:G,'Conteo 24-02'!$A:$A,$C62) -> 0 | Z62: 1000 | AB62: Grafica Pol | AC62: =IF(C62="Corb-LK",SUMIFS('Est Madre LK 10-25'!C:C,'Est Madre LK 10-25'!D:D,"si"),IF(C62="Corb-CH",SUMIFS('Est Madre CH 10-25'!C:C,'Est Madre CH 10-25'!D:D,"si"),0)+IFERROR(VLOOKUP(C62,'Est Madre LK 10-25'!$A:$C,3,),IFERROR(VLOOKUP(C62,'Est Madre CH 10-25'!$A:$C,3,),0))) -> 0 | AD62: 12000 | AE62: 12 | AF62: 68.57 | AG62: Tipo C | AH62: UT | AI62: 4 | AK62: 100 | AL62: 0
A63: Grafica Pol | B63: 1206700 | C63: 508 | D63: =+VLOOKUP(C63,'Conteo 24-02'!$A$8:$D$246,4,0) -> G6A | E63: LK | F63: Sacafuentes Articulado | J63: =+IFERROR(O63/N63,0) -> 0.93452381 | K63: =+IFERROR(S63/V63,0) -> 0.93452381 | M63: =IF(N63-O63-P63<0,0,N63-O63-P63) -> 110 | N63: =+IFERROR(AC63*AI63,0) -> 1680 | O63: =+(X63*Z63)+Y63 -> 1570 | R63: =+IFERROR(SUMIFS('Stock CD'!D:D,C334,'Stock CD'!C:C),0) -> 0 | S63: =+R63+O63 -> 1570 | U63: =+IFERROR(VLOOKUP(C63,'Stock CD'!B:I,8,0),0) -> 0 | V63: =+U63+N63 -> 1680 | X63: =+SUMIFS('Conteo 24-02'!F:F,'Conteo 24-02'!$A:$A,$C63) -> 1 | Y63: =+SUMIFS('Conteo 24-02'!G:G,'Conteo 24-02'!$A:$A,$C63) -> 570 | Z63: 1000 | AB63: Grafica Pol | AC63: =IF(C63="Corb-LK",SUMIFS('Est Madre LK 10-25'!C:C,'Est Madre LK 10-25'!D:D,"si"),IF(C63="Corb-CH",SUMIFS('Est Madre CH 10-25'!C:C,'Est Madre CH 10-25'!D:D,"si"),0)+IFERROR(VLOOKUP(C63,'Est Madre LK 10-25'!$A:$C,3,),IFERROR(VLOOKUP(C63,'Est Madre CH 10-25'!$A:$C,3,),0))) -> 420 | AD63: 12000 | AE63: 12 | AF63: 68.57028 | AG63: Tipo C | AH63: UT | AI63: 4 | AK63: 100 | AL63: 0
A64: Grafica Pol | C64: 0 | D64: =+VLOOKUP(C64,'Conteo 24-02'!$A$8:$D$246,4,0) -> #N/A | E64: LK | F64: Utensilios (Genérico) | J64: =+IFERROR(O64/N64,0) -> 0 | K64: =+IFERROR(S64/V64,0) -> 0 | M64: =IF(N64-O64-P64<0,0,N64-O64-P64) -> 0 | N64: =+IFERROR(AC64*AI64,0) -> 0 | O64: =+(X64*Z64)+Y64 -> 0 | R64: =+IFERROR(SUMIFS('Stock CD'!D:D,C335,'Stock CD'!C:C),0) -> 0 | S64: =+R64+O64 -> 0 | U64: =+IFERROR(VLOOKUP(C64,'Stock CD'!B:I,8,0),0) -> 0 | V64: =+U64+N64 -> 0 | X64: =+SUMIFS('Conteo 24-02'!F:F,'Conteo 24-02'!$A:$A,$C64) -> 0 | Y64: =+SUMIFS('Conteo 24-02'!G:G,'Conteo 24-02'!$A:$A,$C64) -> 0 | Z64: 1000 | AB64: Grafica Pol | AC64: =IF(C64="Corb-LK",SUMIFS('Est Madre LK 10-25'!C:C,'Est Madre LK 10-25'!D:D,"si"),IF(C64="Corb-CH",SUMIFS('Est Madre CH 10-25'!C:C,'Est Madre CH 10-25'!D:D,"si"),0)+IFERROR(VLOOKUP(C64,'Est Madre LK 10-25'!$A:$C,3,),IFERROR(VLOOKUP(C64,'Est Madre CH 10-25'!$A:$C,3,),0))) -> 0 | AD64: 12000 | AE64: 12 | AF64: 68.57028 | AG64: Tipo C | AH64: UT | AI64: 4 | AK64: 100 | AL64: 0
M65: =+SUM(M36:M64) -> 23998
B67: Tipo Huevo (25) - Pliegos 9 y 10 - Troquel Huevo
A68: Grafica Pol | B68: 1206700 | C68: 543 | D68: =+VLOOKUP(C68,'Conteo 24-02'!$A$8:$D$246,4,0) -> G5B | E68: LK | F68: Ahueca Frutas | J68: =+IFERROR(O68/N68,0) -> 1.3804714 | K68: =+IFERROR(S68/V68,0) -> 1.3804714 | M68: =IF(N68-O68-P68<0,0,N68-O68-P68) -> 0 | N68: =+IFERROR(AC68*AI68,0) -> 1188 | O68: =+(X68*Z68)+Y68 -> 1640 | R68: =+IFERROR(SUMIFS('Stock CD'!D:D,C275,'Stock CD'!C:C),0) -> 0 | S68: =+R68+O68 -> 1640 | U68: =+IFERROR(VLOOKUP(C68,'Stock CD'!B:I,8,0),0) -> 0 | V68: =+U68+N68 -> 1188 | X68: =+SUMIFS('Conteo 24-02'!F:F,'Conteo 24-02'!$A:$A,$C68) -> 0 | Y68: =+SUMIFS('Conteo 24-02'!G:G,'Conteo 24-02'!$A:$A,$C68) -> 1640 | Z68: 1000 | AB68: Grafica Pol | AC68: =IF(C68="Corb-LK",SUMIFS('Est Madre LK 10-25'!C:C,'Est Madre LK 10-25'!D:D,"si"),IF(C68="Corb-CH",SUMIFS('Est Madre CH 10-25'!C:C,'Est Madre CH 10-25'!D:D,"si"),0)+IFERROR(VLOOKUP(C68,'Est Madre LK 10-25'!$A:$C,3,),IFERROR(VLOOKUP(C68,'Est Madre CH 10-25'!$A:$C,3,),0))) -> 396 | AD68: 12000 | AE68: 25 | AF68: 68.57028 | AG68: Huevo | AH68: HUEVO | AI68: 3 | AK68: 100 | AL68: 0
A69: Grafica Pol | B69: 1206700 | C69: 542 | D69: =+VLOOKUP(C69,'Conteo 24-02'!$A$8:$D$246,4,0) -> G5A | E69: LK | F69: Ahueca Papas | G69: 1000 | H69: 20 | J69: =+IFERROR(O69/N69,0) -> 0.43402778 | K69: =+IFERROR(S69/V69,0) -> 0.43402778 | M69: =IF(N69-O69-P69<0,0,N69-O69-P69) -> 652 | N69: =+IFERROR(AC69*AI69,0) -> 1152 | O69: =+(X69*Z69)+Y69 -> 500 | R69: =+IFERROR(SUMIFS('Stock CD'!D:D,C277,'Stock CD'!C:C),0) -> 0 | S69: =+R69+O69 -> 500 | U69: =+IFERROR(VLOOKUP(C69,'Stock CD'!B:I,8,0),0) -> 0 | V69: =+U69+N69 -> 1152 | X69: =+SUMIFS('Conteo 24-02'!F:F,'Conteo 24-02'!$A:$A,$C69) -> 0 | Y69: =+SUMIFS('Conteo 24-02'!G:G,'Conteo 24-02'!$A:$A,$C69) -> 500 | Z69: 1000 | AB69: Grafica Pol | AC69: =IF(C69="Corb-LK",SUMIFS('Est Madre LK 10-25'!C:C,'Est Madre LK 10-25'!D:D,"si"),IF(C69="Corb-CH",SUMIFS('Est Madre CH 10-25'!C:C,'Est Madre CH 10-25'!D:D,"si"),0)+IFERROR(VLOOKUP(C69,'Est Madre LK 10-25'!$A:$C,3,),IFERROR(VLOOKUP(C69,'Est Madre CH 10-25'!$A:$C,3,),0))) -> 384 | AD69: 12000 | AE69: 25 | AF69: 68.57028 | AG69: Huevo | AH69: HUEVO | AI69: 3 | AK69: 100 | AL69: 0
A70: Grafica Pol | B70: 1206700 | C70: 534 | D70: =+VLOOKUP(C70,'Conteo 24-02'!$A$8:$D$246,4,0) -> #N/A | E70: LK | F70: Cepillo Lava Vajilla | J70: =+IFERROR(O70/N70,0) -> 0 | K70: =+IFERROR(S70/V70,0) -> 0 | M70: =IF(N70-O70-P70<0,0,N70-O70-P70) -> 432 | N70: =+IFERROR(AC70*AI70,0) -> 432 | O70: =+(X70*Z70)+Y70 -> 0 | R70: =+IFERROR(SUMIFS('Stock CD'!D:D,C279,'Stock CD'!C:C),0) -> 0 | S70: =+R70+O70 -> 0 | U70: =+IFERROR(VLOOKUP(C70,'Stock CD'!B:I,8,0),0) -> 0 | V70: =+U70+N70 -> 432 | X70: =+SUMIFS('Conteo 24-02'!F:F,'Conteo 24-02'!$A:$A,$C70) -> 0 | Y70: =+SUMIFS('Conteo 24-02'!G:G,'Conteo 24-02'!$A:$A,$C70) -> 0 | Z70: 1000 | AB70: Grafica Pol | AC70: =IF(C70="Corb-LK",SUMIFS('Est Madre LK 10-25'!C:C,'Est Madre LK 10-25'!D:D,"si"),IF(C70="Corb-CH",SUMIFS('Est Madre CH 10-25'!C:C,'Est Madre CH 10-25'!D:D,"si"),0)+IFERROR(VLOOKUP(C70,'Est Madre LK 10-25'!$A:$C,3,),IFERROR(VLOOKUP(C70,'Est Madre CH 10-25'!$A:$C,3,),0))) -> 144 | AD70: 25000 | AE70: 25 | AF70: 0 | AG70: Huevo | AH70: HUEVO | AI70: 3 | AK70: 100 | AL70: 0
A71: Grafica Pol | B71: 1206700 | C71: 555 | D71: =+VLOOKUP(C71,'Conteo 24-02'!$A$8:$D$246,4,0) -> V2E | E71: LK | F71: Cepillo Limpia Bombilla | G71: 4000 | H71: 19 | J71: =+IFERROR(O71/N71,0) -> 0.37037037 | K71: =+IFERROR(S71/V71,0) -> 0.37037037 | M71: =IF(N71-O71-P71<0,0,N71-O71-P71) -> 3400 | N71: =+IFERROR(AC71*AI71,0) -> 5400 | O71: =+(X71*Z71)+Y71 -> 2000 | R71: =+IFERROR(SUMIFS('Stock CD'!D:D,C280,'Stock CD'!C:C),0) -> 0 | S71: =+R71+O71 -> 2000 | U71: =+IFERROR(VLOOKUP(C71,'Stock CD'!B:I,8,0),0) -> 0 | V71: =+U71+N71 -> 5400 | X71: =+SUMIFS('Conteo 24-02'!F:F,'Conteo 24-02'!$A:$A,$C71) -> 2 | Y71: =+SUMIFS('Conteo 24-02'!G:G,'Conteo 24-02'!$A:$A,$C71) -> 0 | Z71: 1000 | AB71: Grafica Pol | AC71: =IF(C71="Corb-LK",SUMIFS('Est Madre LK 10-25'!C:C,'Est Madre LK 10-25'!D:D,"si"),IF(C71="Corb-CH",SUMIFS('Est Madre CH 10-25'!C:C,'Est Madre CH 10-25'!D:D,"si"),0)+IFERROR(VLOOKUP(C71,'Est Madre LK 10-25'!$A:$C,3,),IFERROR(VLOOKUP(C71,'Est Madre CH 10-25'!$A:$C,3,),0))) -> 1800 | AD71: 25000 | AE71: 25 | AF71: 0 | AG71: Huevo | AH71: HUEVO | AI71: 3 | AK71: 100 | AL71: 0
A72: Grafica Pol | B72: 1206700 | C72: 535 | D72: =+VLOOKUP(C72,'Conteo 24-02'!$A$8:$D$246,4,0) -> L3C | E72: LK | F72: Cepillo Limpia Mamadera | J72: =+IFERROR(O72/N72,0) -> 1.0784933 | K72: =+IFERROR(S72/V72,0) -> 1.0784933 | M72: =IF(N72-O72-P72<0,0,N72-O72-P72) -> 0 | N72: =+IFERROR(AC72*AI72,0) -> 4752 | O72: =+(X72*Z72)+Y72 -> 5125 | R72: =+IFERROR(SUMIFS('Stock CD'!D:D,C281,'Stock CD'!C:C),0) -> 0 | S72: =+R72+O72 -> 5125 | U72: =+IFERROR(VLOOKUP(C72,'Stock CD'!B:I,8,0),0) -> 0 | V72: =+U72+N72 -> 4752 | X72: =+SUMIFS('Conteo 24-02'!F:F,'Conteo 24-02'!$A:$A,$C72) -> 4 | Y72: =+SUMIFS('Conteo 24-02'!G:G,'Conteo 24-02'!$A:$A,$C72) -> 1125 | Z72: 1000 | AB72: Grafica Pol | AC72: =IF(C72="Corb-LK",SUMIFS('Est Madre LK 10-25'!C:C,'Est Madre LK 10-25'!D:D,"si"),IF(C72="Corb-CH",SUMIFS('Est Madre CH 10-25'!C:C,'Est Madre CH 10-25'!D:D,"si"),0)+IFERROR(VLOOKUP(C72,'Est Madre LK 10-25'!$A:$C,3,),IFERROR(VLOOKUP(C72,'Est Madre CH 10-25'!$A:$C,3,),0))) -> 1584 | AD72: 25000 | AE72: 25 | AF72: 0 | AG72: Huevo | AH72: HUEVO | AI72: 3 | AK72: 100 | AL72: 0
